2026-07-26 21:15:01,229 [INFO] __main__: Запуск бота ObunaHub...
2026-07-26 21:15:01,681 [INFO] __main__: Все роутеры и мидлвари зарегистрированы.
2026-07-26 21:15:01,681 [INFO] __main__: Администраторы: [8563966849]
2026-07-26 21:15:03,645 [INFO] __main__: Бот запущен, ожидаю сообщения...
2026-07-26 21:15:03,645 [INFO] aiogram.dispatcher: Start polling
2026-07-26 21:15:03,737 [INFO] aiogram.dispatcher: Run polling for bot @ObunaHub_bot id=8931940625 - 'ObunaHub_Bot'
2026-07-26 21:15:33,008 [INFO] __main__: Запуск бота ObunaHub...
2026-07-26 21:15:33,322 [INFO] __main__: Все роутеры и мидлвари зарегистрированы.
2026-07-26 21:15:33,323 [INFO] __main__: Администраторы: [8563966849]
2026-07-26 21:15:33,639 [INFO] __main__: Бот запущен, ожидаю сообщения...
2026-07-26 21:15:33,639 [INFO] aiogram.dispatcher: Start polling
2026-07-26 21:15:33,740 [INFO] aiogram.dispatcher: Run polling for bot @ObunaHub_bot id=8931940625 - 'ObunaHub_Bot'
2026-07-26 21:15:33,835 [ERROR] aiogram.dispatcher: Failed to fetch updates - TelegramConflictError: Telegram server says - Conflict: terminated by other getUpdates request; make sure that only one bot instance is running
2026-07-26 21:15:33,835 [WARNING] aiogram.dispatcher: Sleep for 1.000000 seconds and try again... (tryings = 0, bot id = 8931940625)
2026-07-26 21:15:37,940 [ERROR] aiogram.dispatcher: Failed to fetch updates - TelegramConflictError: Telegram server says - Conflict: terminated by other getUpdates request; make sure that only one bot instance is running
2026-07-26 21:15:37,940 [WARNING] aiogram.dispatcher: Sleep for 1.000000 seconds and try again... (tryings = 0, bot id = 8931940625)
2026-07-26 21:15:39,030 [ERROR] aiogram.dispatcher: Failed to fetch updates - TelegramConflictError: Telegram server says - Conflict: terminated by other getUpdates request; make sure that only one bot instance is running
2026-07-26 21:15:39,031 [WARNING] aiogram.dispatcher: Sleep for 1.392174 seconds and try again... (tryings = 1, bot id = 8931940625)
2026-07-26 21:15:43,520 [ERROR] aiogram.dispatcher: Failed to fetch updates - TelegramConflictError: Telegram server says - Conflict: terminated by other getUpdates request; make sure that only one bot instance is running
2026-07-26 21:15:43,520 [WARNING] aiogram.dispatcher: Sleep for 1.098594 seconds and try again... (tryings = 1, bot id = 8931940625)
2026-07-26 21:15:44,718 [ERROR] aiogram.dispatcher: Failed to fetch updates - TelegramConflictError: Telegram server says - Conflict: terminated by other getUpdates request; make sure that only one bot instance is running
2026-07-26 21:15:44,719 [WARNING] aiogram.dispatcher: Sleep for 1.891041 seconds and try again... (tryings = 2, bot id = 8931940625)
2026-07-26 21:15:47,216 [INFO] aiogram.dispatcher: Connection established (tryings = 3, bot id = 8931940625)
2026-07-26 21:15:47,833 [INFO] aiogram.event: Update id=226636383 is handled. Duration 615 ms by bot id=8931940625
2026-07-26 21:15:49,718 [ERROR] aiogram.dispatcher: Failed to fetch updates - TelegramConflictError: Telegram server says - Conflict: terminated by other getUpdates request; make sure that only one bot instance is running
2026-07-26 21:15:49,719 [WARNING] aiogram.dispatcher: Sleep for 1.506289 seconds and try again... (tryings = 2, bot id = 8931940625)
2026-07-26 21:15:51,336 [ERROR] aiogram.dispatcher: Failed to fetch updates - TelegramConflictError: Telegram server says - Conflict: terminated by other getUpdates request; make sure that only one bot instance is running
2026-07-26 21:15:51,336 [WARNING] aiogram.dispatcher: Sleep for 1.000000 seconds and try again... (tryings = 0, bot id = 8931940625)
2026-07-26 21:15:51,753 [INFO] aiogram.dispatcher: Connection established (tryings = 3, bot id = 8931940625)
2026-07-26 21:15:52,164 [ERROR] handlers.user.stock: cb_stock error: Telegram server says - Bad Request: there is no caption in the message to edit
Traceback (most recent call last):
  File "C:\Users\riskyyy\Desktop\ObunaHubShop\handlers\user\stock.py", line 47, in cb_stock
    await callback.message.edit_media(
    ...<2 lines>...
    )
  File "C:\Users\riskyyy\AppData\Roaming\Python\Python314\site-packages\aiogram\methods\base.py", line 82, in emit
    return await bot(self)
           ^^^^^^^^^^^^^^^
  File "C:\Users\riskyyy\AppData\Roaming\Python\Python314\site-packages\aiogram\client\bot.py", line 509, in __call__
    return await self.session(self, method, timeout=request_timeout)
           ^^^^^^^^^^^^^^^^^^^^^^^^^^^^^^^^^^^^^^^^^^^^^^^^^^^^^^^^^
  File "C:\Users\riskyyy\AppData\Roaming\Python\Python314\site-packages\aiogram\client\session\base.py", line 259, in __call__
    return cast(TelegramType, await middleware(bot, method))
                              ^^^^^^^^^^^^^^^^^^^^^^^^^^^^^
  File "C:\Users\riskyyy\AppData\Roaming\Python\Python314\site-packages\aiogram\client\session\aiohttp.py", line 177, in make_request
    response = self.check_response(
        bot=bot,
    ...<2 lines>...
        content=raw_result,
    )
  File "C:\Users\riskyyy\AppData\Roaming\Python\Python314\site-packages\aiogram\client\session\base.py", line 121, in check_response
    raise TelegramBadRequest(method=method, message=description)
aiogram.exceptions.TelegramBadRequest: Telegram server says - Bad Request: wrong remote file identifier specified: Wrong padding in the string

During handling of the above exception, another exception occurred:

Traceback (most recent call last):
  File "C:\Users\riskyyy\Desktop\ObunaHubShop\handlers\user\stock.py", line 52, in cb_stock
    await callback.message.edit_caption(caption=text, reply_markup=kb, parse_mode="HTML")
  File "C:\Users\riskyyy\AppData\Roaming\Python\Python314\site-packages\aiogram\methods\base.py", line 82, in emit
    return await bot(self)
           ^^^^^^^^^^^^^^^
  File "C:\Users\riskyyy\AppData\Roaming\Python\Python314\site-packages\aiogram\client\bot.py", line 509, in __call__
    return await self.session(self, method, timeout=request_timeout)
           ^^^^^^^^^^^^^^^^^^^^^^^^^^^^^^^^^^^^^^^^^^^^^^^^^^^^^^^^^
  File "C:\Users\riskyyy\AppData\Roaming\Python\Python314\site-packages\aiogram\client\session\base.py", line 259, in __call__
    return cast(TelegramType, await middleware(bot, method))
                              ^^^^^^^^^^^^^^^^^^^^^^^^^^^^^
  File "C:\Users\riskyyy\AppData\Roaming\Python\Python314\site-packages\aiogram\client\session\aiohttp.py", line 177, in make_request
    response = self.check_response(
        bot=bot,
    ...<2 lines>...
        content=raw_result,
    )
  File "C:\Users\riskyyy\AppData\Roaming\Python\Python314\site-packages\aiogram\client\session\base.py", line 121, in check_response
    raise TelegramBadRequest(method=method, message=description)
aiogram.exceptions.TelegramBadRequest: Telegram server says - Bad Request: there is no caption in the message to edit
2026-07-26 21:15:52,438 [INFO] aiogram.event: Update id=226636384 is handled. Duration 684 ms by bot id=8931940625
2026-07-26 21:15:54,772 [INFO] aiogram.dispatcher: Connection established (tryings = 1, bot id = 8931940625)
2026-07-26 21:15:55,024 [ERROR] handlers.user.catalog: cb_catalog error: Telegram server says - Bad Request: there is no caption in the message to edit
Traceback (most recent call last):
  File "C:\Users\riskyyy\Desktop\ObunaHubShop\handlers\user\catalog.py", line 45, in cb_catalog
    await callback.message.edit_media(
    ...<2 lines>...
    )
  File "C:\Users\riskyyy\AppData\Roaming\Python\Python314\site-packages\aiogram\methods\base.py", line 82, in emit
    return await bot(self)
           ^^^^^^^^^^^^^^^
  File "C:\Users\riskyyy\AppData\Roaming\Python\Python314\site-packages\aiogram\client\bot.py", line 509, in __call__
    return await self.session(self, method, timeout=request_timeout)
           ^^^^^^^^^^^^^^^^^^^^^^^^^^^^^^^^^^^^^^^^^^^^^^^^^^^^^^^^^
  File "C:\Users\riskyyy\AppData\Roaming\Python\Python314\site-packages\aiogram\client\session\base.py", line 259, in __call__
    return cast(TelegramType, await middleware(bot, method))
                              ^^^^^^^^^^^^^^^^^^^^^^^^^^^^^
  File "C:\Users\riskyyy\AppData\Roaming\Python\Python314\site-packages\aiogram\client\session\aiohttp.py", line 177, in make_request
    response = self.check_response(
        bot=bot,
    ...<2 lines>...
        content=raw_result,
    )
  File "C:\Users\riskyyy\AppData\Roaming\Python\Python314\site-packages\aiogram\client\session\base.py", line 121, in check_response
    raise TelegramBadRequest(method=method, message=description)
aiogram.exceptions.TelegramBadRequest: Telegram server says - Bad Request: wrong remote file identifier specified: Wrong padding in the string

During handling of the above exception, another exception occurred:

Traceback (most recent call last):
  File "C:\Users\riskyyy\Desktop\ObunaHubShop\handlers\user\catalog.py", line 50, in cb_catalog
    await callback.message.edit_caption(caption=text, reply_markup=kb, parse_mode="HTML")
  File "C:\Users\riskyyy\AppData\Roaming\Python\Python314\site-packages\aiogram\methods\base.py", line 82, in emit
    return await bot(self)
           ^^^^^^^^^^^^^^^
  File "C:\Users\riskyyy\AppData\Roaming\Python\Python314\site-packages\aiogram\client\bot.py", line 509, in __call__
    return await self.session(self, method, timeout=request_timeout)
           ^^^^^^^^^^^^^^^^^^^^^^^^^^^^^^^^^^^^^^^^^^^^^^^^^^^^^^^^^
  File "C:\Users\riskyyy\AppData\Roaming\Python\Python314\site-packages\aiogram\client\session\base.py", line 259, in __call__
    return cast(TelegramType, await middleware(bot, method))
                              ^^^^^^^^^^^^^^^^^^^^^^^^^^^^^
  File "C:\Users\riskyyy\AppData\Roaming\Python\Python314\site-packages\aiogram\client\session\aiohttp.py", line 177, in make_request
    response = self.check_response(
        bot=bot,
    ...<2 lines>...
        content=raw_result,
    )
  File "C:\Users\riskyyy\AppData\Roaming\Python\Python314\site-packages\aiogram\client\session\base.py", line 121, in check_response
    raise TelegramBadRequest(method=method, message=description)
aiogram.exceptions.TelegramBadRequest: Telegram server says - Bad Request: there is no caption in the message to edit
2026-07-26 21:15:55,254 [INFO] aiogram.event: Update id=226636385 is handled. Duration 481 ms by bot id=8931940625
2026-07-26 21:15:55,456 [ERROR] aiogram.dispatcher: Failed to fetch updates - TelegramConflictError: Telegram server says - Conflict: terminated by other getUpdates request; make sure that only one bot instance is running
2026-07-26 21:15:55,456 [WARNING] aiogram.dispatcher: Sleep for 1.000000 seconds and try again... (tryings = 0, bot id = 8931940625)
2026-07-26 21:15:56,553 [ERROR] aiogram.dispatcher: Failed to fetch updates - TelegramConflictError: Telegram server says - Conflict: terminated by other getUpdates request; make sure that only one bot instance is running
2026-07-26 21:15:56,553 [WARNING] aiogram.dispatcher: Sleep for 1.000000 seconds and try again... (tryings = 0, bot id = 8931940625)
2026-07-26 21:15:57,561 [INFO] aiogram.dispatcher: Connection established (tryings = 1, bot id = 8931940625)
2026-07-26 21:15:57,777 [ERROR] handlers.user.info: cb_info error: Telegram server says - Bad Request: there is no caption in the message to edit
Traceback (most recent call last):
  File "C:\Users\riskyyy\Desktop\ObunaHubShop\handlers\user\info.py", line 38, in cb_info
    await callback.message.edit_media(
    ...<2 lines>...
    )
  File "C:\Users\riskyyy\AppData\Roaming\Python\Python314\site-packages\aiogram\methods\base.py", line 82, in emit
    return await bot(self)
           ^^^^^^^^^^^^^^^
  File "C:\Users\riskyyy\AppData\Roaming\Python\Python314\site-packages\aiogram\client\bot.py", line 509, in __call__
    return await self.session(self, method, timeout=request_timeout)
           ^^^^^^^^^^^^^^^^^^^^^^^^^^^^^^^^^^^^^^^^^^^^^^^^^^^^^^^^^
  File "C:\Users\riskyyy\AppData\Roaming\Python\Python314\site-packages\aiogram\client\session\base.py", line 259, in __call__
    return cast(TelegramType, await middleware(bot, method))
                              ^^^^^^^^^^^^^^^^^^^^^^^^^^^^^
  File "C:\Users\riskyyy\AppData\Roaming\Python\Python314\site-packages\aiogram\client\session\aiohttp.py", line 177, in make_request
    response = self.check_response(
        bot=bot,
    ...<2 lines>...
        content=raw_result,
    )
  File "C:\Users\riskyyy\AppData\Roaming\Python\Python314\site-packages\aiogram\client\session\base.py", line 121, in check_response
    raise TelegramBadRequest(method=method, message=description)
aiogram.exceptions.TelegramBadRequest: Telegram server says - Bad Request: wrong remote file identifier specified: Wrong padding in the string

During handling of the above exception, another exception occurred:

Traceback (most recent call last):
  File "C:\Users\riskyyy\Desktop\ObunaHubShop\handlers\user\info.py", line 43, in cb_info
    await callback.message.edit_caption(caption=info_text, reply_markup=kb, parse_mode="HTML")
  File "C:\Users\riskyyy\AppData\Roaming\Python\Python314\site-packages\aiogram\methods\base.py", line 82, in emit
    return await bot(self)
           ^^^^^^^^^^^^^^^
  File "C:\Users\riskyyy\AppData\Roaming\Python\Python314\site-packages\aiogram\client\bot.py", line 509, in __call__
    return await self.session(self, method, timeout=request_timeout)
           ^^^^^^^^^^^^^^^^^^^^^^^^^^^^^^^^^^^^^^^^^^^^^^^^^^^^^^^^^
  File "C:\Users\riskyyy\AppData\Roaming\Python\Python314\site-packages\aiogram\client\session\base.py", line 259, in __call__
    return cast(TelegramType, await middleware(bot, method))
                              ^^^^^^^^^^^^^^^^^^^^^^^^^^^^^
  File "C:\Users\riskyyy\AppData\Roaming\Python\Python314\site-packages\aiogram\client\session\aiohttp.py", line 177, in make_request
    response = self.check_response(
        bot=bot,
    ...<2 lines>...
        content=raw_result,
    )
  File "C:\Users\riskyyy\AppData\Roaming\Python\Python314\site-packages\aiogram\client\session\base.py", line 121, in check_response
    raise TelegramBadRequest(method=method, message=description)
aiogram.exceptions.TelegramBadRequest: Telegram server says - Bad Request: there is no caption in the message to edit
2026-07-26 21:15:57,986 [INFO] aiogram.event: Update id=226636386 is handled. Duration 423 ms by bot id=8931940625
2026-07-26 21:16:00,663 [ERROR] aiogram.dispatcher: Failed to fetch updates - TelegramConflictError: Telegram server says - Conflict: terminated by other getUpdates request; make sure that only one bot instance is running
2026-07-26 21:16:00,663 [WARNING] aiogram.dispatcher: Sleep for 1.000000 seconds and try again... (tryings = 0, bot id = 8931940625)
2026-07-26 21:16:01,774 [ERROR] aiogram.dispatcher: Failed to fetch updates - TelegramConflictError: Telegram server says - Conflict: terminated by other getUpdates request; make sure that only one bot instance is running
2026-07-26 21:16:01,774 [WARNING] aiogram.dispatcher: Sleep for 1.289609 seconds and try again... (tryings = 1, bot id = 8931940625)
2026-07-26 21:16:06,165 [ERROR] aiogram.dispatcher: Failed to fetch updates - TelegramConflictError: Telegram server says - Conflict: terminated by other getUpdates request; make sure that only one bot instance is running
2026-07-26 21:16:06,165 [WARNING] aiogram.dispatcher: Sleep for 1.180794 seconds and try again... (tryings = 1, bot id = 8931940625)
2026-07-26 21:16:07,456 [ERROR] aiogram.dispatcher: Failed to fetch updates - TelegramConflictError: Telegram server says - Conflict: terminated by other getUpdates request; make sure that only one bot instance is running
2026-07-26 21:16:07,457 [WARNING] aiogram.dispatcher: Sleep for 1.660272 seconds and try again... (tryings = 2, bot id = 8931940625)
2026-07-26 21:16:12,217 [ERROR] aiogram.dispatcher: Failed to fetch updates - TelegramConflictError: Telegram server says - Conflict: terminated by other getUpdates request; make sure that only one bot instance is running
2026-07-26 21:16:12,217 [WARNING] aiogram.dispatcher: Sleep for 1.432077 seconds and try again... (tryings = 2, bot id = 8931940625)
2026-07-26 21:16:13,766 [ERROR] aiogram.dispatcher: Failed to fetch updates - TelegramConflictError: Telegram server says - Conflict: terminated by other getUpdates request; make sure that only one bot instance is running
2026-07-26 21:16:13,766 [WARNING] aiogram.dispatcher: Sleep for 1.967545 seconds and try again... (tryings = 3, bot id = 8931940625)
2026-07-26 21:16:18,821 [ERROR] aiogram.dispatcher: Failed to fetch updates - TelegramConflictError: Telegram server says - Conflict: terminated by other getUpdates request; make sure that only one bot instance is running
2026-07-26 21:16:18,821 [WARNING] aiogram.dispatcher: Sleep for 1.867100 seconds and try again... (tryings = 3, bot id = 8931940625)
2026-07-26 21:16:20,788 [ERROR] aiogram.dispatcher: Failed to fetch updates - TelegramConflictError: Telegram server says - Conflict: terminated by other getUpdates request; make sure that only one bot instance is running
2026-07-26 21:16:20,789 [WARNING] aiogram.dispatcher: Sleep for 2.687784 seconds and try again... (tryings = 4, bot id = 8931940625)
2026-07-26 21:16:26,590 [ERROR] aiogram.dispatcher: Failed to fetch updates - TelegramConflictError: Telegram server says - Conflict: terminated by other getUpdates request; make sure that only one bot instance is running
2026-07-26 21:16:26,591 [WARNING] aiogram.dispatcher: Sleep for 2.369593 seconds and try again... (tryings = 4, bot id = 8931940625)
2026-07-26 21:16:29,027 [INFO] aiogram.dispatcher: Connection established (tryings = 5, bot id = 8931940625)
2026-07-26 21:16:29,057 [INFO] aiogram.dispatcher: Connection established (tryings = 5, bot id = 8931940625)
2026-07-26 21:16:29,146 [ERROR] aiogram.dispatcher: Failed to fetch updates - TelegramConflictError: Telegram server says - Conflict: terminated by other getUpdates request; make sure that only one bot instance is running
2026-07-26 21:16:29,146 [WARNING] aiogram.dispatcher: Sleep for 1.000000 seconds and try again... (tryings = 0, bot id = 8931940625)
2026-07-26 21:16:29,263 [ERROR] handlers.user.stock: cb_stock error: Telegram server says - Bad Request: there is no caption in the message to edit
Traceback (most recent call last):
  File "C:\Users\riskyyy\Desktop\ObunaHubShop\handlers\user\stock.py", line 47, in cb_stock
    await callback.message.edit_media(
    ...<2 lines>...
    )
  File "C:\Users\riskyyy\AppData\Roaming\Python\Python314\site-packages\aiogram\methods\base.py", line 82, in emit
    return await bot(self)
           ^^^^^^^^^^^^^^^
  File "C:\Users\riskyyy\AppData\Roaming\Python\Python314\site-packages\aiogram\client\bot.py", line 509, in __call__
    return await self.session(self, method, timeout=request_timeout)
           ^^^^^^^^^^^^^^^^^^^^^^^^^^^^^^^^^^^^^^^^^^^^^^^^^^^^^^^^^
  File "C:\Users\riskyyy\AppData\Roaming\Python\Python314\site-packages\aiogram\client\session\base.py", line 259, in __call__
    return cast(TelegramType, await middleware(bot, method))
                              ^^^^^^^^^^^^^^^^^^^^^^^^^^^^^
  File "C:\Users\riskyyy\AppData\Roaming\Python\Python314\site-packages\aiogram\client\session\aiohttp.py", line 177, in make_request
    response = self.check_response(
        bot=bot,
    ...<2 lines>...
        content=raw_result,
    )
  File "C:\Users\riskyyy\AppData\Roaming\Python\Python314\site-packages\aiogram\client\session\base.py", line 121, in check_response
    raise TelegramBadRequest(method=method, message=description)
aiogram.exceptions.TelegramBadRequest: Telegram server says - Bad Request: wrong remote file identifier specified: Wrong padding in the string

During handling of the above exception, another exception occurred:

Traceback (most recent call last):
  File "C:\Users\riskyyy\Desktop\ObunaHubShop\handlers\user\stock.py", line 52, in cb_stock
    await callback.message.edit_caption(caption=text, reply_markup=kb, parse_mode="HTML")
  File "C:\Users\riskyyy\AppData\Roaming\Python\Python314\site-packages\aiogram\methods\base.py", line 82, in emit
    return await bot(self)
           ^^^^^^^^^^^^^^^
  File "C:\Users\riskyyy\AppData\Roaming\Python\Python314\site-packages\aiogram\client\bot.py", line 509, in __call__
    return await self.session(self, method, timeout=request_timeout)
           ^^^^^^^^^^^^^^^^^^^^^^^^^^^^^^^^^^^^^^^^^^^^^^^^^^^^^^^^^
  File "C:\Users\riskyyy\AppData\Roaming\Python\Python314\site-packages\aiogram\client\session\base.py", line 259, in __call__
    return cast(TelegramType, await middleware(bot, method))
                              ^^^^^^^^^^^^^^^^^^^^^^^^^^^^^
  File "C:\Users\riskyyy\AppData\Roaming\Python\Python314\site-packages\aiogram\client\session\aiohttp.py", line 177, in make_request
    response = self.check_response(
        bot=bot,
    ...<2 lines>...
        content=raw_result,
    )
  File "C:\Users\riskyyy\AppData\Roaming\Python\Python314\site-packages\aiogram\client\session\base.py", line 121, in check_response
    raise TelegramBadRequest(method=method, message=description)
aiogram.exceptions.TelegramBadRequest: Telegram server says - Bad Request: there is no caption in the message to edit
2026-07-26 21:16:29,266 [ERROR] handlers.user.stock: cb_stock error: Telegram server says - Bad Request: there is no caption in the message to edit
Traceback (most recent call last):
  File "C:\Users\riskyyy\Desktop\ObunaHubShop\handlers\user\stock.py", line 47, in cb_stock
    await callback.message.edit_media(
    ...<2 lines>...
    )
  File "C:\Users\riskyyy\AppData\Roaming\Python\Python314\site-packages\aiogram\methods\base.py", line 82, in emit
    return await bot(self)
           ^^^^^^^^^^^^^^^
  File "C:\Users\riskyyy\AppData\Roaming\Python\Python314\site-packages\aiogram\client\bot.py", line 509, in __call__
    return await self.session(self, method, timeout=request_timeout)
           ^^^^^^^^^^^^^^^^^^^^^^^^^^^^^^^^^^^^^^^^^^^^^^^^^^^^^^^^^
  File "C:\Users\riskyyy\AppData\Roaming\Python\Python314\site-packages\aiogram\client\session\base.py", line 259, in __call__
    return cast(TelegramType, await middleware(bot, method))
                              ^^^^^^^^^^^^^^^^^^^^^^^^^^^^^
  File "C:\Users\riskyyy\AppData\Roaming\Python\Python314\site-packages\aiogram\client\session\aiohttp.py", line 177, in make_request
    response = self.check_response(
        bot=bot,
    ...<2 lines>...
        content=raw_result,
    )
  File "C:\Users\riskyyy\AppData\Roaming\Python\Python314\site-packages\aiogram\client\session\base.py", line 121, in check_response
    raise TelegramBadRequest(method=method, message=description)
aiogram.exceptions.TelegramBadRequest: Telegram server says - Bad Request: wrong remote file identifier specified: Wrong padding in the string

During handling of the above exception, another exception occurred:

Traceback (most recent call last):
  File "C:\Users\riskyyy\Desktop\ObunaHubShop\handlers\user\stock.py", line 52, in cb_stock
    await callback.message.edit_caption(caption=text, reply_markup=kb, parse_mode="HTML")
  File "C:\Users\riskyyy\AppData\Roaming\Python\Python314\site-packages\aiogram\methods\base.py", line 82, in emit
    return await bot(self)
           ^^^^^^^^^^^^^^^
  File "C:\Users\riskyyy\AppData\Roaming\Python\Python314\site-packages\aiogram\client\bot.py", line 509, in __call__
    return await self.session(self, method, timeout=request_timeout)
           ^^^^^^^^^^^^^^^^^^^^^^^^^^^^^^^^^^^^^^^^^^^^^^^^^^^^^^^^^
  File "C:\Users\riskyyy\AppData\Roaming\Python\Python314\site-packages\aiogram\client\session\base.py", line 259, in __call__
    return cast(TelegramType, await middleware(bot, method))
                              ^^^^^^^^^^^^^^^^^^^^^^^^^^^^^
  File "C:\Users\riskyyy\AppData\Roaming\Python\Python314\site-packages\aiogram\client\session\aiohttp.py", line 177, in make_request
    response = self.check_response(
        bot=bot,
    ...<2 lines>...
        content=raw_result,
    )
  File "C:\Users\riskyyy\AppData\Roaming\Python\Python314\site-packages\aiogram\client\session\base.py", line 121, in check_response
    raise TelegramBadRequest(method=method, message=description)
aiogram.exceptions.TelegramBadRequest: Telegram server says - Bad Request: there is no caption in the message to edit
2026-07-26 21:16:29,474 [INFO] aiogram.event: Update id=226636387 is handled. Duration 415 ms by bot id=8931940625
2026-07-26 21:16:29,505 [INFO] aiogram.event: Update id=226636387 is handled. Duration 477 ms by bot id=8931940625
2026-07-26 21:16:30,376 [ERROR] handlers.user.info: cb_info error: Telegram server says - Bad Request: there is no caption in the message to edit
Traceback (most recent call last):
  File "C:\Users\riskyyy\Desktop\ObunaHubShop\handlers\user\info.py", line 38, in cb_info
    await callback.message.edit_media(
    ...<2 lines>...
    )
  File "C:\Users\riskyyy\AppData\Roaming\Python\Python314\site-packages\aiogram\methods\base.py", line 82, in emit
    return await bot(self)
           ^^^^^^^^^^^^^^^
  File "C:\Users\riskyyy\AppData\Roaming\Python\Python314\site-packages\aiogram\client\bot.py", line 509, in __call__
    return await self.session(self, method, timeout=request_timeout)
           ^^^^^^^^^^^^^^^^^^^^^^^^^^^^^^^^^^^^^^^^^^^^^^^^^^^^^^^^^
  File "C:\Users\riskyyy\AppData\Roaming\Python\Python314\site-packages\aiogram\client\session\base.py", line 259, in __call__
    return cast(TelegramType, await middleware(bot, method))
                              ^^^^^^^^^^^^^^^^^^^^^^^^^^^^^
  File "C:\Users\riskyyy\AppData\Roaming\Python\Python314\site-packages\aiogram\client\session\aiohttp.py", line 177, in make_request
    response = self.check_response(
        bot=bot,
    ...<2 lines>...
        content=raw_result,
    )
  File "C:\Users\riskyyy\AppData\Roaming\Python\Python314\site-packages\aiogram\client\session\base.py", line 121, in check_response
    raise TelegramBadRequest(method=method, message=description)
aiogram.exceptions.TelegramBadRequest: Telegram server says - Bad Request: wrong remote file identifier specified: Wrong padding in the string

During handling of the above exception, another exception occurred:

Traceback (most recent call last):
  File "C:\Users\riskyyy\Desktop\ObunaHubShop\handlers\user\info.py", line 43, in cb_info
    await callback.message.edit_caption(caption=info_text, reply_markup=kb, parse_mode="HTML")
  File "C:\Users\riskyyy\AppData\Roaming\Python\Python314\site-packages\aiogram\methods\base.py", line 82, in emit
    return await bot(self)
           ^^^^^^^^^^^^^^^
  File "C:\Users\riskyyy\AppData\Roaming\Python\Python314\site-packages\aiogram\client\bot.py", line 509, in __call__
    return await self.session(self, method, timeout=request_timeout)
           ^^^^^^^^^^^^^^^^^^^^^^^^^^^^^^^^^^^^^^^^^^^^^^^^^^^^^^^^^
  File "C:\Users\riskyyy\AppData\Roaming\Python\Python314\site-packages\aiogram\client\session\base.py", line 259, in __call__
    return cast(TelegramType, await middleware(bot, method))
                              ^^^^^^^^^^^^^^^^^^^^^^^^^^^^^
  File "C:\Users\riskyyy\AppData\Roaming\Python\Python314\site-packages\aiogram\client\session\aiohttp.py", line 177, in make_request
    response = self.check_response(
        bot=bot,
    ...<2 lines>...
        content=raw_result,
    )
  File "C:\Users\riskyyy\AppData\Roaming\Python\Python314\site-packages\aiogram\client\session\base.py", line 121, in check_response
    raise TelegramBadRequest(method=method, message=description)
aiogram.exceptions.TelegramBadRequest: Telegram server says - Bad Request: there is no caption in the message to edit
2026-07-26 21:16:30,598 [INFO] aiogram.event: Update id=226636388 is handled. Duration 456 ms by bot id=8931940625
2026-07-26 21:16:31,994 [INFO] aiogram.dispatcher: Connection established (tryings = 1, bot id = 8931940625)
2026-07-26 21:16:32,201 [ERROR] handlers.user.catalog: cb_catalog error: Telegram server says - Bad Request: there is no caption in the message to edit
Traceback (most recent call last):
  File "C:\Users\riskyyy\Desktop\ObunaHubShop\handlers\user\catalog.py", line 45, in cb_catalog
    await callback.message.edit_media(
    ...<2 lines>...
    )
  File "C:\Users\riskyyy\AppData\Roaming\Python\Python314\site-packages\aiogram\methods\base.py", line 82, in emit
    return await bot(self)
           ^^^^^^^^^^^^^^^
  File "C:\Users\riskyyy\AppData\Roaming\Python\Python314\site-packages\aiogram\client\bot.py", line 509, in __call__
    return await self.session(self, method, timeout=request_timeout)
           ^^^^^^^^^^^^^^^^^^^^^^^^^^^^^^^^^^^^^^^^^^^^^^^^^^^^^^^^^
  File "C:\Users\riskyyy\AppData\Roaming\Python\Python314\site-packages\aiogram\client\session\base.py", line 259, in __call__
    return cast(TelegramType, await middleware(bot, method))
                              ^^^^^^^^^^^^^^^^^^^^^^^^^^^^^
  File "C:\Users\riskyyy\AppData\Roaming\Python\Python314\site-packages\aiogram\client\session\aiohttp.py", line 177, in make_request
    response = self.check_response(
        bot=bot,
    ...<2 lines>...
        content=raw_result,
    )
  File "C:\Users\riskyyy\AppData\Roaming\Python\Python314\site-packages\aiogram\client\session\base.py", line 121, in check_response
    raise TelegramBadRequest(method=method, message=description)
aiogram.exceptions.TelegramBadRequest: Telegram server says - Bad Request: wrong remote file identifier specified: Wrong padding in the string

During handling of the above exception, another exception occurred:

Traceback (most recent call last):
  File "C:\Users\riskyyy\Desktop\ObunaHubShop\handlers\user\catalog.py", line 50, in cb_catalog
    await callback.message.edit_caption(caption=text, reply_markup=kb, parse_mode="HTML")
  File "C:\Users\riskyyy\AppData\Roaming\Python\Python314\site-packages\aiogram\methods\base.py", line 82, in emit
    return await bot(self)
           ^^^^^^^^^^^^^^^
  File "C:\Users\riskyyy\AppData\Roaming\Python\Python314\site-packages\aiogram\client\bot.py", line 509, in __call__
    return await self.session(self, method, timeout=request_timeout)
           ^^^^^^^^^^^^^^^^^^^^^^^^^^^^^^^^^^^^^^^^^^^^^^^^^^^^^^^^^
  File "C:\Users\riskyyy\AppData\Roaming\Python\Python314\site-packages\aiogram\client\session\base.py", line 259, in __call__
    return cast(TelegramType, await middleware(bot, method))
                              ^^^^^^^^^^^^^^^^^^^^^^^^^^^^^
  File "C:\Users\riskyyy\AppData\Roaming\Python\Python314\site-packages\aiogram\client\session\aiohttp.py", line 177, in make_request
    response = self.check_response(
        bot=bot,
    ...<2 lines>...
        content=raw_result,
    )
  File "C:\Users\riskyyy\AppData\Roaming\Python\Python314\site-packages\aiogram\client\session\base.py", line 121, in check_response
    raise TelegramBadRequest(method=method, message=description)
aiogram.exceptions.TelegramBadRequest: Telegram server says - Bad Request: there is no caption in the message to edit
2026-07-26 21:16:32,413 [INFO] aiogram.event: Update id=226636389 is handled. Duration 418 ms by bot id=8931940625
2026-07-26 21:16:33,240 [ERROR] aiogram.dispatcher: Failed to fetch updates - TelegramConflictError: Telegram server says - Conflict: terminated by other getUpdates request; make sure that only one bot instance is running
2026-07-26 21:16:33,240 [WARNING] aiogram.dispatcher: Sleep for 1.000000 seconds and try again... (tryings = 0, bot id = 8931940625)
2026-07-26 21:16:34,359 [ERROR] aiogram.dispatcher: Failed to fetch updates - TelegramConflictError: Telegram server says - Conflict: terminated by other getUpdates request; make sure that only one bot instance is running
2026-07-26 21:16:34,359 [WARNING] aiogram.dispatcher: Sleep for 1.000000 seconds and try again... (tryings = 0, bot id = 8931940625)
2026-07-26 21:16:38,468 [ERROR] aiogram.dispatcher: Failed to fetch updates - TelegramConflictError: Telegram server says - Conflict: terminated by other getUpdates request; make sure that only one bot instance is running
2026-07-26 21:16:38,468 [WARNING] aiogram.dispatcher: Sleep for 1.321703 seconds and try again... (tryings = 1, bot id = 8931940625)
2026-07-26 21:16:39,888 [ERROR] aiogram.dispatcher: Failed to fetch updates - TelegramConflictError: Telegram server says - Conflict: terminated by other getUpdates request; make sure that only one bot instance is running
2026-07-26 21:16:39,888 [WARNING] aiogram.dispatcher: Sleep for 1.225676 seconds and try again... (tryings = 1, bot id = 8931940625)
2026-07-26 21:16:44,209 [ERROR] aiogram.dispatcher: Failed to fetch updates - TelegramConflictError: Telegram server says - Conflict: terminated by other getUpdates request; make sure that only one bot instance is running
2026-07-26 21:16:44,210 [WARNING] aiogram.dispatcher: Sleep for 1.704210 seconds and try again... (tryings = 2, bot id = 8931940625)
2026-07-26 21:16:46,028 [ERROR] aiogram.dispatcher: Failed to fetch updates - TelegramConflictError: Telegram server says - Conflict: terminated by other getUpdates request; make sure that only one bot instance is running
2026-07-26 21:16:46,028 [WARNING] aiogram.dispatcher: Sleep for 1.475197 seconds and try again... (tryings = 2, bot id = 8931940625)
2026-07-26 21:16:50,604 [ERROR] aiogram.dispatcher: Failed to fetch updates - TelegramConflictError: Telegram server says - Conflict: terminated by other getUpdates request; make sure that only one bot instance is running
2026-07-26 21:16:50,605 [WARNING] aiogram.dispatcher: Sleep for 2.255285 seconds and try again... (tryings = 3, bot id = 8931940625)
2026-07-26 21:16:52,963 [ERROR] aiogram.dispatcher: Failed to fetch updates - TelegramConflictError: Telegram server says - Conflict: terminated by other getUpdates request; make sure that only one bot instance is running
2026-07-26 21:16:52,963 [WARNING] aiogram.dispatcher: Sleep for 1.861756 seconds and try again... (tryings = 3, bot id = 8931940625)
2026-07-26 21:16:57,925 [ERROR] aiogram.dispatcher: Failed to fetch updates - TelegramConflictError: Telegram server says - Conflict: terminated by other getUpdates request; make sure that only one bot instance is running
2026-07-26 21:16:57,926 [WARNING] aiogram.dispatcher: Sleep for 2.949374 seconds and try again... (tryings = 4, bot id = 8931940625)
2026-07-26 21:17:01,000 [ERROR] aiogram.dispatcher: Failed to fetch updates - TelegramConflictError: Telegram server says - Conflict: terminated by other getUpdates request; make sure that only one bot instance is running
2026-07-26 21:17:01,000 [WARNING] aiogram.dispatcher: Sleep for 2.484383 seconds and try again... (tryings = 4, bot id = 8931940625)
2026-07-26 21:17:06,592 [ERROR] aiogram.dispatcher: Failed to fetch updates - TelegramConflictError: Telegram server says - Conflict: terminated by other getUpdates request; make sure that only one bot instance is running
2026-07-26 21:17:06,592 [WARNING] aiogram.dispatcher: Sleep for 3.830850 seconds and try again... (tryings = 5, bot id = 8931940625)
2026-07-26 21:17:10,526 [ERROR] aiogram.dispatcher: Failed to fetch updates - TelegramConflictError: Telegram server says - Conflict: terminated by other getUpdates request; make sure that only one bot instance is running
2026-07-26 21:17:10,526 [WARNING] aiogram.dispatcher: Sleep for 3.165446 seconds and try again... (tryings = 5, bot id = 8931940625)
2026-07-26 21:17:13,796 [ERROR] aiogram.dispatcher: Failed to fetch updates - TelegramConflictError: Telegram server says - Conflict: terminated by other getUpdates request; make sure that only one bot instance is running
2026-07-26 21:17:13,796 [WARNING] aiogram.dispatcher: Sleep for 4.920971 seconds and try again... (tryings = 6, bot id = 8931940625)
2026-07-26 21:17:17,984 [INFO] aiogram.dispatcher: Connection established (tryings = 6, bot id = 8931940625)
2026-07-26 21:17:18,226 [ERROR] handlers.user.catalog: cb_catalog error: Telegram server says - Bad Request: there is no caption in the message to edit
Traceback (most recent call last):
  File "C:\Users\riskyyy\Desktop\ObunaHubShop\handlers\user\catalog.py", line 45, in cb_catalog
    await callback.message.edit_media(
    ...<2 lines>...
    )
  File "C:\Users\riskyyy\AppData\Roaming\Python\Python314\site-packages\aiogram\methods\base.py", line 82, in emit
    return await bot(self)
           ^^^^^^^^^^^^^^^
  File "C:\Users\riskyyy\AppData\Roaming\Python\Python314\site-packages\aiogram\client\bot.py", line 509, in __call__
    return await self.session(self, method, timeout=request_timeout)
           ^^^^^^^^^^^^^^^^^^^^^^^^^^^^^^^^^^^^^^^^^^^^^^^^^^^^^^^^^
  File "C:\Users\riskyyy\AppData\Roaming\Python\Python314\site-packages\aiogram\client\session\base.py", line 259, in __call__
    return cast(TelegramType, await middleware(bot, method))
                              ^^^^^^^^^^^^^^^^^^^^^^^^^^^^^
  File "C:\Users\riskyyy\AppData\Roaming\Python\Python314\site-packages\aiogram\client\session\aiohttp.py", line 177, in make_request
    response = self.check_response(
        bot=bot,
    ...<2 lines>...
        content=raw_result,
    )
  File "C:\Users\riskyyy\AppData\Roaming\Python\Python314\site-packages\aiogram\client\session\base.py", line 121, in check_response
    raise TelegramBadRequest(method=method, message=description)
aiogram.exceptions.TelegramBadRequest: Telegram server says - Bad Request: wrong remote file identifier specified: Wrong padding in the string

During handling of the above exception, another exception occurred:

Traceback (most recent call last):
  File "C:\Users\riskyyy\Desktop\ObunaHubShop\handlers\user\catalog.py", line 50, in cb_catalog
    await callback.message.edit_caption(caption=text, reply_markup=kb, parse_mode="HTML")
  File "C:\Users\riskyyy\AppData\Roaming\Python\Python314\site-packages\aiogram\methods\base.py", line 82, in emit
    return await bot(self)
           ^^^^^^^^^^^^^^^
  File "C:\Users\riskyyy\AppData\Roaming\Python\Python314\site-packages\aiogram\client\bot.py", line 509, in __call__
    return await self.session(self, method, timeout=request_timeout)
           ^^^^^^^^^^^^^^^^^^^^^^^^^^^^^^^^^^^^^^^^^^^^^^^^^^^^^^^^^
  File "C:\Users\riskyyy\AppData\Roaming\Python\Python314\site-packages\aiogram\client\session\base.py", line 259, in __call__
    return cast(TelegramType, await middleware(bot, method))
                              ^^^^^^^^^^^^^^^^^^^^^^^^^^^^^
  File "C:\Users\riskyyy\AppData\Roaming\Python\Python314\site-packages\aiogram\client\session\aiohttp.py", line 177, in make_request
    response = self.check_response(
        bot=bot,
    ...<2 lines>...
        content=raw_result,
    )
  File "C:\Users\riskyyy\AppData\Roaming\Python\Python314\site-packages\aiogram\client\session\base.py", line 121, in check_response
    raise TelegramBadRequest(method=method, message=description)
aiogram.exceptions.TelegramBadRequest: Telegram server says - Bad Request: there is no caption in the message to edit
2026-07-26 21:17:18,459 [INFO] aiogram.event: Update id=226636390 is handled. Duration 474 ms by bot id=8931940625
2026-07-26 21:17:18,822 [ERROR] aiogram.dispatcher: Failed to fetch updates - TelegramConflictError: Telegram server says - Conflict: terminated by other getUpdates request; make sure that only one bot instance is running
2026-07-26 21:17:18,822 [WARNING] aiogram.dispatcher: Sleep for 1.000000 seconds and try again... (tryings = 0, bot id = 8931940625)
2026-07-26 21:17:19,731 [INFO] aiogram.dispatcher: Connection established (tryings = 7, bot id = 8931940625)
2026-07-26 21:17:20,089 [INFO] aiogram.event: Update id=226636391 is handled. Duration 357 ms by bot id=8931940625
2026-07-26 21:17:20,985 [INFO] aiogram.dispatcher: Connection established (tryings = 1, bot id = 8931940625)
2026-07-26 21:17:21,234 [ERROR] handlers.user.catalog: cb_catalog error: Telegram server says - Bad Request: there is no caption in the message to edit
Traceback (most recent call last):
  File "C:\Users\riskyyy\Desktop\ObunaHubShop\handlers\user\catalog.py", line 45, in cb_catalog
    await callback.message.edit_media(
    ...<2 lines>...
    )
  File "C:\Users\riskyyy\AppData\Roaming\Python\Python314\site-packages\aiogram\methods\base.py", line 82, in emit
    return await bot(self)
           ^^^^^^^^^^^^^^^
  File "C:\Users\riskyyy\AppData\Roaming\Python\Python314\site-packages\aiogram\client\bot.py", line 509, in __call__
    return await self.session(self, method, timeout=request_timeout)
           ^^^^^^^^^^^^^^^^^^^^^^^^^^^^^^^^^^^^^^^^^^^^^^^^^^^^^^^^^
  File "C:\Users\riskyyy\AppData\Roaming\Python\Python314\site-packages\aiogram\client\session\base.py", line 259, in __call__
    return cast(TelegramType, await middleware(bot, method))
                              ^^^^^^^^^^^^^^^^^^^^^^^^^^^^^
  File "C:\Users\riskyyy\AppData\Roaming\Python\Python314\site-packages\aiogram\client\session\aiohttp.py", line 177, in make_request
    response = self.check_response(
        bot=bot,
    ...<2 lines>...
        content=raw_result,
    )
  File "C:\Users\riskyyy\AppData\Roaming\Python\Python314\site-packages\aiogram\client\session\base.py", line 121, in check_response
    raise TelegramBadRequest(method=method, message=description)
aiogram.exceptions.TelegramBadRequest: Telegram server says - Bad Request: wrong remote file identifier specified: Wrong padding in the string

During handling of the above exception, another exception occurred:

Traceback (most recent call last):
  File "C:\Users\riskyyy\Desktop\ObunaHubShop\handlers\user\catalog.py", line 50, in cb_catalog
    await callback.message.edit_caption(caption=text, reply_markup=kb, parse_mode="HTML")
  File "C:\Users\riskyyy\AppData\Roaming\Python\Python314\site-packages\aiogram\methods\base.py", line 82, in emit
    return await bot(self)
           ^^^^^^^^^^^^^^^
  File "C:\Users\riskyyy\AppData\Roaming\Python\Python314\site-packages\aiogram\client\bot.py", line 509, in __call__
    return await self.session(self, method, timeout=request_timeout)
           ^^^^^^^^^^^^^^^^^^^^^^^^^^^^^^^^^^^^^^^^^^^^^^^^^^^^^^^^^
  File "C:\Users\riskyyy\AppData\Roaming\Python\Python314\site-packages\aiogram\client\session\base.py", line 259, in __call__
    return cast(TelegramType, await middleware(bot, method))
                              ^^^^^^^^^^^^^^^^^^^^^^^^^^^^^
  File "C:\Users\riskyyy\AppData\Roaming\Python\Python314\site-packages\aiogram\client\session\aiohttp.py", line 177, in make_request
    response = self.check_response(
        bot=bot,
    ...<2 lines>...
        content=raw_result,
    )
  File "C:\Users\riskyyy\AppData\Roaming\Python\Python314\site-packages\aiogram\client\session\base.py", line 121, in check_response
    raise TelegramBadRequest(method=method, message=description)
aiogram.exceptions.TelegramBadRequest: Telegram server says - Bad Request: there is no caption in the message to edit
2026-07-26 21:17:21,459 [INFO] aiogram.event: Update id=226636392 is handled. Duration 472 ms by bot id=8931940625
2026-07-26 21:17:22,932 [ERROR] aiogram.dispatcher: Failed to fetch updates - TelegramConflictError: Telegram server says - Conflict: terminated by other getUpdates request; make sure that only one bot instance is running
2026-07-26 21:17:22,933 [WARNING] aiogram.dispatcher: Sleep for 1.000000 seconds and try again... (tryings = 0, bot id = 8931940625)
2026-07-26 21:17:24,031 [ERROR] aiogram.dispatcher: Failed to fetch updates - TelegramConflictError: Telegram server says - Conflict: terminated by other getUpdates request; make sure that only one bot instance is running
2026-07-26 21:17:24,032 [WARNING] aiogram.dispatcher: Sleep for 1.000000 seconds and try again... (tryings = 0, bot id = 8931940625)
2026-07-26 21:17:28,139 [ERROR] aiogram.dispatcher: Failed to fetch updates - TelegramConflictError: Telegram server says - Conflict: terminated by other getUpdates request; make sure that only one bot instance is running
2026-07-26 21:17:28,139 [WARNING] aiogram.dispatcher: Sleep for 1.254315 seconds and try again... (tryings = 1, bot id = 8931940625)
2026-07-26 21:17:29,506 [ERROR] aiogram.dispatcher: Failed to fetch updates - TelegramConflictError: Telegram server says - Conflict: terminated by other getUpdates request; make sure that only one bot instance is running
2026-07-26 21:17:29,506 [WARNING] aiogram.dispatcher: Sleep for 1.240085 seconds and try again... (tryings = 1, bot id = 8931940625)
2026-07-26 21:17:33,836 [ERROR] aiogram.dispatcher: Failed to fetch updates - TelegramConflictError: Telegram server says - Conflict: terminated by other getUpdates request; make sure that only one bot instance is running
2026-07-26 21:17:33,836 [WARNING] aiogram.dispatcher: Sleep for 1.657544 seconds and try again... (tryings = 2, bot id = 8931940625)
2026-07-26 21:17:35,590 [ERROR] aiogram.dispatcher: Failed to fetch updates - TelegramConflictError: Telegram server says - Conflict: terminated by other getUpdates request; make sure that only one bot instance is running
2026-07-26 21:17:35,590 [WARNING] aiogram.dispatcher: Sleep for 1.650069 seconds and try again... (tryings = 2, bot id = 8931940625)
2026-07-26 21:17:40,361 [ERROR] aiogram.dispatcher: Failed to fetch updates - TelegramConflictError: Telegram server says - Conflict: terminated by other getUpdates request; make sure that only one bot instance is running
2026-07-26 21:17:40,362 [WARNING] aiogram.dispatcher: Sleep for 2.252407 seconds and try again... (tryings = 3, bot id = 8931940625)
2026-07-26 21:17:42,727 [ERROR] aiogram.dispatcher: Failed to fetch updates - TelegramConflictError: Telegram server says - Conflict: terminated by other getUpdates request; make sure that only one bot instance is running
2026-07-26 21:17:42,727 [WARNING] aiogram.dispatcher: Sleep for 2.145534 seconds and try again... (tryings = 3, bot id = 8931940625)
2026-07-26 21:17:47,964 [ERROR] aiogram.dispatcher: Failed to fetch updates - TelegramConflictError: Telegram server says - Conflict: terminated by other getUpdates request; make sure that only one bot instance is running
2026-07-26 21:17:47,964 [WARNING] aiogram.dispatcher: Sleep for 2.930699 seconds and try again... (tryings = 4, bot id = 8931940625)
2026-07-26 21:24:25,823 [INFO] __main__: Запуск бота ObunaHub...
2026-07-26 21:24:26,270 [INFO] __main__: Все роутеры и мидлвари зарегистрированы.
2026-07-26 21:24:26,272 [INFO] __main__: Администраторы: [8563966849]
2026-07-26 21:24:26,663 [INFO] __main__: Бот запущен, ожидаю сообщения...
2026-07-26 21:24:26,663 [INFO] aiogram.dispatcher: Start polling
2026-07-26 21:24:26,758 [INFO] aiogram.dispatcher: Run polling for bot @ObunaHub_bot id=8931940625 - 'ObunaHub_Bot'
2026-07-26 21:24:27,526 [INFO] aiogram.event: Update id=226636396 is handled. Duration 6 ms by bot id=8931940625
2026-07-26 21:24:27,571 [INFO] aiogram.event: Update id=226636395 is handled. Duration 489 ms by bot id=8931940625
2026-07-26 21:24:27,775 [INFO] aiogram.event: Update id=226636397 is handled. Duration 5 ms by bot id=8931940625
2026-07-26 21:24:28,616 [INFO] aiogram.event: Update id=226636398 is handled. Duration 508 ms by bot id=8931940625
2026-07-26 21:24:30,039 [INFO] aiogram.event: Update id=226636399 is handled. Duration 482 ms by bot id=8931940625
2026-07-26 21:24:32,843 [INFO] aiogram.event: Update id=226636400 is handled. Duration 485 ms by bot id=8931940625
2026-07-26 21:24:35,625 [INFO] aiogram.event: Update id=226636401 is handled. Duration 474 ms by bot id=8931940625
2026-07-26 21:24:37,639 [INFO] aiogram.event: Update id=226636402 is handled. Duration 497 ms by bot id=8931940625
2026-07-26 21:24:38,858 [INFO] aiogram.event: Update id=226636403 is handled. Duration 486 ms by bot id=8931940625
2026-07-26 21:24:39,838 [INFO] aiogram.event: Update id=226636404 is handled. Duration 479 ms by bot id=8931940625
2026-07-26 21:24:40,980 [INFO] aiogram.event: Update id=226636405 is handled. Duration 472 ms by bot id=8931940625
2026-07-26 21:24:41,893 [INFO] aiogram.event: Update id=226636406 is handled. Duration 487 ms by bot id=8931940625
2026-07-26 21:24:45,573 [INFO] aiogram.event: Update id=226636407 is handled. Duration 466 ms by bot id=8931940625
2026-07-26 21:24:50,745 [INFO] aiogram.event: Update id=226636408 is handled. Duration 349 ms by bot id=8931940625
2026-07-26 21:24:53,882 [INFO] aiogram.event: Update id=226636409 is handled. Duration 445 ms by bot id=8931940625
2026-07-26 21:24:56,436 [INFO] aiogram.event: Update id=226636410 is handled. Duration 455 ms by bot id=8931940625
2026-07-26 21:25:01,294 [INFO] aiogram.event: Update id=226636411 is handled. Duration 246 ms by bot id=8931940625
2026-07-26 21:25:12,455 [INFO] aiogram.event: Update id=226636412 is handled. Duration 231 ms by bot id=8931940625
2026-07-26 21:25:33,945 [INFO] aiogram.event: Update id=226636413 is handled. Duration 239 ms by bot id=8931940625
2026-07-26 21:25:42,523 [INFO] aiogram.event: Update id=226636414 is handled. Duration 244 ms by bot id=8931940625
2026-07-26 21:25:46,913 [INFO] aiogram.event: Update id=226636415 is handled. Duration 470 ms by bot id=8931940625
2026-07-26 21:25:58,799 [INFO] aiogram.event: Update id=226636416 is handled. Duration 242 ms by bot id=8931940625
2026-07-26 21:26:01,510 [INFO] aiogram.event: Update id=226636417 is handled. Duration 442 ms by bot id=8931940625
2026-07-26 21:26:06,851 [INFO] aiogram.event: Update id=226636418 is handled. Duration 244 ms by bot id=8931940625
2026-07-26 21:26:22,848 [INFO] aiogram.event: Update id=226636419 is handled. Duration 243 ms by bot id=8931940625
2026-07-26 21:26:37,832 [ERROR] handlers.admin.add_product: handle_product_delivery error: Telegram server says - Bad Request: message caption is too long
Traceback (most recent call last):
  File "C:\Users\riskyyy\Desktop\ObunaHubShop\handlers\admin\add_product.py", line 311, in handle_product_delivery
    await _show_product_confirm(message, session, state)
  File "C:\Users\riskyyy\Desktop\ObunaHubShop\handlers\admin\add_product.py", line 348, in _show_product_confirm
    await target.answer_photo(
    ...<4 lines>...
    )
  File "C:\Users\riskyyy\AppData\Roaming\Python\Python314\site-packages\aiogram\methods\base.py", line 82, in emit
    return await bot(self)
           ^^^^^^^^^^^^^^^
  File "C:\Users\riskyyy\AppData\Roaming\Python\Python314\site-packages\aiogram\client\bot.py", line 509, in __call__
    return await self.session(self, method, timeout=request_timeout)
           ^^^^^^^^^^^^^^^^^^^^^^^^^^^^^^^^^^^^^^^^^^^^^^^^^^^^^^^^^
  File "C:\Users\riskyyy\AppData\Roaming\Python\Python314\site-packages\aiogram\client\session\base.py", line 259, in __call__
    return cast(TelegramType, await middleware(bot, method))
                              ^^^^^^^^^^^^^^^^^^^^^^^^^^^^^
  File "C:\Users\riskyyy\AppData\Roaming\Python\Python314\site-packages\aiogram\client\session\aiohttp.py", line 177, in make_request
    response = self.check_response(
        bot=bot,
    ...<2 lines>...
        content=raw_result,
    )
  File "C:\Users\riskyyy\AppData\Roaming\Python\Python314\site-packages\aiogram\client\session\base.py", line 121, in check_response
    raise TelegramBadRequest(method=method, message=description)
aiogram.exceptions.TelegramBadRequest: Telegram server says - Bad Request: message caption is too long
2026-07-26 21:26:37,837 [INFO] aiogram.event: Update id=226636420 is handled. Duration 106 ms by bot id=8931940625
2026-07-26 21:26:58,118 [ERROR] handlers.admin.add_product: handle_product_delivery error: Telegram server says - Bad Request: message caption is too long
Traceback (most recent call last):
  File "C:\Users\riskyyy\Desktop\ObunaHubShop\handlers\admin\add_product.py", line 311, in handle_product_delivery
    await _show_product_confirm(message, session, state)
  File "C:\Users\riskyyy\Desktop\ObunaHubShop\handlers\admin\add_product.py", line 348, in _show_product_confirm
    await target.answer_photo(
    ...<4 lines>...
    )
  File "C:\Users\riskyyy\AppData\Roaming\Python\Python314\site-packages\aiogram\methods\base.py", line 82, in emit
    return await bot(self)
           ^^^^^^^^^^^^^^^
  File "C:\Users\riskyyy\AppData\Roaming\Python\Python314\site-packages\aiogram\client\bot.py", line 509, in __call__
    return await self.session(self, method, timeout=request_timeout)
           ^^^^^^^^^^^^^^^^^^^^^^^^^^^^^^^^^^^^^^^^^^^^^^^^^^^^^^^^^
  File "C:\Users\riskyyy\AppData\Roaming\Python\Python314\site-packages\aiogram\client\session\base.py", line 259, in __call__
    return cast(TelegramType, await middleware(bot, method))
                              ^^^^^^^^^^^^^^^^^^^^^^^^^^^^^
  File "C:\Users\riskyyy\AppData\Roaming\Python\Python314\site-packages\aiogram\client\session\aiohttp.py", line 177, in make_request
    response = self.check_response(
        bot=bot,
    ...<2 lines>...
        content=raw_result,
    )
  File "C:\Users\riskyyy\AppData\Roaming\Python\Python314\site-packages\aiogram\client\session\base.py", line 121, in check_response
    raise TelegramBadRequest(method=method, message=description)
aiogram.exceptions.TelegramBadRequest: Telegram server says - Bad Request: message caption is too long
2026-07-26 21:26:58,121 [INFO] aiogram.event: Update id=226636421 is handled. Duration 99 ms by bot id=8931940625
2026-07-26 21:27:04,371 [ERROR] handlers.admin.add_product: handle_product_delivery error: Telegram server says - Bad Request: message caption is too long
Traceback (most recent call last):
  File "C:\Users\riskyyy\Desktop\ObunaHubShop\handlers\admin\add_product.py", line 311, in handle_product_delivery
    await _show_product_confirm(message, session, state)
  File "C:\Users\riskyyy\Desktop\ObunaHubShop\handlers\admin\add_product.py", line 348, in _show_product_confirm
    await target.answer_photo(
    ...<4 lines>...
    )
  File "C:\Users\riskyyy\AppData\Roaming\Python\Python314\site-packages\aiogram\methods\base.py", line 82, in emit
    return await bot(self)
           ^^^^^^^^^^^^^^^
  File "C:\Users\riskyyy\AppData\Roaming\Python\Python314\site-packages\aiogram\client\bot.py", line 509, in __call__
    return await self.session(self, method, timeout=request_timeout)
           ^^^^^^^^^^^^^^^^^^^^^^^^^^^^^^^^^^^^^^^^^^^^^^^^^^^^^^^^^
  File "C:\Users\riskyyy\AppData\Roaming\Python\Python314\site-packages\aiogram\client\session\base.py", line 259, in __call__
    return cast(TelegramType, await middleware(bot, method))
                              ^^^^^^^^^^^^^^^^^^^^^^^^^^^^^
  File "C:\Users\riskyyy\AppData\Roaming\Python\Python314\site-packages\aiogram\client\session\aiohttp.py", line 177, in make_request
    response = self.check_response(
        bot=bot,
    ...<2 lines>...
        content=raw_result,
    )
  File "C:\Users\riskyyy\AppData\Roaming\Python\Python314\site-packages\aiogram\client\session\base.py", line 121, in check_response
    raise TelegramBadRequest(method=method, message=description)
aiogram.exceptions.TelegramBadRequest: Telegram server says - Bad Request: message caption is too long
2026-07-26 21:27:04,373 [INFO] aiogram.event: Update id=226636422 is handled. Duration 107 ms by bot id=8931940625
2026-07-26 21:27:10,265 [ERROR] handlers.admin.add_product: handle_product_delivery error: Telegram server says - Bad Request: message caption is too long
Traceback (most recent call last):
  File "C:\Users\riskyyy\Desktop\ObunaHubShop\handlers\admin\add_product.py", line 311, in handle_product_delivery
    await _show_product_confirm(message, session, state)
  File "C:\Users\riskyyy\Desktop\ObunaHubShop\handlers\admin\add_product.py", line 348, in _show_product_confirm
    await target.answer_photo(
    ...<4 lines>...
    )
  File "C:\Users\riskyyy\AppData\Roaming\Python\Python314\site-packages\aiogram\methods\base.py", line 82, in emit
    return await bot(self)
           ^^^^^^^^^^^^^^^
  File "C:\Users\riskyyy\AppData\Roaming\Python\Python314\site-packages\aiogram\client\bot.py", line 509, in __call__
    return await self.session(self, method, timeout=request_timeout)
           ^^^^^^^^^^^^^^^^^^^^^^^^^^^^^^^^^^^^^^^^^^^^^^^^^^^^^^^^^
  File "C:\Users\riskyyy\AppData\Roaming\Python\Python314\site-packages\aiogram\client\session\base.py", line 259, in __call__
    return cast(TelegramType, await middleware(bot, method))
                              ^^^^^^^^^^^^^^^^^^^^^^^^^^^^^
  File "C:\Users\riskyyy\AppData\Roaming\Python\Python314\site-packages\aiogram\client\session\aiohttp.py", line 177, in make_request
    response = self.check_response(
        bot=bot,
    ...<2 lines>...
        content=raw_result,
    )
  File "C:\Users\riskyyy\AppData\Roaming\Python\Python314\site-packages\aiogram\client\session\base.py", line 121, in check_response
    raise TelegramBadRequest(method=method, message=description)
aiogram.exceptions.TelegramBadRequest: Telegram server says - Bad Request: message caption is too long
2026-07-26 21:27:10,267 [INFO] aiogram.event: Update id=226636423 is handled. Duration 99 ms by bot id=8931940625
2026-07-26 21:27:11,873 [WARNING] handlers.admin.main: show_admin_menu error: Telegram server says - Bad Request: there is no caption in the message to edit
2026-07-26 21:27:12,100 [INFO] aiogram.event: Update id=226636424 is handled. Duration 446 ms by bot id=8931940625
2026-07-26 21:27:25,500 [INFO] aiogram.event: Update id=226636425 is handled. Duration 266 ms by bot id=8931940625
2026-07-26 21:27:27,976 [INFO] aiogram.event: Update id=226636426 is handled. Duration 468 ms by bot id=8931940625
2026-07-26 21:27:29,407 [INFO] aiogram.event: Update id=226636427 is handled. Duration 477 ms by bot id=8931940625
2026-07-26 21:27:31,434 [INFO] aiogram.event: Update id=226636428 is handled. Duration 466 ms by bot id=8931940625
2026-07-26 21:27:32,958 [INFO] aiogram.event: Update id=226636429 is handled. Duration 483 ms by bot id=8931940625
2026-07-26 21:27:37,717 [INFO] aiogram.event: Update id=226636430 is handled. Duration 328 ms by bot id=8931940625
2026-07-26 21:27:41,797 [INFO] aiogram.event: Update id=226636431 is handled. Duration 463 ms by bot id=8931940625
2026-07-26 21:27:43,334 [INFO] aiogram.event: Update id=226636432 is handled. Duration 443 ms by bot id=8931940625
2026-07-26 21:27:49,383 [INFO] aiogram.event: Update id=226636433 is handled. Duration 249 ms by bot id=8931940625
2026-07-26 21:27:55,492 [INFO] aiogram.event: Update id=226636434 is handled. Duration 254 ms by bot id=8931940625
2026-07-26 21:28:02,198 [INFO] aiogram.event: Update id=226636435 is handled. Duration 246 ms by bot id=8931940625
2026-07-26 21:28:04,374 [INFO] aiogram.event: Update id=226636436 is handled. Duration 445 ms by bot id=8931940625
2026-07-26 21:28:08,702 [INFO] aiogram.event: Update id=226636437 is handled. Duration 236 ms by bot id=8931940625
2026-07-26 21:28:11,054 [INFO] aiogram.event: Update id=226636438 is handled. Duration 443 ms by bot id=8931940625
2026-07-26 21:28:18,240 [INFO] aiogram.event: Update id=226636439 is handled. Duration 253 ms by bot id=8931940625
2026-07-26 21:28:20,622 [INFO] aiogram.event: Update id=226636440 is handled. Duration 467 ms by bot id=8931940625
2026-07-26 21:28:22,521 [WARNING] handlers.admin.main: show_admin_menu error: Telegram server says - Bad Request: there is no caption in the message to edit
2026-07-26 21:28:22,740 [INFO] aiogram.event: Update id=226636441 is handled. Duration 427 ms by bot id=8931940625
2026-07-26 21:28:31,676 [INFO] aiogram.event: Update id=226636442 is handled. Duration 454 ms by bot id=8931940625
2026-07-26 21:28:35,452 [INFO] aiogram.event: Update id=226636443 is handled. Duration 505 ms by bot id=8931940625
2026-07-26 21:28:46,519 [INFO] aiogram.event: Update id=226636444 is handled. Duration 259 ms by bot id=8931940625
2026-07-26 21:28:50,571 [INFO] aiogram.event: Update id=226636445 is handled. Duration 457 ms by bot id=8931940625
2026-07-26 21:28:55,998 [INFO] aiogram.event: Update id=226636446 is handled. Duration 250 ms by bot id=8931940625
2026-07-26 21:28:58,237 [INFO] aiogram.event: Update id=226636447 is handled. Duration 449 ms by bot id=8931940625
2026-07-26 21:29:16,816 [INFO] aiogram.event: Update id=226636448 is handled. Duration 249 ms by bot id=8931940625
2026-07-26 21:29:21,868 [INFO] aiogram.event: Update id=226636449 is handled. Duration 470 ms by bot id=8931940625
2026-07-26 21:29:23,556 [INFO] aiogram.event: Update id=226636450 is handled. Duration 459 ms by bot id=8931940625
2026-07-26 21:29:26,361 [WARNING] handlers.admin.main: show_admin_menu error: Telegram server says - Bad Request: there is no caption in the message to edit
2026-07-26 21:29:26,583 [INFO] aiogram.event: Update id=226636451 is handled. Duration 436 ms by bot id=8931940625
2026-07-26 21:29:29,530 [WARNING] handlers.admin.main: show_admin_menu error: Telegram server says - Bad Request: there is no caption in the message to edit
2026-07-26 21:29:29,743 [INFO] aiogram.event: Update id=226636452 is handled. Duration 406 ms by bot id=8931940625
2026-07-26 21:29:32,188 [WARNING] handlers.admin.main: show_admin_menu error: Telegram server says - Bad Request: there is no caption in the message to edit
2026-07-26 21:29:32,466 [INFO] aiogram.event: Update id=226636453 is handled. Duration 484 ms by bot id=8931940625
2026-07-26 21:29:38,888 [INFO] aiogram.event: Update id=226636454 is handled. Duration 251 ms by bot id=8931940625
2026-07-26 21:29:41,421 [INFO] aiogram.event: Update id=226636455 is handled. Duration 489 ms by bot id=8931940625
2026-07-26 21:29:49,867 [INFO] aiogram.event: Update id=226636456 is handled. Duration 254 ms by bot id=8931940625
2026-07-26 21:29:54,755 [INFO] aiogram.event: Update id=226636457 is handled. Duration 338 ms by bot id=8931940625
2026-07-26 21:30:19,191 [INFO] aiogram.event: Update id=226636458 is handled. Duration 430 ms by bot id=8931940625
2026-07-26 21:30:22,089 [INFO] aiogram.event: Update id=226636459 is handled. Duration 272 ms by bot id=8931940625
2026-07-26 21:30:25,390 [INFO] aiogram.event: Update id=226636460 is handled. Duration 469 ms by bot id=8931940625
2026-07-26 21:30:26,991 [INFO] aiogram.event: Update id=226636461 is handled. Duration 482 ms by bot id=8931940625
2026-07-26 21:30:27,939 [INFO] aiogram.event: Update id=226636462 is handled. Duration 466 ms by bot id=8931940625
2026-07-26 21:30:29,409 [INFO] aiogram.event: Update id=226636463 is handled. Duration 481 ms by bot id=8931940625
2026-07-26 21:30:30,334 [INFO] aiogram.event: Update id=226636464 is handled. Duration 465 ms by bot id=8931940625
2026-07-26 21:30:31,530 [INFO] aiogram.event: Update id=226636465 is handled. Duration 470 ms by bot id=8931940625
2026-07-26 21:30:36,947 [INFO] aiogram.event: Update id=226636466 is handled. Duration 475 ms by bot id=8931940625
2026-07-26 21:30:39,216 [INFO] aiogram.event: Update id=226636467 is handled. Duration 477 ms by bot id=8931940625
2026-07-26 21:30:39,952 [INFO] aiogram.event: Update id=226636468 is handled. Duration 253 ms by bot id=8931940625
2026-07-26 21:30:45,013 [INFO] aiogram.event: Update id=226636469 is handled. Duration 234 ms by bot id=8931940625
2026-07-26 21:30:47,544 [INFO] aiogram.event: Update id=226636470 is handled. Duration 534 ms by bot id=8931940625
2026-07-26 21:30:49,088 [INFO] aiogram.event: Update id=226636471 is handled. Duration 475 ms by bot id=8931940625
2026-07-26 21:30:50,307 [INFO] aiogram.event: Update id=226636472 is handled. Duration 464 ms by bot id=8931940625
2026-07-26 21:31:20,509 [INFO] aiogram.event: Update id=226636473 is handled. Duration 250 ms by bot id=8931940625
2026-07-26 21:31:27,793 [INFO] aiogram.event: Update id=226636474 is handled. Duration 350 ms by bot id=8931940625
2026-07-26 21:31:29,879 [INFO] aiogram.event: Update id=226636475 is handled. Duration 451 ms by bot id=8931940625
2026-07-26 21:31:31,408 [INFO] aiogram.event: Update id=226636476 is handled. Duration 475 ms by bot id=8931940625
2026-07-26 21:31:32,617 [INFO] aiogram.event: Update id=226636477 is handled. Duration 507 ms by bot id=8931940625
2026-07-26 21:31:34,626 [INFO] aiogram.event: Update id=226636478 is handled. Duration 486 ms by bot id=8931940625
2026-07-26 21:31:36,651 [INFO] aiogram.event: Update id=226636479 is handled. Duration 448 ms by bot id=8931940625
2026-07-26 21:31:39,758 [INFO] aiogram.event: Update id=226636480 is handled. Duration 256 ms by bot id=8931940625
2026-07-26 21:31:42,038 [INFO] aiogram.event: Update id=226636481 is handled. Duration 443 ms by bot id=8931940625
2026-07-26 21:31:43,767 [WARNING] handlers.admin.main: show_admin_menu error: Telegram server says - Bad Request: there is no caption in the message to edit
2026-07-26 21:31:43,992 [INFO] aiogram.event: Update id=226636482 is handled. Duration 429 ms by bot id=8931940625
2026-07-26 21:31:49,433 [INFO] aiogram.event: Update id=226636483 is handled. Duration 456 ms by bot id=8931940625
2026-07-26 21:31:53,346 [INFO] aiogram.event: Update id=226636484 is handled. Duration 346 ms by bot id=8931940625
2026-07-26 21:31:55,035 [INFO] aiogram.event: Update id=226636485 is handled. Duration 499 ms by bot id=8931940625
2026-07-26 21:31:56,204 [INFO] aiogram.event: Update id=226636486 is handled. Duration 482 ms by bot id=8931940625
2026-07-26 21:31:56,892 [INFO] aiogram.event: Update id=226636487 is handled. Duration 244 ms by bot id=8931940625
2026-07-26 21:31:59,129 [INFO] aiogram.event: Update id=226636488 is handled. Duration 500 ms by bot id=8931940625
2026-07-26 21:32:01,600 [INFO] aiogram.event: Update id=226636489 is handled. Duration 463 ms by bot id=8931940625
2026-07-26 21:32:14,996 [INFO] aiogram.event: Update id=226636490 is handled. Duration 502 ms by bot id=8931940625
2026-07-26 21:32:21,867 [INFO] aiogram.event: Update id=226636491 is handled. Duration 716 ms by bot id=8931940625
2026-07-26 21:32:40,726 [INFO] aiogram.event: Update id=226636492 is handled. Duration 262 ms by bot id=8931940625
2026-07-26 21:32:43,617 [INFO] aiogram.event: Update id=226636493 is handled. Duration 460 ms by bot id=8931940625
2026-07-26 21:32:55,533 [INFO] aiogram.event: Update id=226636494 is handled. Duration 243 ms by bot id=8931940625
2026-07-26 21:32:56,587 [INFO] aiogram.event: Update id=226636495 is handled. Duration 254 ms by bot id=8931940625
2026-07-26 21:32:59,056 [INFO] aiogram.event: Update id=226636496 is handled. Duration 464 ms by bot id=8931940625
2026-07-26 21:33:02,356 [INFO] aiogram.event: Update id=226636497 is handled. Duration 478 ms by bot id=8931940625
2026-07-26 21:33:03,246 [INFO] aiogram.event: Update id=226636498 is handled. Duration 548 ms by bot id=8931940625
2026-07-26 21:33:05,723 [INFO] aiogram.event: Update id=226636499 is handled. Duration 480 ms by bot id=8931940625
2026-07-26 21:33:07,200 [INFO] aiogram.event: Update id=226636500 is handled. Duration 460 ms by bot id=8931940625
2026-07-26 21:33:08,676 [INFO] aiogram.event: Update id=226636501 is handled. Duration 473 ms by bot id=8931940625
2026-07-26 21:33:09,958 [INFO] aiogram.event: Update id=226636502 is handled. Duration 450 ms by bot id=8931940625
2026-07-26 21:33:10,759 [INFO] aiogram.event: Update id=226636503 is handled. Duration 489 ms by bot id=8931940625
2026-07-26 21:33:12,734 [INFO] aiogram.event: Update id=226636504 is handled. Duration 463 ms by bot id=8931940625
2026-07-26 21:33:14,576 [INFO] aiogram.event: Update id=226636505 is handled. Duration 502 ms by bot id=8931940625
2026-07-26 21:33:20,791 [INFO] aiogram.event: Update id=226636506 is handled. Duration 462 ms by bot id=8931940625
2026-07-26 21:33:22,556 [INFO] aiogram.event: Update id=226636507 is handled. Duration 485 ms by bot id=8931940625
2026-07-26 21:33:22,888 [INFO] aiogram.event: Update id=226636508 is handled. Duration 468 ms by bot id=8931940625
2026-07-26 21:33:24,067 [INFO] aiogram.event: Update id=226636509 is handled. Duration 479 ms by bot id=8931940625
2026-07-26 21:33:25,246 [INFO] aiogram.event: Update id=226636510 is handled. Duration 476 ms by bot id=8931940625
2026-07-26 21:33:25,729 [INFO] aiogram.event: Update id=226636511 is handled. Duration 464 ms by bot id=8931940625
2026-07-26 21:33:27,177 [INFO] aiogram.event: Update id=226636512 is handled. Duration 458 ms by bot id=8931940625
2026-07-26 21:33:27,991 [INFO] aiogram.event: Update id=226636513 is handled. Duration 467 ms by bot id=8931940625
2026-07-26 21:33:29,218 [INFO] aiogram.event: Update id=226636514 is handled. Duration 474 ms by bot id=8931940625
2026-07-26 21:33:29,505 [INFO] aiogram.event: Update id=226636515 is handled. Duration 474 ms by bot id=8931940625
2026-07-26 21:33:29,789 [INFO] aiogram.event: Update id=226636516 is handled. Duration 249 ms by bot id=8931940625
2026-07-26 21:33:32,121 [INFO] aiogram.event: Update id=226636517 is handled. Duration 480 ms by bot id=8931940625
2026-07-26 21:33:32,354 [INFO] aiogram.event: Update id=226636518 is handled. Duration 520 ms by bot id=8931940625
2026-07-26 21:33:34,097 [INFO] aiogram.event: Update id=226636519 is handled. Duration 252 ms by bot id=8931940625
2026-07-26 21:33:34,889 [INFO] aiogram.event: Update id=226636520 is handled. Duration 255 ms by bot id=8931940625
2026-07-26 21:33:37,302 [INFO] aiogram.event: Update id=226636521 is handled. Duration 471 ms by bot id=8931940625
2026-07-26 21:33:39,316 [INFO] aiogram.event: Update id=226636522 is handled. Duration 468 ms by bot id=8931940625
2026-07-26 21:33:39,421 [INFO] aiogram.event: Update id=226636523 is handled. Duration 474 ms by bot id=8931940625
2026-07-26 21:33:42,083 [INFO] aiogram.event: Update id=226636524 is handled. Duration 476 ms by bot id=8931940625
2026-07-26 21:33:43,665 [INFO] aiogram.event: Update id=226636525 is handled. Duration 498 ms by bot id=8931940625
2026-07-26 21:33:44,072 [INFO] aiogram.event: Update id=226636526 is handled. Duration 473 ms by bot id=8931940625
2026-07-26 21:33:44,234 [INFO] aiogram.event: Update id=226636527 is handled. Duration 474 ms by bot id=8931940625
2026-07-26 21:33:45,392 [INFO] aiogram.event: Update id=226636528 is handled. Duration 468 ms by bot id=8931940625
2026-07-26 21:33:47,107 [INFO] aiogram.event: Update id=226636529 is handled. Duration 457 ms by bot id=8931940625
2026-07-26 21:33:47,737 [INFO] aiogram.event: Update id=226636530 is handled. Duration 478 ms by bot id=8931940625
2026-07-26 21:33:50,602 [INFO] aiogram.event: Update id=226636531 is handled. Duration 469 ms by bot id=8931940625
2026-07-26 21:33:51,877 [INFO] aiogram.event: Update id=226636532 is handled. Duration 244 ms by bot id=8931940625
2026-07-26 21:33:52,766 [INFO] aiogram.event: Update id=226636533 is handled. Duration 473 ms by bot id=8931940625
2026-07-26 21:33:57,175 [INFO] aiogram.event: Update id=226636534 is handled. Duration 566 ms by bot id=8931940625
2026-07-26 21:33:59,074 [INFO] aiogram.event: Update id=226636535 is handled. Duration 456 ms by bot id=8931940625
2026-07-26 21:34:01,915 [INFO] aiogram.event: Update id=226636536 is handled. Duration 477 ms by bot id=8931940625
2026-07-26 21:34:04,081 [INFO] aiogram.event: Update id=226636537 is handled. Duration 484 ms by bot id=8931940625
2026-07-26 21:34:07,400 [INFO] aiogram.event: Update id=226636538 is handled. Duration 258 ms by bot id=8931940625
2026-07-26 21:34:16,976 [INFO] aiogram.event: Update id=226636539 is handled. Duration 469 ms by bot id=8931940625
2026-07-26 21:34:27,535 [INFO] aiogram.event: Update id=226636540 is handled. Duration 247 ms by bot id=8931940625
2026-07-26 21:34:31,336 [INFO] aiogram.event: Update id=226636541 is handled. Duration 468 ms by bot id=8931940625
2026-07-26 21:34:33,471 [INFO] aiogram.event: Update id=226636542 is handled. Duration 525 ms by bot id=8931940625
2026-07-26 21:34:36,234 [INFO] aiogram.event: Update id=226636543 is handled. Duration 479 ms by bot id=8931940625
2026-07-26 21:34:37,996 [INFO] aiogram.event: Update id=226636544 is handled. Duration 475 ms by bot id=8931940625
2026-07-26 21:34:39,637 [INFO] aiogram.event: Update id=226636545 is handled. Duration 495 ms by bot id=8931940625
2026-07-26 21:34:41,120 [INFO] aiogram.event: Update id=226636546 is handled. Duration 458 ms by bot id=8931940625
2026-07-26 21:34:43,946 [INFO] aiogram.event: Update id=226636547 is handled. Duration 467 ms by bot id=8931940625
2026-07-26 21:34:45,264 [INFO] aiogram.event: Update id=226636548 is handled. Duration 477 ms by bot id=8931940625
2026-07-26 21:34:46,964 [INFO] aiogram.event: Update id=226636549 is handled. Duration 478 ms by bot id=8931940625
2026-07-26 21:34:49,899 [INFO] aiogram.event: Update id=226636550 is handled. Duration 469 ms by bot id=8931940625
2026-07-26 21:35:02,908 [INFO] aiogram.event: Update id=226636551 is handled. Duration 463 ms by bot id=8931940625
2026-07-26 21:35:04,631 [INFO] aiogram.event: Update id=226636552 is handled. Duration 481 ms by bot id=8931940625
2026-07-26 21:35:04,728 [INFO] aiogram.event: Update id=226636553 is handled. Duration 478 ms by bot id=8931940625
2026-07-26 21:35:06,736 [INFO] aiogram.event: Update id=226636554 is handled. Duration 476 ms by bot id=8931940625
2026-07-26 21:35:06,825 [INFO] aiogram.event: Update id=226636555 is handled. Duration 461 ms by bot id=8931940625
2026-07-26 21:35:08,580 [INFO] aiogram.event: Update id=226636556 is handled. Duration 456 ms by bot id=8931940625
2026-07-26 21:35:09,153 [INFO] aiogram.event: Update id=226636557 is handled. Duration 482 ms by bot id=8931940625
2026-07-26 21:35:11,142 [INFO] aiogram.event: Update id=226636558 is handled. Duration 467 ms by bot id=8931940625
2026-07-26 21:35:16,061 [INFO] aiogram.event: Update id=226636559 is handled. Duration 471 ms by bot id=8931940625
2026-07-26 21:35:18,275 [INFO] aiogram.event: Update id=226636560 is handled. Duration 475 ms by bot id=8931940625
2026-07-26 21:35:59,931 [INFO] aiogram.event: Update id=226636561 is handled. Duration 266 ms by bot id=8931940625
2026-07-26 21:36:05,551 [INFO] aiogram.event: Update id=226636562 is handled. Duration 474 ms by bot id=8931940625
2026-07-26 21:36:07,246 [INFO] aiogram.event: Update id=226636563 is handled. Duration 464 ms by bot id=8931940625
2026-07-26 21:36:09,260 [INFO] aiogram.event: Update id=226636564 is handled. Duration 492 ms by bot id=8931940625
2026-07-26 21:36:10,830 [INFO] aiogram.event: Update id=226636565 is handled. Duration 518 ms by bot id=8931940625
2026-07-26 21:36:12,322 [INFO] aiogram.event: Update id=226636566 is handled. Duration 582 ms by bot id=8931940625
2026-07-26 21:36:13,608 [INFO] aiogram.event: Update id=226636567 is handled. Duration 481 ms by bot id=8931940625
2026-07-26 21:36:15,089 [INFO] aiogram.event: Update id=226636568 is handled. Duration 512 ms by bot id=8931940625
2026-07-26 21:36:16,701 [INFO] aiogram.event: Update id=226636569 is handled. Duration 452 ms by bot id=8931940625
2026-07-26 21:36:18,145 [INFO] aiogram.event: Update id=226636570 is handled. Duration 255 ms by bot id=8931940625
2026-07-26 21:36:21,217 [INFO] aiogram.event: Update id=226636571 is handled. Duration 227 ms by bot id=8931940625
2026-07-26 21:36:22,543 [INFO] aiogram.event: Update id=226636572 is handled. Duration 235 ms by bot id=8931940625
2026-07-26 21:36:23,562 [WARNING] utils.screen: show_screen edit error: Telegram server says - Bad Request: message is not modified: specified new message content and reply markup are exactly the same as a current content and reply markup of the message — отправляю новое сообщение
2026-07-26 21:36:24,002 [INFO] aiogram.event: Update id=226636573 is handled. Duration 678 ms by bot id=8931940625
2026-07-26 21:36:24,488 [WARNING] utils.screen: show_screen edit error: Telegram server says - Bad Request: message is not modified: specified new message content and reply markup are exactly the same as a current content and reply markup of the message — отправляю новое сообщение
2026-07-26 21:36:24,940 [INFO] aiogram.event: Update id=226636574 is handled. Duration 694 ms by bot id=8931940625
2026-07-26 21:36:27,523 [WARNING] utils.screen: show_screen edit error: Telegram server says - Bad Request: message is not modified: specified new message content and reply markup are exactly the same as a current content and reply markup of the message — отправляю новое сообщение
2026-07-26 21:36:27,963 [INFO] aiogram.event: Update id=226636575 is handled. Duration 677 ms by bot id=8931940625
2026-07-26 21:36:47,811 [INFO] aiogram.event: Update id=226636576 is handled. Duration 476 ms by bot id=8931940625
2026-07-26 21:36:57,173 [INFO] aiogram.event: Update id=226636577 is handled. Duration 469 ms by bot id=8931940625
2026-07-26 21:37:00,751 [INFO] aiogram.event: Update id=226636578 is handled. Duration 457 ms by bot id=8931940625
2026-07-26 21:37:02,536 [INFO] aiogram.event: Update id=226636579 is handled. Duration 485 ms by bot id=8931940625
2026-07-26 21:37:08,125 [INFO] aiogram.event: Update id=226636580 is handled. Duration 251 ms by bot id=8931940625
2026-07-26 21:37:10,338 [INFO] aiogram.event: Update id=226636581 is handled. Duration 475 ms by bot id=8931940625
2026-07-26 21:37:12,277 [INFO] aiogram.event: Update id=226636582 is handled. Duration 451 ms by bot id=8931940625
2026-07-26 21:37:12,898 [INFO] aiogram.event: Update id=226636583 is handled. Duration 263 ms by bot id=8931940625
2026-07-26 21:37:13,499 [INFO] aiogram.event: Update id=226636584 is handled. Duration 250 ms by bot id=8931940625
2026-07-26 21:37:14,524 [INFO] aiogram.event: Update id=226636585 is handled. Duration 476 ms by bot id=8931940625
2026-07-26 21:37:15,523 [INFO] aiogram.event: Update id=226636586 is handled. Duration 462 ms by bot id=8931940625
2026-07-26 21:37:16,063 [INFO] aiogram.event: Update id=226636587 is handled. Duration 650 ms by bot id=8931940625
2026-07-26 21:37:17,309 [INFO] aiogram.event: Update id=226636588 is handled. Duration 461 ms by bot id=8931940625
2026-07-26 21:37:17,332 [INFO] aiogram.event: Update id=226636589 is handled. Duration 240 ms by bot id=8931940625
2026-07-26 21:37:17,712 [INFO] aiogram.event: Update id=226636590 is handled. Duration 242 ms by bot id=8931940625
2026-07-26 21:37:18,949 [INFO] aiogram.event: Update id=226636591 is handled. Duration 242 ms by bot id=8931940625
2026-07-26 21:37:25,616 [INFO] aiogram.event: Update id=226636592 is handled. Duration 474 ms by bot id=8931940625
2026-07-26 21:37:34,234 [INFO] aiogram.event: Update id=226636593 is handled. Duration 496 ms by bot id=8931940625
2026-07-26 21:37:36,101 [INFO] aiogram.event: Update id=226636594 is handled. Duration 547 ms by bot id=8931940625
2026-07-26 21:37:37,393 [INFO] aiogram.event: Update id=226636595 is handled. Duration 466 ms by bot id=8931940625
2026-07-26 21:37:38,732 [INFO] aiogram.event: Update id=226636596 is handled. Duration 480 ms by bot id=8931940625
2026-07-26 21:37:40,937 [INFO] aiogram.event: Update id=226636597 is handled. Duration 592 ms by bot id=8931940625
2026-07-26 21:37:41,977 [INFO] aiogram.event: Update id=226636598 is handled. Duration 472 ms by bot id=8931940625
2026-07-26 21:37:43,518 [INFO] aiogram.event: Update id=226636599 is handled. Duration 472 ms by bot id=8931940625
2026-07-26 21:37:44,910 [INFO] aiogram.event: Update id=226636600 is handled. Duration 473 ms by bot id=8931940625
2026-07-26 21:37:46,180 [INFO] aiogram.event: Update id=226636601 is handled. Duration 492 ms by bot id=8931940625
2026-07-26 21:37:47,264 [INFO] aiogram.event: Update id=226636602 is handled. Duration 241 ms by bot id=8931940625
2026-07-26 21:39:36,042 [INFO] aiogram.event: Update id=226636603 is handled. Duration 243 ms by bot id=8931940625
2026-07-26 21:39:38,777 [INFO] aiogram.event: Update id=226636604 is handled. Duration 490 ms by bot id=8931940625
2026-07-26 21:39:46,640 [INFO] aiogram.event: Update id=226636605 is not handled. Duration 6 ms by bot id=8931940625
2026-07-26 21:40:05,682 [INFO] aiogram.event: Update id=226636606 is handled. Duration 264 ms by bot id=8931940625
2026-07-26 21:40:09,313 [INFO] aiogram.event: Update id=226636607 is handled. Duration 492 ms by bot id=8931940625
2026-07-26 21:40:11,086 [INFO] aiogram.event: Update id=226636608 is handled. Duration 457 ms by bot id=8931940625
2026-07-26 21:40:13,570 [INFO] aiogram.event: Update id=226636609 is handled. Duration 249 ms by bot id=8931940625
2026-07-26 21:40:31,520 [INFO] aiogram.event: Update id=226636610 is handled. Duration 237 ms by bot id=8931940625
2026-07-26 21:40:36,692 [INFO] aiogram.event: Update id=226636611 is handled. Duration 227 ms by bot id=8931940625
2026-07-26 21:40:38,433 [INFO] aiogram.event: Update id=226636612 is handled. Duration 490 ms by bot id=8931940625
2026-07-26 21:40:43,502 [INFO] aiogram.event: Update id=226636613 is handled. Duration 447 ms by bot id=8931940625
2026-07-26 21:40:45,874 [INFO] aiogram.event: Update id=226636614 is handled. Duration 475 ms by bot id=8931940625
2026-07-26 21:40:47,787 [INFO] aiogram.event: Update id=226636615 is handled. Duration 457 ms by bot id=8931940625
2026-07-26 21:40:50,639 [INFO] aiogram.event: Update id=226636616 is handled. Duration 483 ms by bot id=8931940625
2026-07-26 21:40:52,428 [INFO] aiogram.event: Update id=226636617 is handled. Duration 445 ms by bot id=8931940625
2026-07-26 21:40:55,499 [INFO] aiogram.event: Update id=226636618 is handled. Duration 489 ms by bot id=8931940625
2026-07-26 21:40:57,065 [INFO] aiogram.event: Update id=226636619 is handled. Duration 449 ms by bot id=8931940625
2026-07-26 21:42:53,822 [INFO] aiogram.event: Update id=226636620 is handled. Duration 250 ms by bot id=8931940625
2026-07-26 21:42:57,060 [INFO] aiogram.event: Update id=226636621 is handled. Duration 473 ms by bot id=8931940625
2026-07-26 21:42:59,518 [INFO] aiogram.event: Update id=226636622 is handled. Duration 451 ms by bot id=8931940625
2026-07-26 21:43:06,530 [INFO] aiogram.event: Update id=226636623 is handled. Duration 486 ms by bot id=8931940625
2026-07-26 21:43:08,247 [INFO] aiogram.event: Update id=226636624 is handled. Duration 461 ms by bot id=8931940625
2026-07-26 21:43:16,320 [INFO] aiogram.event: Update id=226636625 is handled. Duration 486 ms by bot id=8931940625
2026-07-26 21:43:18,080 [INFO] aiogram.event: Update id=226636626 is handled. Duration 453 ms by bot id=8931940625
2026-07-26 21:43:20,211 [INFO] aiogram.event: Update id=226636627 is handled. Duration 483 ms by bot id=8931940625
2026-07-26 21:43:24,928 [INFO] aiogram.event: Update id=226636628 is handled. Duration 446 ms by bot id=8931940625
2026-07-26 21:43:26,595 [INFO] aiogram.event: Update id=226636629 is handled. Duration 488 ms by bot id=8931940625
2026-07-26 21:43:28,014 [INFO] aiogram.event: Update id=226636630 is handled. Duration 468 ms by bot id=8931940625
2026-07-26 21:43:31,975 [INFO] aiogram.event: Update id=226636631 is handled. Duration 497 ms by bot id=8931940625
2026-07-26 21:44:16,943 [INFO] aiogram.event: Update id=226636632 is handled. Duration 269 ms by bot id=8931940625
2026-07-26 21:44:26,153 [INFO] aiogram.event: Update id=226636633 is handled. Duration 481 ms by bot id=8931940625
2026-07-26 21:44:30,951 [INFO] aiogram.event: Update id=226636634 is handled. Duration 452 ms by bot id=8931940625
2026-07-26 21:44:41,159 [INFO] aiogram.event: Update id=226636635 is handled. Duration 247 ms by bot id=8931940625
2026-07-26 21:44:43,398 [INFO] aiogram.event: Update id=226636636 is handled. Duration 485 ms by bot id=8931940625
2026-07-26 21:44:46,241 [INFO] aiogram.event: Update id=226636637 is handled. Duration 447 ms by bot id=8931940625
2026-07-26 21:46:59,337 [INFO] aiogram.event: Update id=226636638 is handled. Duration 254 ms by bot id=8931940625
2026-07-26 21:47:01,981 [INFO] aiogram.event: Update id=226636639 is handled. Duration 479 ms by bot id=8931940625
2026-07-26 21:47:04,671 [INFO] aiogram.event: Update id=226636640 is handled. Duration 562 ms by bot id=8931940625
2026-07-26 21:47:06,501 [INFO] aiogram.event: Update id=226636641 is handled. Duration 262 ms by bot id=8931940625
2026-07-26 21:48:03,830 [INFO] aiogram.event: Update id=226636642 is handled. Duration 275 ms by bot id=8931940625
2026-07-26 21:48:06,362 [INFO] aiogram.event: Update id=226636643 is handled. Duration 473 ms by bot id=8931940625
2026-07-26 21:48:08,120 [INFO] aiogram.event: Update id=226636644 is handled. Duration 486 ms by bot id=8931940625
2026-07-26 21:56:24,141 [INFO] __main__: Запуск бота ObunaHub...
2026-07-26 21:59:44,074 [INFO] __main__: Запуск бота ObunaHub...
2026-07-26 21:59:44,289 [INFO] __main__: Все роутеры зарегистрированы. Администраторы: [8563966849]
2026-07-26 21:59:44,587 [INFO] __main__: Бот запущен, ожидаю сообщения...
2026-07-26 21:59:44,587 [INFO] aiogram.dispatcher: Start polling
2026-07-26 21:59:44,681 [INFO] aiogram.dispatcher: Run polling for bot @ObunaHub_bot id=8931940625 - 'ObunaHub_Bot'
2026-07-26 21:59:54,121 [INFO] aiogram.event: Update id=226636653 is handled. Duration 510 ms by bot id=8931940625
2026-07-26 21:59:57,613 [INFO] aiogram.event: Update id=226636654 is handled. Duration 497 ms by bot id=8931940625
2026-07-26 21:59:59,537 [INFO] aiogram.event: Update id=226636655 is handled. Duration 478 ms by bot id=8931940625
2026-07-26 22:00:00,962 [INFO] aiogram.event: Update id=226636656 is handled. Duration 255 ms by bot id=8931940625
2026-07-26 22:00:06,634 [INFO] aiogram.event: Update id=226636657 is handled. Duration 469 ms by bot id=8931940625
2026-07-26 22:00:07,763 [INFO] aiogram.event: Update id=226636658 is handled. Duration 480 ms by bot id=8931940625
2026-07-26 22:00:10,145 [INFO] aiogram.event: Update id=226636659 is handled. Duration 471 ms by bot id=8931940625
2026-07-26 22:00:14,339 [INFO] aiogram.event: Update id=226636660 is handled. Duration 356 ms by bot id=8931940625
2026-07-26 22:00:16,768 [INFO] aiogram.event: Update id=226636661 is handled. Duration 457 ms by bot id=8931940625
2026-07-26 22:00:22,572 [ERROR] handlers.admin.statistics: cb_stats error: 'revenue_today'
Traceback (most recent call last):
  File "C:\Users\riskyyy\Desktop\ObunaHubShop\handlers\admin\statistics.py", line 29, in cb_stats
    text = format_statistics(stats)
  File "C:\Users\riskyyy\Desktop\ObunaHubShop\utils\formatters.py", line 125, in format_statistics
    f"  Bugun: {o['today']} ta / {o['revenue_today']:,.0f} so'm\n"
                                  ~^^^^^^^^^^^^^^^^^
KeyError: 'revenue_today'
2026-07-26 22:00:22,788 [INFO] aiogram.event: Update id=226636662 is handled. Duration 242 ms by bot id=8931940625
2026-07-26 22:00:25,365 [INFO] aiogram.event: Update id=226636663 is handled. Duration 497 ms by bot id=8931940625
2026-07-26 22:00:32,442 [INFO] aiogram.event: Update id=226636664 is handled. Duration 430 ms by bot id=8931940625
2026-07-26 22:00:56,297 [INFO] aiogram.event: Update id=226636665 is handled. Duration 232 ms by bot id=8931940625
2026-07-26 22:01:20,282 [INFO] aiogram.event: Update id=226636666 is handled. Duration 440 ms by bot id=8931940625
2026-07-26 22:01:28,793 [INFO] aiogram.event: Update id=226636667 is handled. Duration 262 ms by bot id=8931940625
2026-07-26 22:01:49,769 [INFO] aiogram.event: Update id=226636668 is handled. Duration 242 ms by bot id=8931940625
2026-07-26 22:01:53,748 [INFO] aiogram.event: Update id=226636669 is handled. Duration 444 ms by bot id=8931940625
2026-07-26 22:01:56,798 [INFO] aiogram.event: Update id=226636670 is handled. Duration 447 ms by bot id=8931940625
2026-07-26 22:02:00,285 [INFO] aiogram.event: Update id=226636671 is handled. Duration 468 ms by bot id=8931940625
2026-07-26 22:04:06,242 [INFO] aiogram.event: Update id=226636672 is handled. Duration 472 ms by bot id=8931940625
2026-07-26 22:04:07,919 [INFO] aiogram.event: Update id=226636673 is handled. Duration 439 ms by bot id=8931940625
2026-07-26 22:04:26,257 [INFO] aiogram.event: Update id=226636674 is handled. Duration 441 ms by bot id=8931940625
2026-07-26 22:04:31,716 [INFO] aiogram.event: Update id=226636675 is handled. Duration 278 ms by bot id=8931940625
2026-07-26 22:04:33,493 [INFO] aiogram.event: Update id=226636676 is handled. Duration 592 ms by bot id=8931940625
2026-07-26 22:04:35,386 [INFO] aiogram.event: Update id=226636677 is handled. Duration 479 ms by bot id=8931940625
2026-07-26 22:06:22,666 [INFO] aiogram.event: Update id=226636678 is handled. Duration 261 ms by bot id=8931940625
2026-07-26 22:06:27,282 [INFO] aiogram.event: Update id=226636679 is handled. Duration 527 ms by bot id=8931940625
2026-07-26 22:06:29,289 [INFO] aiogram.event: Update id=226636680 is handled. Duration 466 ms by bot id=8931940625
2026-07-26 22:06:32,236 [INFO] aiogram.event: Update id=226636681 is handled. Duration 535 ms by bot id=8931940625
2026-07-26 22:06:33,726 [INFO] aiogram.event: Update id=226636682 is handled. Duration 490 ms by bot id=8931940625
2026-07-26 22:06:34,793 [INFO] aiogram.event: Update id=226636683 is handled. Duration 525 ms by bot id=8931940625
2026-07-26 22:06:48,661 [INFO] aiogram.event: Update id=226636684 is handled. Duration 712 ms by bot id=8931940625
2026-07-26 22:13:09,472 [INFO] aiogram.event: Update id=226636685 is handled. Duration 706 ms by bot id=8931940625
2026-07-26 22:13:54,856 [INFO] aiogram.event: Update id=226636686 is handled. Duration 271 ms by bot id=8931940625
2026-07-26 22:13:57,145 [INFO] aiogram.event: Update id=226636687 is handled. Duration 474 ms by bot id=8931940625
2026-07-26 22:13:58,698 [INFO] aiogram.event: Update id=226636688 is handled. Duration 462 ms by bot id=8931940625
2026-07-26 22:14:00,247 [INFO] aiogram.event: Update id=226636689 is handled. Duration 467 ms by bot id=8931940625
2026-07-26 22:14:01,877 [INFO] aiogram.event: Update id=226636690 is handled. Duration 470 ms by bot id=8931940625
2026-07-26 22:14:04,542 [INFO] aiogram.event: Update id=226636691 is handled. Duration 473 ms by bot id=8931940625
2026-07-26 22:14:14,449 [INFO] aiogram.event: Update id=226636692 is handled. Duration 478 ms by bot id=8931940625
2026-07-26 22:14:16,479 [INFO] aiogram.event: Update id=226636693 is handled. Duration 474 ms by bot id=8931940625
2026-07-26 22:14:18,225 [INFO] aiogram.event: Update id=226636694 is handled. Duration 456 ms by bot id=8931940625
2026-07-26 22:14:21,048 [INFO] aiogram.event: Update id=226636695 is handled. Duration 459 ms by bot id=8931940625
2026-07-26 22:14:51,979 [INFO] aiogram.event: Update id=226636696 is handled. Duration 254 ms by bot id=8931940625
2026-07-26 22:14:54,438 [INFO] aiogram.event: Update id=226636697 is handled. Duration 475 ms by bot id=8931940625
2026-07-26 22:14:56,016 [INFO] aiogram.event: Update id=226636698 is handled. Duration 463 ms by bot id=8931940625
2026-07-26 22:14:57,397 [INFO] aiogram.event: Update id=226636699 is handled. Duration 459 ms by bot id=8931940625
2026-07-26 22:15:41,347 [INFO] __main__: Запуск бота ObunaHub...
2026-07-26 22:15:41,747 [INFO] __main__: Все роутеры зарегистрированы. Администраторы: [8563966849]
2026-07-26 22:15:42,162 [INFO] __main__: Бот запущен, ожидаю сообщения...
2026-07-26 22:15:42,162 [INFO] aiogram.dispatcher: Start polling
2026-07-26 22:15:42,250 [INFO] aiogram.dispatcher: Run polling for bot @ObunaHub_bot id=8931940625 - 'ObunaHub_Bot'
2026-07-26 22:15:47,161 [INFO] aiogram.event: Update id=226636700 is handled. Duration 576 ms by bot id=8931940625
2026-07-26 22:15:49,759 [INFO] aiogram.event: Update id=226636701 is handled. Duration 261 ms by bot id=8931940625
2026-07-26 22:15:51,474 [INFO] aiogram.event: Update id=226636702 is handled. Duration 512 ms by bot id=8931940625
2026-07-26 22:15:53,146 [INFO] aiogram.event: Update id=226636703 is handled. Duration 448 ms by bot id=8931940625
2026-07-26 22:15:55,817 [INFO] aiogram.event: Update id=226636704 is handled. Duration 500 ms by bot id=8931940625
2026-07-26 22:16:24,846 [INFO] aiogram.event: Update id=226636705 is handled. Duration 662 ms by bot id=8931940625
2026-07-26 22:16:26,448 [INFO] aiogram.event: Update id=226636706 is handled. Duration 622 ms by bot id=8931940625
2026-07-26 22:17:22,631 [INFO] aiogram.event: Update id=226636707 is handled. Duration 806 ms by bot id=8931940625
2026-07-26 22:17:47,607 [INFO] aiogram.event: Update id=226636708 is handled. Duration 473 ms by bot id=8931940625
2026-07-26 22:18:35,792 [INFO] aiogram.event: Update id=226636709 is handled. Duration 711 ms by bot id=8931940625
2026-07-26 22:19:46,072 [ERROR] aiogram.dispatcher: Failed to fetch updates - TelegramNetworkError: HTTP Client says - Request timeout error
2026-07-26 22:19:46,072 [WARNING] aiogram.dispatcher: Sleep for 1.000000 seconds and try again... (tryings = 0, bot id = 8931940625)
2026-07-26 22:19:47,384 [INFO] aiogram.dispatcher: Connection established (tryings = 1, bot id = 8931940625)
2026-07-26 22:19:48,011 [INFO] aiogram.event: Update id=226636712 is handled. Duration 625 ms by bot id=8931940625
2026-07-26 22:19:48,305 [INFO] aiogram.event: Update id=226636710 is handled. Duration 919 ms by bot id=8931940625
2026-07-26 22:19:48,555 [INFO] aiogram.event: Update id=226636711 is handled. Duration 1169 ms by bot id=8931940625
2026-07-26 22:19:58,263 [INFO] aiogram.event: Update id=226636713 is handled. Duration 258 ms by bot id=8931940625
2026-07-26 22:20:01,701 [INFO] aiogram.event: Update id=226636714 is handled. Duration 467 ms by bot id=8931940625
2026-07-26 22:20:04,212 [INFO] aiogram.event: Update id=226636715 is handled. Duration 456 ms by bot id=8931940625
2026-07-26 22:20:10,404 [INFO] aiogram.event: Update id=226636716 is handled. Duration 271 ms by bot id=8931940625
2026-07-26 22:20:15,315 [INFO] aiogram.event: Update id=226636717 is handled. Duration 482 ms by bot id=8931940625
2026-07-26 22:20:18,697 [INFO] aiogram.event: Update id=226636718 is handled. Duration 795 ms by bot id=8931940625
2026-07-26 22:20:19,289 [INFO] aiogram.event: Update id=226636719 is handled. Duration 264 ms by bot id=8931940625
2026-07-26 22:20:20,229 [INFO] aiogram.event: Update id=226636720 is handled. Duration 263 ms by bot id=8931940625
2026-07-26 22:20:48,019 [INFO] aiogram.event: Update id=226636721 is handled. Duration 523 ms by bot id=8931940625
2026-07-26 22:20:49,663 [INFO] aiogram.event: Update id=226636722 is handled. Duration 515 ms by bot id=8931940625
2026-07-26 22:23:29,751 [INFO] aiogram.event: Update id=226636723 is handled. Duration 295 ms by bot id=8931940625
2026-07-26 22:23:32,597 [INFO] aiogram.event: Update id=226636724 is handled. Duration 473 ms by bot id=8931940625
2026-07-26 22:23:34,823 [INFO] aiogram.event: Update id=226636725 is handled. Duration 458 ms by bot id=8931940625
2026-07-26 22:23:37,275 [INFO] aiogram.event: Update id=226636726 is handled. Duration 477 ms by bot id=8931940625
2026-07-26 22:23:38,503 [INFO] aiogram.event: Update id=226636727 is handled. Duration 479 ms by bot id=8931940625
2026-07-26 22:23:40,109 [INFO] aiogram.event: Update id=226636728 is handled. Duration 474 ms by bot id=8931940625
2026-07-26 22:23:42,001 [INFO] aiogram.event: Update id=226636729 is handled. Duration 680 ms by bot id=8931940625
2026-07-26 22:23:44,744 [INFO] aiogram.event: Update id=226636730 is handled. Duration 704 ms by bot id=8931940625
2026-07-26 22:23:46,373 [INFO] aiogram.event: Update id=226636731 is handled. Duration 482 ms by bot id=8931940625
2026-07-26 22:23:48,120 [INFO] aiogram.event: Update id=226636732 is handled. Duration 501 ms by bot id=8931940625
2026-07-26 22:24:13,811 [INFO] aiogram.event: Update id=226636733 is handled. Duration 274 ms by bot id=8931940625
2026-07-26 22:24:20,544 [INFO] aiogram.event: Update id=226636734 is handled. Duration 526 ms by bot id=8931940625
2026-07-26 22:24:24,228 [INFO] aiogram.event: Update id=226636735 is handled. Duration 461 ms by bot id=8931940625
2026-07-26 22:24:32,587 [INFO] aiogram.event: Update id=226636736 is handled. Duration 254 ms by bot id=8931940625
2026-07-26 22:24:42,231 [INFO] aiogram.event: Update id=226636737 is handled. Duration 476 ms by bot id=8931940625
2026-07-26 22:24:45,996 [INFO] aiogram.event: Update id=226636738 is handled. Duration 779 ms by bot id=8931940625
2026-07-26 22:25:37,038 [INFO] aiogram.event: Update id=226636739 is handled. Duration 342 ms by bot id=8931940625
2026-07-26 22:25:40,936 [INFO] aiogram.event: Update id=226636740 is handled. Duration 506 ms by bot id=8931940625
2026-07-26 22:28:25,313 [INFO] aiogram.event: Update id=226636741 is handled. Duration 263 ms by bot id=8931940625
2026-07-26 22:28:29,054 [INFO] aiogram.event: Update id=226636742 is handled. Duration 242 ms by bot id=8931940625
2026-07-26 22:28:31,977 [INFO] aiogram.event: Update id=226636743 is handled. Duration 261 ms by bot id=8931940625
2026-07-26 22:28:37,024 [INFO] aiogram.event: Update id=226636744 is handled. Duration 458 ms by bot id=8931940625
2026-07-26 22:28:37,928 [INFO] aiogram.event: Update id=226636745 is handled. Duration 491 ms by bot id=8931940625
2026-07-26 22:28:39,562 [INFO] aiogram.event: Update id=226636746 is handled. Duration 468 ms by bot id=8931940625
2026-07-26 22:28:39,884 [INFO] aiogram.event: Update id=226636747 is handled. Duration 657 ms by bot id=8931940625
2026-07-26 22:28:40,866 [ERROR] handlers.admin.statistics: cb_stats error: 'revenue_today'
Traceback (most recent call last):
  File "C:\Users\riskyyy\Desktop\ObunaHubShop\handlers\admin\statistics.py", line 29, in cb_stats
    text = format_statistics(stats)
  File "C:\Users\riskyyy\Desktop\ObunaHubShop\utils\formatters.py", line 126, in format_statistics
    f"  📌 Hammasi: {o['all']} ta / 💎 {o['rev_all']:,.0f} so'm\n\n"
                                ^^^^^^^^^^^^^^^^
KeyError: 'revenue_today'
2026-07-26 22:28:41,087 [INFO] aiogram.event: Update id=226636748 is handled. Duration 249 ms by bot id=8931940625
2026-07-26 22:28:41,731 [INFO] aiogram.event: Update id=226636749 is handled. Duration 483 ms by bot id=8931940625
2026-07-26 22:28:43,205 [INFO] aiogram.event: Update id=226636750 is handled. Duration 476 ms by bot id=8931940625
2026-07-26 22:28:44,861 [INFO] aiogram.event: Update id=226636751 is handled. Duration 481 ms by bot id=8931940625
2026-07-26 22:28:46,199 [INFO] aiogram.event: Update id=226636752 is handled. Duration 471 ms by bot id=8931940625
2026-07-26 22:28:47,827 [INFO] aiogram.event: Update id=226636753 is handled. Duration 468 ms by bot id=8931940625
2026-07-26 22:28:58,019 [INFO] aiogram.event: Update id=226636754 is handled. Duration 468 ms by bot id=8931940625
2026-07-26 22:29:33,799 [INFO] aiogram.event: Update id=226636755 is handled. Duration 500 ms by bot id=8931940625
2026-07-26 22:31:09,623 [INFO] aiogram.event: Update id=226636756 is handled. Duration 260 ms by bot id=8931940625
2026-07-26 22:31:12,927 [INFO] aiogram.event: Update id=226636757 is handled. Duration 500 ms by bot id=8931940625
2026-07-26 22:31:14,467 [INFO] aiogram.event: Update id=226636758 is handled. Duration 481 ms by bot id=8931940625
2026-07-26 22:31:16,011 [INFO] aiogram.event: Update id=226636759 is handled. Duration 477 ms by bot id=8931940625
2026-07-26 22:31:19,322 [INFO] aiogram.event: Update id=226636760 is handled. Duration 789 ms by bot id=8931940625
2026-07-26 22:31:27,448 [INFO] aiogram.event: Update id=226636761 is handled. Duration 681 ms by bot id=8931940625
2026-07-26 22:31:30,523 [INFO] aiogram.event: Update id=226636762 is handled. Duration 523 ms by bot id=8931940625
2026-07-26 22:31:32,352 [INFO] aiogram.event: Update id=226636763 is handled. Duration 715 ms by bot id=8931940625
2026-07-26 22:31:34,815 [INFO] aiogram.event: Update id=226636764 is handled. Duration 540 ms by bot id=8931940625
2026-07-26 22:31:36,528 [INFO] aiogram.event: Update id=226636765 is handled. Duration 687 ms by bot id=8931940625
2026-07-26 22:31:38,530 [INFO] aiogram.event: Update id=226636766 is handled. Duration 726 ms by bot id=8931940625
2026-07-26 22:32:56,886 [INFO] aiogram.event: Update id=226636767 is handled. Duration 261 ms by bot id=8931940625
2026-07-26 22:33:00,143 [INFO] aiogram.event: Update id=226636768 is handled. Duration 501 ms by bot id=8931940625
2026-07-26 22:33:01,702 [INFO] aiogram.event: Update id=226636769 is handled. Duration 475 ms by bot id=8931940625
2026-07-26 22:33:03,174 [INFO] aiogram.event: Update id=226636770 is handled. Duration 543 ms by bot id=8931940625
2026-07-26 22:33:41,768 [INFO] __main__: Запуск бота ObunaHub...
2026-07-26 22:33:42,162 [INFO] __main__: Все роутеры зарегистрированы. Администраторы: [8563966849]
2026-07-26 22:33:42,542 [INFO] __main__: Бот запущен, ожидаю сообщения...
2026-07-26 22:33:42,542 [INFO] aiogram.dispatcher: Start polling
2026-07-26 22:33:42,645 [INFO] aiogram.dispatcher: Run polling for bot @ObunaHub_bot id=8931940625 - 'ObunaHub_Bot'
2026-07-26 22:33:44,512 [INFO] aiogram.event: Update id=226636773 is handled. Duration 522 ms by bot id=8931940625
2026-07-26 22:33:46,312 [INFO] aiogram.event: Update id=226636774 is handled. Duration 512 ms by bot id=8931940625
2026-07-26 22:33:50,483 [INFO] aiogram.event: Update id=226636775 is not handled. Duration 7 ms by bot id=8931940625
2026-07-26 22:33:53,398 [INFO] aiogram.event: Update id=226636776 is handled. Duration 289 ms by bot id=8931940625
2026-07-26 22:34:03,877 [INFO] aiogram.event: Update id=226636777 is not handled. Duration 16 ms by bot id=8931940625
2026-07-26 22:34:26,922 [INFO] aiogram.event: Update id=226636778 is not handled. Duration 14 ms by bot id=8931940625
2026-07-26 22:34:51,882 [INFO] aiogram.event: Update id=226636779 is not handled. Duration 14 ms by bot id=8931940625
2026-07-26 22:35:42,306 [INFO] aiogram.event: Update id=226636780 is not handled. Duration 18 ms by bot id=8931940625
2026-07-26 22:42:58,917 [INFO] aiogram.event: Update id=226636781 is handled. Duration 253 ms by bot id=8931940625
2026-07-26 22:43:01,951 [INFO] aiogram.event: Update id=226636782 is handled. Duration 471 ms by bot id=8931940625
2026-07-26 22:43:04,245 [INFO] aiogram.event: Update id=226636783 is handled. Duration 747 ms by bot id=8931940625
2026-07-26 22:43:10,554 [INFO] aiogram.event: Update id=226636784 is handled. Duration 678 ms by bot id=8931940625
2026-07-26 22:43:16,575 [INFO] aiogram.event: Update id=226636785 is handled. Duration 462 ms by bot id=8931940625
2026-07-26 22:43:18,873 [INFO] aiogram.event: Update id=226636786 is handled. Duration 489 ms by bot id=8931940625
2026-07-26 22:43:20,863 [INFO] aiogram.event: Update id=226636787 is handled. Duration 486 ms by bot id=8931940625
2026-07-26 22:48:36,265 [INFO] aiogram.event: Update id=226636788 is handled. Duration 698 ms by bot id=8931940625
2026-07-26 22:48:40,315 [INFO] aiogram.event: Update id=226636789 is handled. Duration 456 ms by bot id=8931940625
2026-07-26 22:49:08,356 [INFO] aiogram.event: Update id=226636790 is handled. Duration 286 ms by bot id=8931940625
2026-07-26 22:49:10,945 [INFO] aiogram.event: Update id=226636791 is handled. Duration 483 ms by bot id=8931940625
2026-07-26 22:49:12,877 [INFO] aiogram.event: Update id=226636792 is handled. Duration 463 ms by bot id=8931940625
2026-07-26 22:57:59,062 [INFO] aiogram.event: Update id=226636793 is handled. Duration 247 ms by bot id=8931940625
2026-07-26 22:58:06,358 [INFO] aiogram.event: Update id=226636794 is handled. Duration 482 ms by bot id=8931940625
2026-07-26 23:31:41,973 [INFO] aiogram.event: Update id=226636795 is not handled. Duration 20 ms by bot id=8931940625
2026-07-26 23:32:49,298 [INFO] aiogram.event: Update id=226636796 is handled. Duration 256 ms by bot id=8931940625
2026-07-26 23:33:53,730 [INFO] __main__: Запуск бота ObunaHub...
2026-07-26 23:33:53,950 [INFO] __main__: Все роутеры зарегистрированы. Администраторы: [8563966849]
2026-07-26 23:33:54,319 [INFO] __main__: Бот запущен, ожидаю сообщения...
2026-07-26 23:33:54,319 [INFO] aiogram.dispatcher: Start polling
2026-07-26 23:33:54,418 [INFO] aiogram.dispatcher: Run polling for bot @ObunaHub_bot id=8931940625 - 'ObunaHub_Bot'
2026-07-26 23:33:57,334 [INFO] aiogram.event: Update id=226636797 is handled. Duration 470 ms by bot id=8931940625
2026-07-26 23:33:58,678 [INFO] aiogram.event: Update id=226636798 is not handled. Duration 15 ms by bot id=8931940625
2026-07-26 23:38:25,342 [INFO] aiogram.event: Update id=226636799 is not handled. Duration 13 ms by bot id=8931940625
2026-07-26 23:43:41,823 [INFO] aiogram.event: Update id=226636800 is not handled. Duration 13 ms by bot id=8931940625
2026-07-26 23:43:45,913 [INFO] aiogram.event: Update id=226636801 is handled. Duration 458 ms by bot id=8931940625
2026-07-26 23:43:47,809 [INFO] aiogram.event: Update id=226636802 is handled. Duration 476 ms by bot id=8931940625
2026-07-26 23:48:40,060 [ERROR] aiogram.dispatcher: Failed to fetch updates - TelegramNetworkError: HTTP Client says - Request timeout error
2026-07-26 23:48:40,061 [WARNING] aiogram.dispatcher: Sleep for 1.000000 seconds and try again... (tryings = 0, bot id = 8931940625)
2026-07-26 23:48:51,333 [INFO] aiogram.dispatcher: Connection established (tryings = 1, bot id = 8931940625)
2026-07-26 23:51:43,475 [INFO] aiogram.event: Update id=226636803 is handled. Duration 641 ms by bot id=8931940625
2026-07-26 23:51:46,580 [INFO] aiogram.event: Update id=226636804 is handled. Duration 435 ms by bot id=8931940625
2026-07-26 23:51:48,949 [INFO] aiogram.event: Update id=226636805 is handled. Duration 450 ms by bot id=8931940625
2026-07-26 23:51:50,837 [INFO] aiogram.event: Update id=226636806 is handled. Duration 441 ms by bot id=8931940625
2026-07-26 23:52:13,977 [INFO] aiogram.event: Update id=226636807 is handled. Duration 254 ms by bot id=8931940625
2026-07-26 23:52:19,005 [INFO] aiogram.event: Update id=226636808 is handled. Duration 690 ms by bot id=8931940625
2026-07-26 23:52:22,429 [INFO] aiogram.event: Update id=226636809 is handled. Duration 493 ms by bot id=8931940625
2026-07-26 23:52:41,018 [INFO] aiogram.event: Update id=226636810 is not handled. Duration 3 ms by bot id=8931940625
2026-07-26 23:53:03,109 [INFO] aiogram.event: Update id=226636811 is handled. Duration 242 ms by bot id=8931940625
2026-07-26 23:53:08,425 [INFO] aiogram.event: Update id=226636812 is handled. Duration 445 ms by bot id=8931940625
2026-07-26 23:53:12,166 [INFO] aiogram.event: Update id=226636813 is handled. Duration 458 ms by bot id=8931940625
2026-07-26 23:54:54,625 [INFO] aiogram.event: Update id=226636814 is handled. Duration 240 ms by bot id=8931940625
2026-07-26 23:55:06,676 [INFO] aiogram.event: Update id=226636815 is handled. Duration 240 ms by bot id=8931940625
2026-07-26 23:55:08,191 [INFO] aiogram.event: Update id=226636816 is handled. Duration 242 ms by bot id=8931940625
2026-07-26 23:55:10,222 [INFO] aiogram.event: Update id=226636817 is handled. Duration 438 ms by bot id=8931940625
2026-07-26 23:55:12,381 [INFO] aiogram.event: Update id=226636818 is handled. Duration 447 ms by bot id=8931940625
2026-07-26 23:55:14,634 [INFO] aiogram.event: Update id=226636819 is handled. Duration 1038 ms by bot id=8931940625
2026-07-26 23:55:15,838 [INFO] aiogram.event: Update id=226636820 is handled. Duration 288 ms by bot id=8931940625
2026-07-26 23:55:17,603 [INFO] aiogram.event: Update id=226636821 is handled. Duration 236 ms by bot id=8931940625
2026-07-26 23:55:24,681 [INFO] aiogram.event: Update id=226636822 is handled. Duration 448 ms by bot id=8931940625
2026-07-26 23:55:24,918 [INFO] aiogram.event: Update id=226636823 is handled. Duration 233 ms by bot id=8931940625
2026-07-26 23:55:26,404 [INFO] aiogram.event: Update id=226636824 is handled. Duration 448 ms by bot id=8931940625
2026-07-26 23:55:29,803 [INFO] aiogram.event: Update id=226636825 is handled. Duration 445 ms by bot id=8931940625
2026-07-26 23:55:31,425 [INFO] aiogram.event: Update id=226636826 is handled. Duration 451 ms by bot id=8931940625
2026-07-26 23:55:31,890 [INFO] aiogram.event: Update id=226636827 is handled. Duration 248 ms by bot id=8931940625
2026-07-26 23:55:32,755 [INFO] aiogram.event: Update id=226636828 is handled. Duration 451 ms by bot id=8931940625
2026-07-26 23:55:34,558 [INFO] aiogram.event: Update id=226636829 is handled. Duration 640 ms by bot id=8931940625
2026-07-26 23:55:37,757 [INFO] aiogram.event: Update id=226636830 is handled. Duration 446 ms by bot id=8931940625
2026-07-26 23:55:38,718 [INFO] aiogram.event: Update id=226636831 is handled. Duration 658 ms by bot id=8931940625
2026-07-26 23:55:40,323 [INFO] aiogram.event: Update id=226636832 is handled. Duration 452 ms by bot id=8931940625
2026-07-26 23:55:40,947 [INFO] aiogram.event: Update id=226636833 is handled. Duration 676 ms by bot id=8931940625
2026-07-26 23:55:41,799 [INFO] aiogram.event: Update id=226636834 is not handled. Duration 6 ms by bot id=8931940625
2026-07-26 23:55:42,654 [INFO] aiogram.event: Update id=226636835 is handled. Duration 460 ms by bot id=8931940625
2026-07-26 23:55:44,034 [INFO] aiogram.event: Update id=226636836 is handled. Duration 450 ms by bot id=8931940625
2026-07-26 23:55:45,682 [INFO] aiogram.event: Update id=226636837 is handled. Duration 453 ms by bot id=8931940625
2026-07-26 23:55:55,000 [INFO] aiogram.event: Update id=226636838 is handled. Duration 460 ms by bot id=8931940625
2026-07-26 23:55:56,069 [INFO] aiogram.event: Update id=226636839 is handled. Duration 733 ms by bot id=8931940625
2026-07-26 23:56:05,582 [INFO] aiogram.event: Update id=226636840 is handled. Duration 240 ms by bot id=8931940625
2026-07-26 23:56:05,678 [INFO] aiogram.event: Update id=226636841 is handled. Duration 243 ms by bot id=8931940625
2026-07-26 23:56:17,821 [INFO] aiogram.event: Update id=226636842 is handled. Duration 237 ms by bot id=8931940625
2026-07-26 23:56:20,960 [INFO] aiogram.event: Update id=226636843 is handled. Duration 456 ms by bot id=8931940625
2026-07-26 23:56:21,822 [INFO] aiogram.event: Update id=226636844 is handled. Duration 514 ms by bot id=8931940625
2026-07-26 23:56:31,446 [INFO] aiogram.event: Update id=226636845 is handled. Duration 485 ms by bot id=8931940625
2026-07-26 23:56:34,960 [INFO] aiogram.event: Update id=226636846 is handled. Duration 447 ms by bot id=8931940625
2026-07-26 23:56:35,497 [INFO] aiogram.event: Update id=226636847 is handled. Duration 440 ms by bot id=8931940625
2026-07-26 23:56:36,774 [INFO] aiogram.event: Update id=226636848 is handled. Duration 453 ms by bot id=8931940625
2026-07-26 23:56:38,729 [INFO] aiogram.event: Update id=226636849 is handled. Duration 652 ms by bot id=8931940625
2026-07-26 23:56:42,488 [INFO] aiogram.event: Update id=226636850 is handled. Duration 422 ms by bot id=8931940625
2026-07-26 23:56:49,216 [INFO] aiogram.event: Update id=226636851 is handled. Duration 246 ms by bot id=8931940625
2026-07-26 23:56:51,655 [INFO] aiogram.event: Update id=226636852 is handled. Duration 455 ms by bot id=8931940625
2026-07-26 23:56:53,192 [INFO] aiogram.event: Update id=226636853 is handled. Duration 447 ms by bot id=8931940625
2026-07-26 23:56:56,913 [INFO] aiogram.event: Update id=226636854 is handled. Duration 250 ms by bot id=8931940625
2026-07-26 23:57:04,521 [INFO] aiogram.event: Update id=226636855 is handled. Duration 268 ms by bot id=8931940625
2026-07-26 23:57:08,077 [INFO] aiogram.event: Update id=226636856 is handled. Duration 463 ms by bot id=8931940625
2026-07-26 23:57:10,300 [INFO] aiogram.event: Update id=226636857 is handled. Duration 658 ms by bot id=8931940625
2026-07-26 23:57:12,403 [INFO] aiogram.event: Update id=226636858 is handled. Duration 440 ms by bot id=8931940625
2026-07-26 23:57:14,265 [INFO] aiogram.event: Update id=226636859 is handled. Duration 440 ms by bot id=8931940625
2026-07-26 23:57:16,203 [INFO] aiogram.event: Update id=226636861 is handled. Duration 455 ms by bot id=8931940625
2026-07-26 23:57:16,258 [INFO] aiogram.event: Update id=226636860 is handled. Duration 876 ms by bot id=8931940625
2026-07-26 23:57:16,728 [INFO] aiogram.event: Update id=226636862 is handled. Duration 639 ms by bot id=8931940625
2026-07-26 23:57:18,322 [INFO] aiogram.event: Update id=226636863 is handled. Duration 456 ms by bot id=8931940625
2026-07-26 23:57:27,186 [INFO] aiogram.event: Update id=226636864 is handled. Duration 228 ms by bot id=8931940625
2026-07-26 23:57:31,185 [INFO] aiogram.event: Update id=226636865 is handled. Duration 444 ms by bot id=8931940625
2026-07-26 23:57:38,656 [INFO] aiogram.event: Update id=226636866 is handled. Duration 228 ms by bot id=8931940625
2026-07-26 23:57:58,520 [INFO] aiogram.event: Update id=226636867 is handled. Duration 467 ms by bot id=8931940625
2026-07-26 23:58:02,648 [INFO] aiogram.event: Update id=226636868 is handled. Duration 451 ms by bot id=8931940625
2026-07-26 23:58:15,051 [INFO] aiogram.event: Update id=226636870 is handled. Duration 1960 ms by bot id=8931940625
2026-07-26 23:58:15,125 [INFO] aiogram.event: Update id=226636869 is handled. Duration 4534 ms by bot id=8931940625
2026-07-26 23:58:28,995 [INFO] aiogram.event: Update id=226636871 is not handled. Duration 5 ms by bot id=8931940625
2026-07-26 23:58:39,645 [INFO] aiogram.event: Update id=226636872 is handled. Duration 468 ms by bot id=8931940625
2026-07-26 23:58:41,590 [INFO] aiogram.event: Update id=226636873 is not handled. Duration 3 ms by bot id=8931940625
2026-07-26 23:58:45,925 [INFO] aiogram.event: Update id=226636874 is handled. Duration 444 ms by bot id=8931940625
2026-07-26 23:58:47,938 [INFO] aiogram.event: Update id=226636875 is handled. Duration 242 ms by bot id=8931940625
2026-07-26 23:58:49,205 [INFO] aiogram.event: Update id=226636876 is not handled. Duration 3 ms by bot id=8931940625
2026-07-26 23:58:50,892 [INFO] aiogram.event: Update id=226636877 is handled. Duration 474 ms by bot id=8931940625
2026-07-26 23:58:53,208 [INFO] aiogram.event: Update id=226636878 is handled. Duration 456 ms by bot id=8931940625
2026-07-26 23:58:53,775 [INFO] aiogram.event: Update id=226636879 is handled. Duration 477 ms by bot id=8931940625
2026-07-26 23:58:54,668 [INFO] aiogram.event: Update id=226636880 is handled. Duration 274 ms by bot id=8931940625
2026-07-26 23:58:55,883 [INFO] aiogram.event: Update id=226636881 is handled. Duration 597 ms by bot id=8931940625
2026-07-26 23:58:56,398 [INFO] aiogram.event: Update id=226636882 is handled. Duration 643 ms by bot id=8931940625
2026-07-26 23:58:57,680 [INFO] aiogram.event: Update id=226636883 is handled. Duration 476 ms by bot id=8931940625
2026-07-26 23:58:57,898 [INFO] aiogram.event: Update id=226636884 is handled. Duration 453 ms by bot id=8931940625
2026-07-26 23:58:59,144 [INFO] aiogram.event: Update id=226636885 is handled. Duration 446 ms by bot id=8931940625
2026-07-26 23:58:59,709 [INFO] aiogram.event: Update id=226636886 is handled. Duration 444 ms by bot id=8931940625
2026-07-26 23:59:01,842 [INFO] aiogram.event: Update id=226636887 is handled. Duration 443 ms by bot id=8931940625
2026-07-26 23:59:02,704 [INFO] aiogram.event: Update id=226636888 is handled. Duration 684 ms by bot id=8931940625
2026-07-26 23:59:03,401 [INFO] aiogram.event: Update id=226636889 is handled. Duration 456 ms by bot id=8931940625
2026-07-26 23:59:10,174 [INFO] aiogram.event: Update id=226636890 is handled. Duration 647 ms by bot id=8931940625
2026-07-26 23:59:12,786 [INFO] aiogram.event: Update id=226636891 is handled. Duration 479 ms by bot id=8931940625
2026-07-26 23:59:14,416 [INFO] aiogram.event: Update id=226636892 is handled. Duration 729 ms by bot id=8931940625
2026-07-26 23:59:17,677 [INFO] aiogram.event: Update id=226636893 is handled. Duration 462 ms by bot id=8931940625
2026-07-26 23:59:20,322 [INFO] aiogram.event: Update id=226636894 is handled. Duration 492 ms by bot id=8931940625
2026-07-26 23:59:28,507 [INFO] aiogram.event: Update id=226636895 is not handled. Duration 3 ms by bot id=8931940625
2026-07-26 23:59:32,557 [INFO] aiogram.event: Update id=226636896 is handled. Duration 462 ms by bot id=8931940625
2026-07-26 23:59:36,205 [INFO] aiogram.event: Update id=226636897 is handled. Duration 459 ms by bot id=8931940625
2026-07-26 23:59:38,425 [INFO] aiogram.event: Update id=226636898 is handled. Duration 457 ms by bot id=8931940625
2026-07-26 23:59:45,301 [INFO] aiogram.event: Update id=226636899 is not handled. Duration 6 ms by bot id=8931940625
2026-07-27 00:00:04,991 [INFO] aiogram.event: Update id=226636900 is handled. Duration 312 ms by bot id=8931940625
2026-07-27 00:00:08,335 [INFO] aiogram.event: Update id=226636901 is handled. Duration 452 ms by bot id=8931940625
2026-07-27 00:00:10,749 [INFO] aiogram.event: Update id=226636902 is handled. Duration 450 ms by bot id=8931940625
2026-07-27 00:01:29,798 [INFO] aiogram.event: Update id=226636903 is not handled. Duration 13 ms by bot id=8931940625
2026-07-27 00:02:31,705 [INFO] aiogram.event: Update id=226636904 is handled. Duration 251 ms by bot id=8931940625
2026-07-27 00:02:39,591 [INFO] aiogram.event: Update id=226636905 is handled. Duration 477 ms by bot id=8931940625
2026-07-27 00:02:42,467 [INFO] aiogram.event: Update id=226636906 is handled. Duration 458 ms by bot id=8931940625
2026-07-27 00:02:49,321 [INFO] aiogram.event: Update id=226636907 is handled. Duration 248 ms by bot id=8931940625
2026-07-27 00:02:58,113 [INFO] aiogram.event: Update id=226636908 is handled. Duration 473 ms by bot id=8931940625
2026-07-27 00:03:01,192 [INFO] aiogram.event: Update id=226636909 is handled. Duration 472 ms by bot id=8931940625
2026-07-27 00:03:03,235 [INFO] aiogram.event: Update id=226636910 is handled. Duration 474 ms by bot id=8931940625
2026-07-27 00:03:06,360 [INFO] aiogram.event: Update id=226636911 is handled. Duration 473 ms by bot id=8931940625
2026-07-27 00:03:09,121 [INFO] aiogram.event: Update id=226636912 is handled. Duration 469 ms by bot id=8931940625
2026-07-27 00:03:12,005 [INFO] aiogram.event: Update id=226636913 is handled. Duration 481 ms by bot id=8931940625
2026-07-27 00:03:25,810 [INFO] aiogram.event: Update id=226636914 is handled. Duration 265 ms by bot id=8931940625
2026-07-27 00:03:29,598 [INFO] aiogram.event: Update id=226636915 is handled. Duration 470 ms by bot id=8931940625
2026-07-27 00:04:40,070 [ERROR] aiogram.dispatcher: Failed to fetch updates - TelegramNetworkError: HTTP Client says - Request timeout error
2026-07-27 00:04:40,070 [WARNING] aiogram.dispatcher: Sleep for 1.000000 seconds and try again... (tryings = 0, bot id = 8931940625)
2026-07-27 00:04:51,352 [INFO] aiogram.dispatcher: Connection established (tryings = 1, bot id = 8931940625)
2026-07-27 00:04:54,509 [INFO] aiogram.event: Update id=226636916 is handled. Duration 655 ms by bot id=8931940625
2026-07-27 00:04:56,766 [INFO] aiogram.event: Update id=226636917 is handled. Duration 480 ms by bot id=8931940625
2026-07-27 00:05:33,171 [INFO] aiogram.event: Update id=226636918 is handled. Duration 257 ms by bot id=8931940625
2026-07-27 00:05:36,052 [INFO] aiogram.event: Update id=226636919 is handled. Duration 266 ms by bot id=8931940625
2026-07-27 00:05:38,618 [INFO] aiogram.event: Update id=226636920 is handled. Duration 492 ms by bot id=8931940625
2026-07-27 00:05:41,306 [INFO] aiogram.event: Update id=226636921 is handled. Duration 455 ms by bot id=8931940625
2026-07-27 00:05:42,881 [INFO] aiogram.event: Update id=226636922 is handled. Duration 576 ms by bot id=8931940625
2026-07-27 00:05:45,745 [INFO] aiogram.event: Update id=226636923 is handled. Duration 751 ms by bot id=8931940625
2026-07-27 00:05:47,390 [INFO] aiogram.event: Update id=226636924 is handled. Duration 704 ms by bot id=8931940625
2026-07-27 00:05:49,739 [INFO] aiogram.event: Update id=226636925 is handled. Duration 475 ms by bot id=8931940625
2026-07-27 00:07:49,736 [INFO] aiogram.event: Update id=226636926 is handled. Duration 256 ms by bot id=8931940625
2026-07-27 00:07:57,673 [INFO] aiogram.event: Update id=226636927 is handled. Duration 482 ms by bot id=8931940625
2026-07-27 00:08:03,743 [INFO] aiogram.event: Update id=226636928 is handled. Duration 462 ms by bot id=8931940625
2026-07-27 00:08:09,730 [INFO] aiogram.event: Update id=226636929 is handled. Duration 588 ms by bot id=8931940625
2026-07-27 00:08:11,661 [INFO] aiogram.event: Update id=226636930 is handled. Duration 494 ms by bot id=8931940625
2026-07-27 00:12:31,045 [INFO] aiogram.event: Update id=226636931 is handled. Duration 260 ms by bot id=8931940625
2026-07-27 00:12:55,881 [INFO] aiogram.event: Update id=226636932 is handled. Duration 266 ms by bot id=8931940625
2026-07-27 00:13:02,449 [INFO] aiogram.event: Update id=226636933 is handled. Duration 491 ms by bot id=8931940625
2026-07-27 00:13:04,797 [INFO] aiogram.event: Update id=226636934 is handled. Duration 462 ms by bot id=8931940625
2026-07-27 00:13:08,056 [INFO] aiogram.event: Update id=226636935 is handled. Duration 471 ms by bot id=8931940625
2026-07-27 00:16:16,175 [INFO] aiogram.event: Update id=226636936 is handled. Duration 260 ms by bot id=8931940625
2026-07-27 00:16:21,391 [INFO] aiogram.event: Update id=226636937 is handled. Duration 262 ms by bot id=8931940625
2026-07-27 00:16:23,834 [INFO] aiogram.event: Update id=226636938 is handled. Duration 477 ms by bot id=8931940625
2026-07-27 00:16:25,931 [INFO] aiogram.event: Update id=226636939 is handled. Duration 853 ms by bot id=8931940625
2026-07-27 00:16:31,781 [INFO] aiogram.event: Update id=226636940 is handled. Duration 543 ms by bot id=8931940625
2026-07-27 00:16:32,456 [INFO] aiogram.event: Update id=226636941 is handled. Duration 941 ms by bot id=8931940625
2026-07-27 00:16:36,267 [INFO] aiogram.event: Update id=226636942 is handled. Duration 465 ms by bot id=8931940625
2026-07-27 00:16:42,850 [INFO] aiogram.event: Update id=226636943 is handled. Duration 477 ms by bot id=8931940625
2026-07-27 00:16:47,976 [INFO] aiogram.event: Update id=226636944 is handled. Duration 464 ms by bot id=8931940625
2026-07-27 00:22:47,366 [INFO] aiogram.event: Update id=226636945 is handled. Duration 256 ms by bot id=8931940625
2026-07-26 19:28:08,415 [INFO] __main__: Запуск бота ObunaHub...
2026-07-26 19:28:08,543 [INFO] __main__: Все роутеры зарегистрированы. Администраторы: [8563966849]
2026-07-26 19:28:08,617 [INFO] __main__: Бот запущен, ожидаю сообщения...
2026-07-26 19:28:08,618 [INFO] aiogram.dispatcher: Start polling
2026-07-26 19:28:08,638 [INFO] aiogram.dispatcher: Run polling for bot @ObunaHub_bot id=8931940625 - 'ObunaHub_Bot'
2026-07-26 19:28:13,660 [INFO] aiogram.event: Update id=226636949 is handled. Duration 506 ms by bot id=8931940625
2026-07-26 19:28:16,167 [INFO] aiogram.event: Update id=226636950 is handled. Duration 257 ms by bot id=8931940625
2026-07-26 19:28:18,363 [INFO] aiogram.event: Update id=226636951 is handled. Duration 225 ms by bot id=8931940625
2026-07-26 19:28:31,946 [INFO] aiogram.event: Update id=226636952 is handled. Duration 180 ms by bot id=8931940625
2026-07-26 19:29:07,334 [INFO] aiogram.event: Update id=226636953 is handled. Duration 231 ms by bot id=8931940625
2026-07-26 19:29:08,745 [INFO] aiogram.event: Update id=226636954 is handled. Duration 346 ms by bot id=8931940625
2026-07-26 19:29:09,931 [INFO] aiogram.event: Update id=226636955 is handled. Duration 341 ms by bot id=8931940625
2026-07-26 19:29:10,967 [INFO] aiogram.event: Update id=226636956 is handled. Duration 362 ms by bot id=8931940625
2026-07-26 19:29:13,958 [INFO] aiogram.event: Update id=226636957 is handled. Duration 452 ms by bot id=8931940625
2026-07-26 19:29:15,401 [INFO] aiogram.event: Update id=226636958 is handled. Duration 342 ms by bot id=8931940625
2026-07-26 19:29:16,671 [INFO] aiogram.event: Update id=226636959 is handled. Duration 315 ms by bot id=8931940625
2026-07-26 19:29:20,497 [INFO] aiogram.event: Update id=226636960 is handled. Duration 174 ms by bot id=8931940625
2026-07-26 19:29:29,489 [INFO] aiogram.event: Update id=226636961 is handled. Duration 311 ms by bot id=8931940625
2026-07-26 19:29:45,161 [INFO] aiogram.event: Update id=226636962 is handled. Duration 311 ms by bot id=8931940625
2026-07-26 19:29:46,795 [INFO] aiogram.event: Update id=226636963 is handled. Duration 311 ms by bot id=8931940625
2026-07-26 19:29:55,147 [INFO] aiogram.event: Update id=226636964 is handled. Duration 169 ms by bot id=8931940625
2026-07-26 19:29:57,576 [INFO] aiogram.event: Update id=226636965 is handled. Duration 467 ms by bot id=8931940625
2026-07-26 19:29:59,243 [INFO] aiogram.event: Update id=226636966 is handled. Duration 538 ms by bot id=8931940625
2026-07-26 19:30:14,474 [INFO] aiogram.event: Update id=226636967 is not handled. Duration 16 ms by bot id=8931940625
2026-07-26 19:30:27,666 [INFO] aiogram.event: Update id=226636968 is not handled. Duration 6 ms by bot id=8931940625
2026-07-26 19:30:31,219 [INFO] aiogram.event: Update id=226636969 is not handled. Duration 9 ms by bot id=8931940625
2026-07-26 19:30:37,296 [INFO] aiogram.event: Update id=226636970 is handled. Duration 341 ms by bot id=8931940625
2026-07-26 19:30:39,871 [INFO] aiogram.event: Update id=226636971 is handled. Duration 293 ms by bot id=8931940625
2026-07-26 19:30:40,527 [INFO] aiogram.event: Update id=226636972 is handled. Duration 154 ms by bot id=8931940625
2026-07-26 19:30:41,419 [INFO] aiogram.event: Update id=226636973 is handled. Duration 304 ms by bot id=8931940625
2026-07-26 19:30:42,683 [INFO] aiogram.event: Update id=226636974 is handled. Duration 365 ms by bot id=8931940625
2026-07-26 19:30:44,718 [INFO] aiogram.event: Update id=226636975 is handled. Duration 171 ms by bot id=8931940625
2026-07-26 19:30:45,014 [INFO] aiogram.event: Update id=226636976 is handled. Duration 339 ms by bot id=8931940625
2026-07-26 19:30:52,181 [INFO] aiogram.event: Update id=226636977 is handled. Duration 188 ms by bot id=8931940625
2026-07-26 19:30:55,861 [INFO] aiogram.event: Update id=226636978 is handled. Duration 314 ms by bot id=8931940625
2026-07-26 19:31:03,220 [INFO] aiogram.event: Update id=226636979 is handled. Duration 309 ms by bot id=8931940625
2026-07-26 19:31:05,810 [INFO] aiogram.event: Update id=226636980 is handled. Duration 339 ms by bot id=8931940625
2026-07-26 19:31:11,929 [INFO] aiogram.event: Update id=226636981 is handled. Duration 172 ms by bot id=8931940625
2026-07-26 19:31:14,049 [INFO] aiogram.event: Update id=226636982 is handled. Duration 305 ms by bot id=8931940625
2026-07-26 19:31:15,533 [INFO] aiogram.event: Update id=226636983 is handled. Duration 295 ms by bot id=8931940625
2026-07-26 19:31:18,309 [INFO] aiogram.event: Update id=226636984 is handled. Duration 381 ms by bot id=8931940625
2026-07-26 19:31:19,596 [INFO] aiogram.event: Update id=226636985 is handled. Duration 310 ms by bot id=8931940625
2026-07-26 19:31:21,340 [INFO] aiogram.event: Update id=226636986 is handled. Duration 309 ms by bot id=8931940625
2026-07-26 19:32:27,299 [INFO] aiogram.event: Update id=226636987 is handled. Duration 196 ms by bot id=8931940625
2026-07-26 19:32:32,091 [INFO] aiogram.event: Update id=226636988 is handled. Duration 332 ms by bot id=8931940625
2026-07-26 19:32:33,824 [INFO] aiogram.event: Update id=226636989 is handled. Duration 729 ms by bot id=8931940625
2026-07-26 19:34:31,904 [INFO] aiogram.event: Update id=226636990 is handled. Duration 196 ms by bot id=8931940625
2026-07-26 19:34:33,225 [INFO] aiogram.event: Update id=226636991 is handled. Duration 345 ms by bot id=8931940625
2026-07-26 19:34:34,606 [INFO] aiogram.event: Update id=226636992 is handled. Duration 342 ms by bot id=8931940625
2026-07-26 19:34:35,675 [INFO] aiogram.event: Update id=226636993 is handled. Duration 361 ms by bot id=8931940625
2026-07-26 19:34:39,253 [INFO] aiogram.event: Update id=226636994 is handled. Duration 516 ms by bot id=8931940625
2026-07-26 19:34:42,484 [INFO] aiogram.event: Update id=226636995 is handled. Duration 435 ms by bot id=8931940625
2026-07-26 19:34:55,151 [INFO] aiogram.event: Update id=226636996 is handled. Duration 165 ms by bot id=8931940625
2026-07-26 19:35:21,286 [INFO] aiogram.event: Update id=226636997 is handled. Duration 461 ms by bot id=8931940625
2026-07-26 19:35:25,379 [INFO] aiogram.event: Update id=226636998 is handled. Duration 313 ms by bot id=8931940625
2026-07-26 19:35:33,832 [INFO] aiogram.event: Update id=226636999 is handled. Duration 550 ms by bot id=8931940625
2026-07-26 19:35:41,947 [INFO] aiogram.event: Update id=226637000 is not handled. Duration 21 ms by bot id=8931940625
2026-07-26 19:36:04,368 [INFO] aiogram.event: Update id=226637001 is handled. Duration 173 ms by bot id=8931940625
2026-07-26 19:36:22,435 [INFO] aiogram.event: Update id=226637002 is handled. Duration 333 ms by bot id=8931940625
2026-07-26 19:36:38,353 [INFO] aiogram.event: Update id=226637003 is handled. Duration 318 ms by bot id=8931940625
2026-07-26 19:36:53,881 [INFO] aiogram.event: Update id=226637004 is handled. Duration 333 ms by bot id=8931940625
2026-07-26 19:37:17,238 [INFO] aiogram.event: Update id=226637005 is handled. Duration 455 ms by bot id=8931940625
2026-07-26 19:37:33,789 [INFO] aiogram.event: Update id=226637006 is handled. Duration 179 ms by bot id=8931940625
2026-07-26 19:37:39,682 [INFO] aiogram.event: Update id=226637008 is handled. Duration 173 ms by bot id=8931940625
2026-07-26 19:37:39,707 [INFO] aiogram.event: Update id=226637007 is handled. Duration 309 ms by bot id=8931940625
2026-07-26 19:37:43,415 [INFO] aiogram.event: Update id=226637009 is handled. Duration 313 ms by bot id=8931940625
2026-07-26 19:37:47,241 [INFO] aiogram.event: Update id=226637010 is handled. Duration 357 ms by bot id=8931940625
2026-07-26 19:37:48,972 [INFO] aiogram.event: Update id=226637011 is handled. Duration 336 ms by bot id=8931940625
2026-07-26 19:37:50,829 [INFO] aiogram.event: Update id=226637012 is handled. Duration 358 ms by bot id=8931940625
2026-07-26 19:37:52,835 [INFO] aiogram.event: Update id=226637013 is handled. Duration 462 ms by bot id=8931940625
2026-07-26 19:38:03,900 [INFO] aiogram.event: Update id=226637014 is handled. Duration 564 ms by bot id=8931940625
2026-07-26 19:38:39,117 [INFO] aiogram.event: Update id=226637015 is handled. Duration 207 ms by bot id=8931940625
2026-07-26 19:38:40,512 [INFO] aiogram.event: Update id=226637016 is handled. Duration 313 ms by bot id=8931940625
2026-07-26 19:38:41,922 [INFO] aiogram.event: Update id=226637017 is handled. Duration 332 ms by bot id=8931940625
2026-07-26 19:38:42,977 [INFO] aiogram.event: Update id=226637018 is handled. Duration 328 ms by bot id=8931940625
2026-07-26 19:38:43,777 [INFO] aiogram.event: Update id=226637019 is handled. Duration 322 ms by bot id=8931940625
2026-07-26 19:38:52,280 [INFO] aiogram.event: Update id=226637020 is handled. Duration 186 ms by bot id=8931940625
2026-07-26 19:38:55,216 [INFO] aiogram.event: Update id=226637021 is handled. Duration 305 ms by bot id=8931940625
2026-07-26 19:39:55,513 [INFO] aiogram.event: Update id=226637022 is handled. Duration 299 ms by bot id=8931940625
2026-07-26 19:39:57,308 [INFO] aiogram.event: Update id=226637023 is handled. Duration 322 ms by bot id=8931940625
2026-07-26 19:39:59,987 [INFO] aiogram.event: Update id=226637024 is handled. Duration 167 ms by bot id=8931940625
2026-07-26 19:40:02,237 [INFO] aiogram.event: Update id=226637025 is handled. Duration 469 ms by bot id=8931940625
2026-07-26 19:40:03,756 [INFO] aiogram.event: Update id=226637026 is handled. Duration 312 ms by bot id=8931940625
2026-07-26 19:40:14,711 [INFO] aiogram.event: Update id=226637027 is handled. Duration 476 ms by bot id=8931940625
2026-07-26 19:40:20,434 [INFO] aiogram.event: Update id=226637028 is handled. Duration 317 ms by bot id=8931940625
2026-07-26 19:40:21,740 [INFO] aiogram.event: Update id=226637029 is handled. Duration 307 ms by bot id=8931940625
2026-07-26 19:40:24,891 [INFO] aiogram.event: Update id=226637030 is handled. Duration 293 ms by bot id=8931940625
2026-07-26 19:40:27,191 [INFO] aiogram.event: Update id=226637031 is handled. Duration 326 ms by bot id=8931940625
2026-07-26 19:40:34,972 [INFO] aiogram.event: Update id=226637032 is handled. Duration 156 ms by bot id=8931940625
2026-07-26 19:41:06,217 [INFO] aiogram.event: Update id=226637033 is not handled. Duration 8 ms by bot id=8931940625
2026-07-26 19:41:08,451 [INFO] aiogram.event: Update id=226637034 is handled. Duration 157 ms by bot id=8931940625
2026-07-26 19:41:09,573 [INFO] aiogram.event: Update id=226637035 is not handled. Duration 8 ms by bot id=8931940625
2026-07-26 19:41:12,708 [INFO] aiogram.event: Update id=226637036 is handled. Duration 147 ms by bot id=8931940625
2026-07-26 19:41:16,096 [INFO] aiogram.event: Update id=226637037 is handled. Duration 297 ms by bot id=8931940625
2026-07-26 19:41:21,099 [INFO] aiogram.event: Update id=226637038 is handled. Duration 159 ms by bot id=8931940625
2026-07-26 19:42:27,350 [INFO] aiogram.event: Update id=226637039 is handled. Duration 160 ms by bot id=8931940625
2026-07-26 19:42:38,066 [INFO] aiogram.event: Update id=226637040 is handled. Duration 163 ms by bot id=8931940625
2026-07-26 19:43:03,197 [INFO] aiogram.event: Update id=226637041 is handled. Duration 164 ms by bot id=8931940625
2026-07-26 19:43:06,510 [INFO] aiogram.event: Update id=226637042 is handled. Duration 333 ms by bot id=8931940625
2026-07-26 19:43:10,153 [INFO] aiogram.event: Update id=226637043 is handled. Duration 305 ms by bot id=8931940625
2026-07-26 19:43:11,747 [INFO] aiogram.event: Update id=226637044 is handled. Duration 308 ms by bot id=8931940625
2026-07-26 19:43:12,969 [INFO] aiogram.event: Update id=226637045 is handled. Duration 302 ms by bot id=8931940625
2026-07-26 19:43:15,435 [INFO] aiogram.event: Update id=226637046 is handled. Duration 308 ms by bot id=8931940625
2026-07-26 19:43:19,130 [INFO] aiogram.event: Update id=226637047 is handled. Duration 297 ms by bot id=8931940625
2026-07-26 19:43:21,234 [INFO] aiogram.event: Update id=226637048 is handled. Duration 294 ms by bot id=8931940625
2026-07-26 19:43:28,108 [INFO] aiogram.event: Update id=226637049 is handled. Duration 182 ms by bot id=8931940625
2026-07-26 19:43:35,016 [INFO] aiogram.event: Update id=226637050 is handled. Duration 165 ms by bot id=8931940625
2026-07-26 19:43:43,638 [INFO] aiogram.event: Update id=226637051 is handled. Duration 458 ms by bot id=8931940625
2026-07-26 19:44:38,611 [INFO] aiogram.event: Update id=226637052 is handled. Duration 161 ms by bot id=8931940625
2026-07-26 19:44:45,169 [INFO] aiogram.event: Update id=226637053 is handled. Duration 163 ms by bot id=8931940625
2026-07-26 19:44:47,298 [INFO] aiogram.event: Update id=226637054 is handled. Duration 284 ms by bot id=8931940625
2026-07-26 19:44:53,808 [INFO] aiogram.event: Update id=226637055 is handled. Duration 165 ms by bot id=8931940625
2026-07-26 19:46:30,488 [INFO] aiogram.event: Update id=226637056 is handled. Duration 165 ms by bot id=8931940625
2026-07-26 19:46:39,993 [INFO] aiogram.event: Update id=226637057 is handled. Duration 168 ms by bot id=8931940625
2026-07-26 19:46:41,937 [INFO] aiogram.event: Update id=226637058 is handled. Duration 322 ms by bot id=8931940625
2026-07-26 19:46:46,578 [INFO] aiogram.event: Update id=226637059 is handled. Duration 291 ms by bot id=8931940625
2026-07-26 19:46:47,894 [INFO] aiogram.event: Update id=226637060 is handled. Duration 319 ms by bot id=8931940625
2026-07-26 19:46:49,428 [INFO] aiogram.event: Update id=226637061 is handled. Duration 288 ms by bot id=8931940625
2026-07-26 19:46:51,374 [INFO] aiogram.event: Update id=226637062 is handled. Duration 347 ms by bot id=8931940625
2026-07-26 19:46:54,002 [INFO] aiogram.event: Update id=226637063 is handled. Duration 295 ms by bot id=8931940625
2026-07-26 19:46:56,718 [INFO] aiogram.event: Update id=226637064 is handled. Duration 318 ms by bot id=8931940625
2026-07-26 19:47:02,433 [INFO] aiogram.event: Update id=226637065 is handled. Duration 191 ms by bot id=8931940625
2026-07-26 19:47:21,315 [INFO] aiogram.event: Update id=226637066 is handled. Duration 199 ms by bot id=8931940625
2026-07-26 19:47:25,576 [INFO] aiogram.event: Update id=226637067 is handled. Duration 320 ms by bot id=8931940625
2026-07-26 19:47:29,744 [INFO] aiogram.event: Update id=226637068 is handled. Duration 453 ms by bot id=8931940625
2026-07-26 19:47:39,348 [INFO] aiogram.event: Update id=226637069 is handled. Duration 507 ms by bot id=8931940625
2026-07-26 19:47:44,693 [INFO] aiogram.event: Update id=226637070 is handled. Duration 452 ms by bot id=8931940625
2026-07-26 19:47:47,887 [INFO] aiogram.event: Update id=226637071 is handled. Duration 482 ms by bot id=8931940625
2026-07-26 19:48:33,454 [INFO] aiogram.event: Update id=226637072 is handled. Duration 299 ms by bot id=8931940625
2026-07-26 19:48:37,436 [INFO] aiogram.event: Update id=226637073 is handled. Duration 170 ms by bot id=8931940625
2026-07-26 19:48:45,468 [INFO] aiogram.event: Update id=226637074 is handled. Duration 347 ms by bot id=8931940625
2026-07-26 19:48:54,736 [INFO] aiogram.event: Update id=226637075 is handled. Duration 357 ms by bot id=8931940625
2026-07-26 19:48:58,872 [INFO] aiogram.event: Update id=226637076 is handled. Duration 312 ms by bot id=8931940625
2026-07-26 19:49:00,804 [INFO] aiogram.event: Update id=226637077 is handled. Duration 305 ms by bot id=8931940625
2026-07-26 19:49:02,814 [INFO] aiogram.event: Update id=226637078 is not handled. Duration 11 ms by bot id=8931940625
2026-07-26 19:49:04,863 [INFO] aiogram.event: Update id=226637079 is handled. Duration 319 ms by bot id=8931940625
2026-07-26 19:49:10,621 [INFO] aiogram.event: Update id=226637080 is handled. Duration 289 ms by bot id=8931940625
2026-07-26 19:49:16,116 [INFO] aiogram.event: Update id=226637081 is handled. Duration 231 ms by bot id=8931940625
2026-07-26 19:49:18,271 [INFO] aiogram.event: Update id=226637082 is handled. Duration 348 ms by bot id=8931940625
2026-07-26 19:49:26,582 [INFO] aiogram.event: Update id=226637083 is handled. Duration 337 ms by bot id=8931940625
2026-07-26 19:49:30,132 [INFO] aiogram.event: Update id=226637084 is handled. Duration 161 ms by bot id=8931940625
2026-07-26 19:49:32,211 [INFO] aiogram.event: Update id=226637085 is handled. Duration 318 ms by bot id=8931940625
2026-07-26 19:49:33,884 [INFO] aiogram.event: Update id=226637086 is handled. Duration 293 ms by bot id=8931940625
2026-07-26 19:50:13,737 [INFO] aiogram.event: Update id=226637087 is handled. Duration 208 ms by bot id=8931940625
2026-07-26 19:50:17,497 [INFO] aiogram.event: Update id=226637088 is handled. Duration 350 ms by bot id=8931940625
2026-07-26 19:50:19,647 [INFO] aiogram.event: Update id=226637089 is handled. Duration 305 ms by bot id=8931940625
2026-07-26 19:51:55,328 [INFO] aiogram.event: Update id=226637090 is handled. Duration 340 ms by bot id=8931940625
2026-07-26 19:51:56,818 [INFO] aiogram.event: Update id=226637091 is handled. Duration 328 ms by bot id=8931940625
2026-07-26 19:52:09,465 [INFO] aiogram.event: Update id=226637092 is handled. Duration 335 ms by bot id=8931940625
2026-07-26 19:52:24,474 [INFO] aiogram.event: Update id=226637093 is not handled. Duration 5 ms by bot id=8931940625
2026-07-26 19:57:03,365 [INFO] aiogram.event: Update id=226637094 is not handled. Duration 5 ms by bot id=8931940625
2026-07-26 19:57:03,545 [INFO] aiogram.event: Update id=226637095 is handled. Duration 171 ms by bot id=8931940625
2026-07-26 19:57:06,690 [INFO] aiogram.event: Update id=226637096 is handled. Duration 486 ms by bot id=8931940625
2026-07-26 19:57:09,480 [INFO] aiogram.event: Update id=226637097 is handled. Duration 337 ms by bot id=8931940625
2026-07-26 19:57:11,979 [INFO] aiogram.event: Update id=226637098 is handled. Duration 202 ms by bot id=8931940625
2026-07-26 19:57:13,516 [INFO] aiogram.event: Update id=226637099 is handled. Duration 331 ms by bot id=8931940625
2026-07-26 19:57:15,824 [INFO] aiogram.event: Update id=226637100 is handled. Duration 318 ms by bot id=8931940625
2026-07-26 19:57:16,962 [INFO] aiogram.event: Update id=226637101 is handled. Duration 339 ms by bot id=8931940625
2026-07-26 19:57:17,247 [INFO] aiogram.event: Update id=226637102 is handled. Duration 182 ms by bot id=8931940625
2026-07-26 19:57:19,310 [INFO] aiogram.event: Update id=226637103 is handled. Duration 324 ms by bot id=8931940625
2026-07-26 19:57:20,396 [INFO] aiogram.event: Update id=226637104 is handled. Duration 305 ms by bot id=8931940625
2026-07-26 19:57:20,624 [INFO] aiogram.event: Update id=226637105 is handled. Duration 376 ms by bot id=8931940625
2026-07-26 19:57:22,773 [INFO] aiogram.event: Update id=226637106 is handled. Duration 347 ms by bot id=8931940625
2026-07-26 19:57:24,458 [INFO] aiogram.event: Update id=226637107 is handled. Duration 312 ms by bot id=8931940625
2026-07-26 19:57:26,136 [INFO] aiogram.event: Update id=226637108 is handled. Duration 321 ms by bot id=8931940625
2026-07-26 20:01:09,635 [INFO] aiogram.event: Update id=226637109 is handled. Duration 205 ms by bot id=8931940625
2026-07-26 20:03:25,273 [INFO] aiogram.event: Update id=226637110 is handled. Duration 209 ms by bot id=8931940625
2026-07-26 20:04:39,002 [INFO] aiogram.event: Update id=226637111 is handled. Duration 174 ms by bot id=8931940625
2026-07-26 20:04:42,955 [INFO] aiogram.event: Update id=226637112 is handled. Duration 333 ms by bot id=8931940625
2026-07-26 20:04:46,668 [INFO] aiogram.event: Update id=226637113 is handled. Duration 308 ms by bot id=8931940625
2026-07-26 20:06:36,825 [INFO] aiogram.event: Update id=226637114 is handled. Duration 341 ms by bot id=8931940625
2026-07-26 20:06:57,006 [INFO] aiogram.event: Update id=226637115 is not handled. Duration 11 ms by bot id=8931940625
2026-07-26 20:07:13,016 [INFO] aiogram.event: Update id=226637116 is not handled. Duration 10 ms by bot id=8931940625
2026-07-26 20:21:03,474 [INFO] aiogram.event: Update id=226637117 is handled. Duration 373 ms by bot id=8931940625
2026-07-26 20:21:07,015 [INFO] aiogram.event: Update id=226637118 is handled. Duration 313 ms by bot id=8931940625
2026-07-26 20:21:54,193 [INFO] aiogram.event: Update id=226637119 is handled. Duration 226 ms by bot id=8931940625
2026-07-26 20:22:02,787 [INFO] aiogram.event: Update id=226637120 is handled. Duration 308 ms by bot id=8931940625
2026-07-26 20:28:03,445 [INFO] aiogram.event: Update id=226637121 is handled. Duration 320 ms by bot id=8931940625
2026-07-26 20:28:06,675 [INFO] aiogram.event: Update id=226637122 is handled. Duration 310 ms by bot id=8931940625
2026-07-26 20:28:19,487 [INFO] aiogram.event: Update id=226637123 is handled. Duration 220 ms by bot id=8931940625
2026-07-26 20:28:25,742 [INFO] aiogram.event: Update id=226637124 is handled. Duration 179 ms by bot id=8931940625
2026-07-26 20:28:32,877 [INFO] aiogram.event: Update id=226637125 is handled. Duration 444 ms by bot id=8931940625
2026-07-26 20:28:37,137 [INFO] aiogram.event: Update id=226637126 is handled. Duration 334 ms by bot id=8931940625
2026-07-26 20:28:42,695 [INFO] aiogram.event: Update id=226637127 is handled. Duration 310 ms by bot id=8931940625
2026-07-26 20:38:53,297 [INFO] aiogram.event: Update id=226637128 is handled. Duration 196 ms by bot id=8931940625
2026-07-26 20:39:05,019 [INFO] aiogram.event: Update id=226637129 is handled. Duration 386 ms by bot id=8931940625
2026-07-26 20:39:07,826 [INFO] aiogram.event: Update id=226637130 is handled. Duration 376 ms by bot id=8931940625
2026-07-26 20:39:08,967 [INFO] aiogram.event: Update id=226637131 is handled. Duration 336 ms by bot id=8931940625
2026-07-26 20:39:11,176 [INFO] aiogram.event: Update id=226637132 is handled. Duration 323 ms by bot id=8931940625
2026-07-26 20:39:12,222 [INFO] aiogram.event: Update id=226637133 is handled. Duration 332 ms by bot id=8931940625
2026-07-26 20:39:13,377 [INFO] aiogram.event: Update id=226637134 is handled. Duration 287 ms by bot id=8931940625
2026-07-26 20:39:18,775 [INFO] aiogram.event: Update id=226637135 is handled. Duration 335 ms by bot id=8931940625
2026-07-26 20:39:20,278 [INFO] aiogram.event: Update id=226637136 is handled. Duration 310 ms by bot id=8931940625
2026-07-26 20:39:23,048 [INFO] aiogram.event: Update id=226637137 is handled. Duration 338 ms by bot id=8931940625
2026-07-26 21:05:42,020 [INFO] aiogram.event: Update id=226637138 is not handled. Duration 14 ms by bot id=8931940625
2026-07-26 21:05:46,277 [INFO] aiogram.event: Update id=226637139 is not handled. Duration 9 ms by bot id=8931940625
2026-07-26 21:12:22,333 [INFO] aiogram.event: Update id=226637140 is handled. Duration 504 ms by bot id=8931940625
2026-07-26 21:20:05,405 [INFO] aiogram.event: Update id=226637141 is handled. Duration 318 ms by bot id=8931940625
2026-07-26 21:33:02,259 [INFO] aiogram.event: Update id=226637142 is handled. Duration 200 ms by bot id=8931940625
2026-07-26 21:34:39,905 [INFO] aiogram.event: Update id=226637143 is handled. Duration 186 ms by bot id=8931940625
2026-07-26 21:34:47,673 [INFO] aiogram.event: Update id=226637144 is handled. Duration 327 ms by bot id=8931940625
2026-07-26 21:34:52,943 [INFO] aiogram.event: Update id=226637145 is handled. Duration 431 ms by bot id=8931940625
2026-07-26 21:35:01,539 [INFO] aiogram.event: Update id=226637146 is handled. Duration 512 ms by bot id=8931940625
2026-07-26 21:35:03,434 [INFO] aiogram.event: Update id=226637147 is handled. Duration 309 ms by bot id=8931940625
2026-07-26 21:35:09,813 [INFO] aiogram.event: Update id=226637148 is handled. Duration 328 ms by bot id=8931940625
2026-07-26 21:35:13,236 [INFO] aiogram.event: Update id=226637149 is handled. Duration 302 ms by bot id=8931940625
2026-07-26 21:35:15,457 [INFO] aiogram.event: Update id=226637150 is handled. Duration 175 ms by bot id=8931940625
2026-07-26 21:35:18,360 [INFO] aiogram.event: Update id=226637151 is handled. Duration 307 ms by bot id=8931940625
2026-07-26 21:35:20,270 [INFO] aiogram.event: Update id=226637152 is handled. Duration 359 ms by bot id=8931940625
2026-07-26 21:35:22,229 [INFO] aiogram.event: Update id=226637153 is handled. Duration 319 ms by bot id=8931940625
2026-07-26 21:35:25,514 [INFO] aiogram.event: Update id=226637154 is handled. Duration 334 ms by bot id=8931940625
2026-07-26 21:35:29,474 [INFO] aiogram.event: Update id=226637155 is handled. Duration 296 ms by bot id=8931940625
2026-07-26 21:35:32,448 [INFO] aiogram.event: Update id=226637156 is handled. Duration 347 ms by bot id=8931940625
2026-07-26 21:36:24,720 [INFO] aiogram.event: Update id=226637157 is handled. Duration 501 ms by bot id=8931940625
2026-07-26 21:36:35,838 [INFO] aiogram.event: Update id=226637158 is handled. Duration 465 ms by bot id=8931940625
2026-07-26 21:40:15,680 [INFO] aiogram.event: Update id=226637159 is handled. Duration 203 ms by bot id=8931940625
2026-07-26 21:40:18,951 [INFO] aiogram.event: Update id=226637160 is handled. Duration 312 ms by bot id=8931940625
2026-07-26 21:40:21,243 [INFO] aiogram.event: Update id=226637161 is handled. Duration 479 ms by bot id=8931940625
2026-07-26 21:40:51,373 [INFO] aiogram.event: Update id=226637162 is not handled. Duration 15 ms by bot id=8931940625
2026-07-26 21:40:56,500 [INFO] aiogram.event: Update id=226637163 is handled. Duration 621 ms by bot id=8931940625
2026-07-26 21:40:58,680 [INFO] aiogram.event: Update id=226637164 is handled. Duration 353 ms by bot id=8931940625
2026-07-26 21:41:01,639 [INFO] aiogram.event: Update id=226637165 is handled. Duration 494 ms by bot id=8931940625
2026-07-26 21:41:03,013 [INFO] aiogram.event: Update id=226637166 is handled. Duration 339 ms by bot id=8931940625
2026-07-26 21:41:05,634 [INFO] aiogram.event: Update id=226637167 is handled. Duration 287 ms by bot id=8931940625
2026-07-26 21:41:09,872 [INFO] aiogram.event: Update id=226637168 is handled. Duration 517 ms by bot id=8931940625
2026-07-26 21:41:16,335 [INFO] aiogram.event: Update id=226637169 is handled. Duration 546 ms by bot id=8931940625
2026-07-26 21:55:00,604 [INFO] aiogram.event: Update id=226637170 is handled. Duration 199 ms by bot id=8931940625
2026-07-26 21:55:02,867 [INFO] aiogram.event: Update id=226637171 is handled. Duration 308 ms by bot id=8931940625
2026-07-26 21:55:07,226 [INFO] aiogram.event: Update id=226637172 is handled. Duration 320 ms by bot id=8931940625
2026-07-26 21:55:09,506 [INFO] aiogram.event: Update id=226637173 is handled. Duration 313 ms by bot id=8931940625
2026-07-26 21:55:10,671 [INFO] aiogram.event: Update id=226637174 is handled. Duration 317 ms by bot id=8931940625
2026-07-26 22:56:22,771 [INFO] aiogram.event: Update id=226637175 is handled. Duration 519 ms by bot id=8931940625
2026-07-26 22:56:28,722 [INFO] aiogram.event: Update id=226637176 is handled. Duration 365 ms by bot id=8931940625
2026-07-26 22:56:32,292 [INFO] aiogram.event: Update id=226637177 is handled. Duration 331 ms by bot id=8931940625
2026-07-26 22:56:40,026 [INFO] aiogram.event: Update id=226637178 is handled. Duration 333 ms by bot id=8931940625
2026-07-26 22:56:41,893 [INFO] aiogram.event: Update id=226637179 is handled. Duration 340 ms by bot id=8931940625
2026-07-26 22:56:45,016 [INFO] aiogram.event: Update id=226637180 is handled. Duration 336 ms by bot id=8931940625
2026-07-26 22:56:47,414 [INFO] aiogram.event: Update id=226637181 is handled. Duration 314 ms by bot id=8931940625
2026-07-26 22:56:48,952 [INFO] aiogram.event: Update id=226637182 is handled. Duration 314 ms by bot id=8931940625
2026-07-26 22:56:50,797 [INFO] aiogram.event: Update id=226637183 is handled. Duration 334 ms by bot id=8931940625
2026-07-26 22:56:52,864 [INFO] aiogram.event: Update id=226637184 is handled. Duration 310 ms by bot id=8931940625
2026-07-26 22:56:56,875 [INFO] aiogram.event: Update id=226637185 is handled. Duration 333 ms by bot id=8931940625
2026-07-26 23:54:45,418 [INFO] aiogram.event: Update id=226637186 is handled. Duration 188 ms by bot id=8931940625
2026-07-26 23:54:48,455 [INFO] aiogram.event: Update id=226637187 is handled. Duration 305 ms by bot id=8931940625
2026-07-26 23:54:50,427 [INFO] aiogram.event: Update id=226637188 is handled. Duration 326 ms by bot id=8931940625
2026-07-26 23:54:52,458 [INFO] aiogram.event: Update id=226637189 is handled. Duration 320 ms by bot id=8931940625
2026-07-26 23:54:55,290 [INFO] aiogram.event: Update id=226637190 is handled. Duration 323 ms by bot id=8931940625
2026-07-26 23:55:18,505 [INFO] aiogram.event: Update id=226637191 is handled. Duration 579 ms by bot id=8931940625
2026-07-26 23:55:43,514 [INFO] aiogram.event: Update id=226637192 is handled. Duration 438 ms by bot id=8931940625
2026-07-26 23:56:59,634 [INFO] aiogram.event: Update id=226637193 is handled. Duration 493 ms by bot id=8931940625
2026-07-26 23:57:05,162 [INFO] aiogram.event: Update id=226637194 is handled. Duration 332 ms by bot id=8931940625
2026-07-26 23:57:08,197 [INFO] aiogram.event: Update id=226637195 is handled. Duration 443 ms by bot id=8931940625
2026-07-26 23:57:16,515 [INFO] aiogram.event: Update id=226637196 is handled. Duration 484 ms by bot id=8931940625
2026-07-26 23:57:18,455 [INFO] aiogram.event: Update id=226637197 is handled. Duration 502 ms by bot id=8931940625
2026-07-26 23:57:21,243 [INFO] aiogram.event: Update id=226637198 is handled. Duration 471 ms by bot id=8931940625
2026-07-26 23:57:23,337 [INFO] aiogram.event: Update id=226637199 is handled. Duration 337 ms by bot id=8931940625
2026-07-26 23:57:25,956 [INFO] aiogram.event: Update id=226637200 is handled. Duration 357 ms by bot id=8931940625
2026-07-26 23:58:31,036 [INFO] aiogram.event: Update id=226637201 is handled. Duration 375 ms by bot id=8931940625
2026-07-27 00:03:39,609 [INFO] aiogram.event: Update id=226637202 is handled. Duration 211 ms by bot id=8931940625
2026-07-27 00:03:51,933 [INFO] aiogram.event: Update id=226637203 is handled. Duration 331 ms by bot id=8931940625
2026-07-27 00:03:56,588 [INFO] aiogram.event: Update id=226637204 is handled. Duration 325 ms by bot id=8931940625
2026-07-27 00:04:02,888 [INFO] aiogram.event: Update id=226637205 is handled. Duration 303 ms by bot id=8931940625
2026-07-27 00:04:06,424 [INFO] aiogram.event: Update id=226637206 is handled. Duration 474 ms by bot id=8931940625
2026-07-27 00:06:56,014 [INFO] aiogram.event: Update id=226637207 is handled. Duration 193 ms by bot id=8931940625
2026-07-27 00:06:59,506 [INFO] aiogram.event: Update id=226637208 is handled. Duration 336 ms by bot id=8931940625
2026-07-27 00:07:03,717 [INFO] aiogram.event: Update id=226637209 is handled. Duration 314 ms by bot id=8931940625
2026-07-27 00:07:06,977 [INFO] aiogram.event: Update id=226637210 is handled. Duration 258 ms by bot id=8931940625
2026-07-27 00:07:44,118 [INFO] aiogram.event: Update id=226637211 is handled. Duration 163 ms by bot id=8931940625
2026-07-27 00:07:47,733 [INFO] aiogram.event: Update id=226637212 is handled. Duration 356 ms by bot id=8931940625
2026-07-27 00:08:12,272 [INFO] aiogram.event: Update id=226637213 is not handled. Duration 12 ms by bot id=8931940625
2026-07-27 00:08:14,026 [INFO] aiogram.event: Update id=226637214 is handled. Duration 578 ms by bot id=8931940625
2026-07-27 00:08:15,590 [INFO] aiogram.event: Update id=226637215 is handled. Duration 489 ms by bot id=8931940625
2026-07-27 00:08:20,164 [INFO] aiogram.event: Update id=226637216 is handled. Duration 462 ms by bot id=8931940625
2026-07-27 00:08:21,725 [INFO] aiogram.event: Update id=226637217 is handled. Duration 400 ms by bot id=8931940625
2026-07-27 00:08:25,784 [INFO] aiogram.event: Update id=226637218 is handled. Duration 306 ms by bot id=8931940625
2026-07-27 00:08:28,550 [INFO] aiogram.event: Update id=226637219 is handled. Duration 454 ms by bot id=8931940625
2026-07-27 00:08:36,855 [INFO] aiogram.event: Update id=226637220 is handled. Duration 464 ms by bot id=8931940625
2026-07-27 00:17:44,108 [INFO] aiogram.event: Update id=226637221 is handled. Duration 215 ms by bot id=8931940625
2026-07-27 00:17:46,603 [INFO] aiogram.event: Update id=226637222 is handled. Duration 309 ms by bot id=8931940625
2026-07-27 00:17:48,947 [INFO] aiogram.event: Update id=226637223 is handled. Duration 323 ms by bot id=8931940625
2026-07-27 00:17:56,975 [INFO] aiogram.event: Update id=226637224 is handled. Duration 324 ms by bot id=8931940625
2026-07-27 00:17:59,594 [INFO] aiogram.event: Update id=226637225 is handled. Duration 321 ms by bot id=8931940625
2026-07-27 00:18:02,172 [INFO] aiogram.event: Update id=226637226 is handled. Duration 160 ms by bot id=8931940625
2026-07-27 00:18:13,312 [INFO] aiogram.event: Update id=226637227 is handled. Duration 170 ms by bot id=8931940625
2026-07-27 00:18:16,342 [INFO] aiogram.event: Update id=226637228 is handled. Duration 398 ms by bot id=8931940625
2026-07-27 00:18:17,875 [INFO] aiogram.event: Update id=226637229 is handled. Duration 444 ms by bot id=8931940625
2026-07-27 00:18:25,015 [INFO] aiogram.event: Update id=226637230 is handled. Duration 202 ms by bot id=8931940625
2026-07-27 00:18:26,413 [INFO] aiogram.event: Update id=226637231 is handled. Duration 316 ms by bot id=8931940625
2026-07-27 00:18:28,918 [INFO] aiogram.event: Update id=226637232 is handled. Duration 315 ms by bot id=8931940625
2026-07-27 00:54:58,789 [INFO] aiogram.event: Update id=226637233 is handled. Duration 238 ms by bot id=8931940625
2026-07-27 01:11:30,923 [ERROR] aiogram.dispatcher: Failed to fetch updates - TelegramRetryAfter: Telegram server says - Flood control exceeded on method 'GetUpdates'. Retry in 5 seconds.
Original description: Too Many Requests: retry after 5
(background on this error at: https://core.telegram.org/bots/faq#my-bot-is-hitting-limits-how-do-i-avoid-this)
2026-07-27 01:11:30,926 [WARNING] aiogram.dispatcher: Sleep for 1.000000 seconds and try again... (tryings = 0, bot id = 8931940625)
2026-07-27 01:11:32,009 [ERROR] aiogram.dispatcher: Failed to fetch updates - TelegramRetryAfter: Telegram server says - Flood control exceeded on method 'GetUpdates'. Retry in 5 seconds.
Original description: Too Many Requests: retry after 5
(background on this error at: https://core.telegram.org/bots/faq#my-bot-is-hitting-limits-how-do-i-avoid-this)
2026-07-27 01:11:32,010 [WARNING] aiogram.dispatcher: Sleep for 1.473094 seconds and try again... (tryings = 1, bot id = 8931940625)
2026-07-27 01:11:35,603 [ERROR] aiogram.dispatcher: Failed to fetch updates - TelegramServerError: Telegram server says - Bad Gateway
2026-07-27 01:11:35,604 [WARNING] aiogram.dispatcher: Sleep for 1.978524 seconds and try again... (tryings = 2, bot id = 8931940625)
2026-07-27 01:12:48,346 [ERROR] aiogram.dispatcher: Failed to fetch updates - TelegramNetworkError: HTTP Client says - Request timeout error
2026-07-27 01:12:48,347 [WARNING] aiogram.dispatcher: Sleep for 2.681702 seconds and try again... (tryings = 3, bot id = 8931940625)
2026-07-27 01:13:01,346 [INFO] aiogram.dispatcher: Connection established (tryings = 4, bot id = 8931940625)
2026-07-27 01:42:45,736 [INFO] aiogram.event: Update id=226637234 is handled. Duration 393 ms by bot id=8931940625
2026-07-27 01:42:47,144 [INFO] aiogram.event: Update id=226637235 is handled. Duration 302 ms by bot id=8931940625
2026-07-27 01:42:48,521 [INFO] aiogram.event: Update id=226637236 is handled. Duration 410 ms by bot id=8931940625
2026-07-27 01:51:29,459 [INFO] aiogram.event: Update id=226637237 is handled. Duration 631 ms by bot id=8931940625
2026-07-27 01:51:35,926 [INFO] aiogram.event: Update id=226637238 is handled. Duration 597 ms by bot id=8931940625
2026-07-27 02:22:57,029 [INFO] aiogram.event: Update id=226637239 is handled. Duration 254 ms by bot id=8931940625
2026-07-27 02:22:59,118 [INFO] aiogram.event: Update id=226637240 is handled. Duration 335 ms by bot id=8931940625
2026-07-27 02:23:02,166 [INFO] aiogram.event: Update id=226637241 is handled. Duration 318 ms by bot id=8931940625
2026-07-27 02:23:05,468 [INFO] aiogram.event: Update id=226637242 is handled. Duration 313 ms by bot id=8931940625
2026-07-27 02:23:08,106 [INFO] aiogram.event: Update id=226637243 is handled. Duration 538 ms by bot id=8931940625
2026-07-27 02:23:09,957 [INFO] aiogram.event: Update id=226637244 is handled. Duration 462 ms by bot id=8931940625
2026-07-27 02:23:17,810 [INFO] aiogram.event: Update id=226637245 is handled. Duration 348 ms by bot id=8931940625
2026-07-27 02:23:23,459 [INFO] aiogram.event: Update id=226637246 is handled. Duration 499 ms by bot id=8931940625
2026-07-27 02:23:57,307 [INFO] aiogram.event: Update id=226637247 is handled. Duration 175 ms by bot id=8931940625
2026-07-27 02:24:02,657 [INFO] aiogram.event: Update id=226637248 is handled. Duration 296 ms by bot id=8931940625
2026-07-27 02:24:09,080 [INFO] aiogram.event: Update id=226637249 is handled. Duration 325 ms by bot id=8931940625
2026-07-27 02:24:13,786 [INFO] aiogram.event: Update id=226637250 is handled. Duration 337 ms by bot id=8931940625
2026-07-27 02:24:16,869 [INFO] aiogram.event: Update id=226637251 is handled. Duration 296 ms by bot id=8931940625
2026-07-27 02:24:19,112 [INFO] aiogram.event: Update id=226637252 is handled. Duration 357 ms by bot id=8931940625
2026-07-27 02:24:20,659 [INFO] aiogram.event: Update id=226637253 is handled. Duration 300 ms by bot id=8931940625
2026-07-27 02:24:22,870 [INFO] aiogram.event: Update id=226637254 is handled. Duration 295 ms by bot id=8931940625
2026-07-27 02:24:26,153 [INFO] aiogram.event: Update id=226637255 is handled. Duration 309 ms by bot id=8931940625
2026-07-27 02:24:27,461 [INFO] aiogram.event: Update id=226637256 is handled. Duration 297 ms by bot id=8931940625
2026-07-27 02:24:28,885 [INFO] aiogram.event: Update id=226637257 is handled. Duration 302 ms by bot id=8931940625
2026-07-27 02:25:19,620 [INFO] aiogram.event: Update id=226637258 is handled. Duration 187 ms by bot id=8931940625
2026-07-27 02:25:28,540 [INFO] aiogram.event: Update id=226637259 is handled. Duration 291 ms by bot id=8931940625
2026-07-27 02:25:49,199 [INFO] aiogram.event: Update id=226637260 is handled. Duration 189 ms by bot id=8931940625
2026-07-27 02:25:51,115 [INFO] aiogram.event: Update id=226637261 is handled. Duration 342 ms by bot id=8931940625
2026-07-27 02:25:53,150 [INFO] aiogram.event: Update id=226637262 is handled. Duration 324 ms by bot id=8931940625
2026-07-27 02:25:56,126 [INFO] aiogram.event: Update id=226637263 is handled. Duration 396 ms by bot id=8931940625
2026-07-27 02:26:39,735 [INFO] aiogram.event: Update id=226637264 is handled. Duration 320 ms by bot id=8931940625
2026-07-27 02:26:42,687 [INFO] aiogram.event: Update id=226637265 is handled. Duration 461 ms by bot id=8931940625
2026-07-27 02:26:54,536 [INFO] aiogram.event: Update id=226637266 is handled. Duration 302 ms by bot id=8931940625
2026-07-27 02:27:14,534 [INFO] aiogram.event: Update id=226637267 is handled. Duration 162 ms by bot id=8931940625
2026-07-27 02:27:17,478 [INFO] aiogram.event: Update id=226637268 is not handled. Duration 52 ms by bot id=8931940625
2026-07-27 02:27:17,478 [ERROR] aiogram.event: Cause exception while process update id=226637268 by bot id=8931940625
TelegramBadRequest: Telegram server says - Bad Request: can't parse entities: Can't find end tag corresponding to start tag "b"
Traceback (most recent call last):
  File "/home/container/handlers/admin/broadcast.py", line 192, in _show_broadcast_preview
    await target.answer(
    ...<2 lines>...
    )
  File "/home/container/.local/lib/python3.13/site-packages/aiogram/methods/base.py", line 82, in emit
    return await bot(self)
           ^^^^^^^^^^^^^^^
  File "/home/container/.local/lib/python3.13/site-packages/aiogram/client/bot.py", line 514, in __call__
    return await self.session(self, method, timeout=request_timeout)
           ^^^^^^^^^^^^^^^^^^^^^^^^^^^^^^^^^^^^^^^^^^^^^^^^^^^^^^^^^
  File "/home/container/.local/lib/python3.13/site-packages/aiogram/client/session/base.py", line 259, in __call__
    return cast(TelegramType, await middleware(bot, method))
                              ^^^^^^^^^^^^^^^^^^^^^^^^^^^^^
  File "/home/container/.local/lib/python3.13/site-packages/aiogram/client/session/aiohttp.py", line 177, in make_request
    response = self.check_response(
        bot=bot,
    ...<2 lines>...
        content=raw_result,
    )
  File "/home/container/.local/lib/python3.13/site-packages/aiogram/client/session/base.py", line 121, in check_response
    raise TelegramBadRequest(method=method, message=description)
aiogram.exceptions.TelegramBadRequest: Telegram server says - Bad Request: can't parse entities: Can't find end tag corresponding to start tag "b"

During handling of the above exception, another exception occurred:

Traceback (most recent call last):
  File "/home/container/.local/lib/python3.13/site-packages/aiogram/dispatcher/dispatcher.py", line 320, in _process_update
    response = await self.feed_update(bot, update, **kwargs)
               ^^^^^^^^^^^^^^^^^^^^^^^^^^^^^^^^^^^^^^^^^^^^^
  File "/home/container/.local/lib/python3.13/site-packages/aiogram/dispatcher/dispatcher.py", line 164, in feed_update
    response = await self.update.wrap_outer_middleware(
               ^^^^^^^^^^^^^^^^^^^^^^^^^^^^^^^^^^^^^^^^
    ...<7 lines>...
    )
    ^
  File "/home/container/.local/lib/python3.13/site-packages/aiogram/dispatcher/middlewares/error.py", line 27, in __call__
    return await handler(event, data)
           ^^^^^^^^^^^^^^^^^^^^^^^^^^
  File "/home/container/.local/lib/python3.13/site-packages/aiogram/dispatcher/middlewares/user_context.py", line 58, in __call__
    return await handler(event, data)
           ^^^^^^^^^^^^^^^^^^^^^^^^^^
  File "/home/container/.local/lib/python3.13/site-packages/aiogram/fsm/middleware.py", line 43, in __call__
    return await handler(event, data)
           ^^^^^^^^^^^^^^^^^^^^^^^^^^
  File "/home/container/.local/lib/python3.13/site-packages/aiogram/dispatcher/event/telegram.py", line 126, in trigger
    return await wrapped_inner(event, kwargs)
           ^^^^^^^^^^^^^^^^^^^^^^^^^^^^^^^^^^
  File "/home/container/.local/lib/python3.13/site-packages/aiogram/dispatcher/event/handler.py", line 71, in call
    return await wrapped()
           ^^^^^^^^^^^^^^^
  File "/home/container/.local/lib/python3.13/site-packages/aiogram/dispatcher/dispatcher.py", line 283, in _listen_update
    return await self.propagate_event(update_type=update_type, event=event, **kwargs)
           ^^^^^^^^^^^^^^^^^^^^^^^^^^^^^^^^^^^^^^^^^^^^^^^^^^^^^^^^^^^^^^^^^^^^^^^^^^
  File "/home/container/.local/lib/python3.13/site-packages/aiogram/dispatcher/router.py", line 167, in propagate_event
    return await observer.wrap_outer_middleware(_wrapped, event=event, data=kwargs)
           ^^^^^^^^^^^^^^^^^^^^^^^^^^^^^^^^^^^^^^^^^^^^^^^^^^^^^^^^^^^^^^^^^^^^^^^^
  File "/home/container/.local/lib/python3.13/site-packages/aiogram/dispatcher/router.py", line 159, in _wrapped
    return await self._propagate_event(
           ^^^^^^^^^^^^^^^^^^^^^^^^^^^^
    ...<4 lines>...
    )
    ^
  File "/home/container/.local/lib/python3.13/site-packages/aiogram/dispatcher/router.py", line 195, in _propagate_event
    response = await router.propagate_event(update_type=update_type, event=event, **kwargs)
               ^^^^^^^^^^^^^^^^^^^^^^^^^^^^^^^^^^^^^^^^^^^^^^^^^^^^^^^^^^^^^^^^^^^^^^^^^^^^
  File "/home/container/.local/lib/python3.13/site-packages/aiogram/dispatcher/router.py", line 167, in propagate_event
    return await observer.wrap_outer_middleware(_wrapped, event=event, data=kwargs)
           ^^^^^^^^^^^^^^^^^^^^^^^^^^^^^^^^^^^^^^^^^^^^^^^^^^^^^^^^^^^^^^^^^^^^^^^^
  File "/home/container/.local/lib/python3.13/site-packages/aiogram/dispatcher/router.py", line 159, in _wrapped
    return await self._propagate_event(
           ^^^^^^^^^^^^^^^^^^^^^^^^^^^^
    ...<4 lines>...
    )
    ^
  File "/home/container/.local/lib/python3.13/site-packages/aiogram/dispatcher/router.py", line 187, in _propagate_event
    response = await observer.trigger(event, **kwargs)
               ^^^^^^^^^^^^^^^^^^^^^^^^^^^^^^^^^^^^^^^
  File "/home/container/.local/lib/python3.13/site-packages/aiogram/dispatcher/event/telegram.py", line 126, in trigger
    return await wrapped_inner(event, kwargs)
           ^^^^^^^^^^^^^^^^^^^^^^^^^^^^^^^^^^
  File "/home/container/middlewares/antiflood.py", line 45, in __call__
    return await handler(event, data)
           ^^^^^^^^^^^^^^^^^^^^^^^^^^
  File "/home/container/middlewares/db_middleware.py", line 26, in __call__
    return await handler(event, data)
           ^^^^^^^^^^^^^^^^^^^^^^^^^^
  File "/home/container/middlewares/ban_check.py", line 41, in __call__
    return await handler(event, data)
           ^^^^^^^^^^^^^^^^^^^^^^^^^^
  File "/home/container/.local/lib/python3.13/site-packages/aiogram/dispatcher/event/handler.py", line 71, in call
    return await wrapped()
           ^^^^^^^^^^^^^^^
  File "/home/container/handlers/admin/broadcast.py", line 162, in cb_broadcast_skip_btn
    await _show_broadcast_preview(callback.message, state)
  File "/home/container/handlers/admin/broadcast.py", line 197, in _show_broadcast_preview
    await target.answer(f"📝 Текст рассылки:\n{text[:500]}")
  File "/home/container/.local/lib/python3.13/site-packages/aiogram/methods/base.py", line 82, in emit
    return await bot(self)
           ^^^^^^^^^^^^^^^
  File "/home/container/.local/lib/python3.13/site-packages/aiogram/client/bot.py", line 514, in __call__
    return await self.session(self, method, timeout=request_timeout)
           ^^^^^^^^^^^^^^^^^^^^^^^^^^^^^^^^^^^^^^^^^^^^^^^^^^^^^^^^^
  File "/home/container/.local/lib/python3.13/site-packages/aiogram/client/session/base.py", line 259, in __call__
    return cast(TelegramType, await middleware(bot, method))
                              ^^^^^^^^^^^^^^^^^^^^^^^^^^^^^
  File "/home/container/.local/lib/python3.13/site-packages/aiogram/client/session/aiohttp.py", line 177, in make_request
    response = self.check_response(
        bot=bot,
    ...<2 lines>...
        content=raw_result,
    )
  File "/home/container/.local/lib/python3.13/site-packages/aiogram/client/session/base.py", line 121, in check_response
    raise TelegramBadRequest(method=method, message=description)
aiogram.exceptions.TelegramBadRequest: Telegram server says - Bad Request: can't parse entities: Can't find end tag corresponding to start tag "b"
2026-07-27 02:27:29,987 [INFO] aiogram.event: Update id=226637269 is handled. Duration 379 ms by bot id=8931940625
2026-07-27 02:27:33,903 [INFO] aiogram.event: Update id=226637270 is handled. Duration 307 ms by bot id=8931940625
2026-07-27 02:27:35,550 [INFO] aiogram.event: Update id=226637271 is handled. Duration 305 ms by bot id=8931940625
2026-07-27 02:27:37,268 [INFO] aiogram.event: Update id=226637272 is handled. Duration 295 ms by bot id=8931940625
2026-07-27 02:27:45,205 [INFO] aiogram.event: Update id=226637273 is handled. Duration 162 ms by bot id=8931940625
2026-07-27 02:27:50,457 [INFO] aiogram.event: Update id=226637274 is handled. Duration 503 ms by bot id=8931940625
2026-07-27 02:27:51,484 [INFO] aiogram.event: Update id=226637275 is handled. Duration 176 ms by bot id=8931940625
2026-07-27 02:27:52,487 [INFO] aiogram.event: Update id=226637276 is handled. Duration 320 ms by bot id=8931940625
2026-07-27 02:27:58,032 [ERROR] handlers.user.catalog: cb_catalog error: (sqlite3.OperationalError) database is locked
[SQL: UPDATE users SET last_active_at=? WHERE users.id = ?]
[parameters: ('2026-07-27 02:27:53.016268', 12)]
(Background on this error at: https://sqlalche.me/e/20/e3q8)
Traceback (most recent call last):
  File "/home/container/.local/lib/python3.13/site-packages/sqlalchemy/engine/base.py", line 1969, in _exec_single_context
    self.dialect.do_execute(
    ~~~~~~~~~~~~~~~~~~~~~~~^
        cursor, str_statement, effective_parameters, context
        ^^^^^^^^^^^^^^^^^^^^^^^^^^^^^^^^^^^^^^^^^^^^^^^^^^^^
    )
    ^
  File "/home/container/.local/lib/python3.13/site-packages/sqlalchemy/engine/default.py", line 952, in do_execute
    cursor.execute(statement, parameters)
    ~~~~~~~~~~~~~~^^^^^^^^^^^^^^^^^^^^^^^
  File "/home/container/.local/lib/python3.13/site-packages/sqlalchemy/dialects/sqlite/aiosqlite.py", line 183, in execute
    self._adapt_connection._handle_exception(error)
    ~~~~~~~~~~~~~~~~~~~~~~~~~~~~~~~~~~~~~~~~^^^^^^^
  File "/home/container/.local/lib/python3.13/site-packages/sqlalchemy/dialects/sqlite/aiosqlite.py", line 343, in _handle_exception
    raise error
  File "/home/container/.local/lib/python3.13/site-packages/sqlalchemy/dialects/sqlite/aiosqlite.py", line 165, in execute
    self.await_(_cursor.execute(operation, parameters))
    ~~~~~~~~~~~^^^^^^^^^^^^^^^^^^^^^^^^^^^^^^^^^^^^^^^^
  File "/home/container/.local/lib/python3.13/site-packages/sqlalchemy/util/_concurrency_py3k.py", line 132, in await_only
    return current.parent.switch(awaitable)  # type: ignore[no-any-return,attr-defined] # noqa: E501
           ~~~~~~~~~~~~~~~~~~~~~^^^^^^^^^^^
  File "/home/container/.local/lib/python3.13/site-packages/sqlalchemy/util/_concurrency_py3k.py", line 196, in greenlet_spawn
    value = await result
            ^^^^^^^^^^^^
  File "/home/container/.local/lib/python3.13/site-packages/aiosqlite/cursor.py", line 40, in execute
    await self._execute(self._cursor.execute, sql, parameters)
  File "/home/container/.local/lib/python3.13/site-packages/aiosqlite/cursor.py", line 32, in _execute
    return await self._conn._execute(fn, *args, **kwargs)
           ^^^^^^^^^^^^^^^^^^^^^^^^^^^^^^^^^^^^^^^^^^^^^^
  File "/home/container/.local/lib/python3.13/site-packages/aiosqlite/core.py", line 160, in _execute
    return await future
           ^^^^^^^^^^^^
  File "/home/container/.local/lib/python3.13/site-packages/aiosqlite/core.py", line 63, in _connection_worker_thread
    result = function()
sqlite3.OperationalError: database is locked

The above exception was the direct cause of the following exception:

Traceback (most recent call last):
  File "/home/container/handlers/user/catalog.py", line 33, in cb_catalog
    user = await get_or_create_user(session, callback.from_user.id,
           ^^^^^^^^^^^^^^^^^^^^^^^^^^^^^^^^^^^^^^^^^^^^^^^^^^^^^^^^
                                    callback.from_user.username, callback.from_user.full_name)
                                    ^^^^^^^^^^^^^^^^^^^^^^^^^^^^^^^^^^^^^^^^^^^^^^^^^^^^^^^^^^
  File "/home/container/database/crud.py", line 36, in get_or_create_user
    await session.commit()
  File "/home/container/.local/lib/python3.13/site-packages/sqlalchemy/ext/asyncio/session.py", line 999, in commit
    await greenlet_spawn(self.sync_session.commit)
  File "/home/container/.local/lib/python3.13/site-packages/sqlalchemy/util/_concurrency_py3k.py", line 203, in greenlet_spawn
    result = context.switch(value)
  File "/home/container/.local/lib/python3.13/site-packages/sqlalchemy/orm/session.py", line 2035, in commit
    trans.commit(_to_root=True)
    ~~~~~~~~~~~~^^^^^^^^^^^^^^^
  File "<string>", line 2, in commit
  File "/home/container/.local/lib/python3.13/site-packages/sqlalchemy/orm/state_changes.py", line 137, in _go
    ret_value = fn(self, *arg, **kw)
  File "/home/container/.local/lib/python3.13/site-packages/sqlalchemy/orm/session.py", line 1316, in commit
    self._prepare_impl()
    ~~~~~~~~~~~~~~~~~~^^
  File "<string>", line 2, in _prepare_impl
  File "/home/container/.local/lib/python3.13/site-packages/sqlalchemy/orm/state_changes.py", line 137, in _go
    ret_value = fn(self, *arg, **kw)
  File "/home/container/.local/lib/python3.13/site-packages/sqlalchemy/orm/session.py", line 1290, in _prepare_impl
    self.session.flush()
    ~~~~~~~~~~~~~~~~~~^^
  File "/home/container/.local/lib/python3.13/site-packages/sqlalchemy/orm/session.py", line 4353, in flush
    self._flush(objects)
    ~~~~~~~~~~~^^^^^^^^^
  File "/home/container/.local/lib/python3.13/site-packages/sqlalchemy/orm/session.py", line 4488, in _flush
    with util.safe_reraise():
         ~~~~~~~~~~~~~~~~~^^
  File "/home/container/.local/lib/python3.13/site-packages/sqlalchemy/util/langhelpers.py", line 122, in __exit__
    raise exc_value.with_traceback(exc_tb)
  File "/home/container/.local/lib/python3.13/site-packages/sqlalchemy/orm/session.py", line 4449, in _flush
    flush_context.execute()
    ~~~~~~~~~~~~~~~~~~~~~^^
  File "/home/container/.local/lib/python3.13/site-packages/sqlalchemy/orm/unitofwork.py", line 465, in execute
    rec.execute(self)
    ~~~~~~~~~~~^^^^^^
  File "/home/container/.local/lib/python3.13/site-packages/sqlalchemy/orm/unitofwork.py", line 641, in execute
    util.preloaded.orm_persistence.save_obj(
    ~~~~~~~~~~~~~~~~~~~~~~~~~~~~~~~~~~~~~~~^
        self.mapper,
        ^^^^^^^^^^^^
        uow.states_for_mapper_hierarchy(self.mapper, False, False),
        ^^^^^^^^^^^^^^^^^^^^^^^^^^^^^^^^^^^^^^^^^^^^^^^^^^^^^^^^^^^
        uow,
        ^^^^
    )
    ^
  File "/home/container/.local/lib/python3.13/site-packages/sqlalchemy/orm/persistence.py", line 86, in save_obj
    _emit_update_statements(
    ~~~~~~~~~~~~~~~~~~~~~~~^
        base_mapper,
        ^^^^^^^^^^^^
    ...<3 lines>...
        update,
        ^^^^^^^
    )
    ^
  File "/home/container/.local/lib/python3.13/site-packages/sqlalchemy/orm/persistence.py", line 913, in _emit_update_statements
    c = connection.execute(
        statement, multiparams, execution_options=execution_options
    )
  File "/home/container/.local/lib/python3.13/site-packages/sqlalchemy/engine/base.py", line 1421, in execute
    return meth(
        self,
        distilled_parameters,
        execution_options or NO_OPTIONS,
    )
  File "/home/container/.local/lib/python3.13/site-packages/sqlalchemy/sql/elements.py", line 526, in _execute_on_connection
    return connection._execute_clauseelement(
           ~~~~~~~~~~~~~~~~~~~~~~~~~~~~~~~~~^
        self, distilled_params, execution_options
        ^^^^^^^^^^^^^^^^^^^^^^^^^^^^^^^^^^^^^^^^^
    )
    ^
  File "/home/container/.local/lib/python3.13/site-packages/sqlalchemy/engine/base.py", line 1643, in _execute_clauseelement
    ret = self._execute_context(
        dialect,
    ...<8 lines>...
        cache_hit=cache_hit,
    )
  File "/home/container/.local/lib/python3.13/site-packages/sqlalchemy/engine/base.py", line 1848, in _execute_context
    return self._exec_single_context(
           ~~~~~~~~~~~~~~~~~~~~~~~~~^
        dialect, context, statement, parameters
        ^^^^^^^^^^^^^^^^^^^^^^^^^^^^^^^^^^^^^^^
    )
    ^
  File "/home/container/.local/lib/python3.13/site-packages/sqlalchemy/engine/base.py", line 1988, in _exec_single_context
    self._handle_dbapi_exception(
    ~~~~~~~~~~~~~~~~~~~~~~~~~~~~^
        e, str_statement, effective_parameters, cursor, context
        ^^^^^^^^^^^^^^^^^^^^^^^^^^^^^^^^^^^^^^^^^^^^^^^^^^^^^^^
    )
    ^
  File "/home/container/.local/lib/python3.13/site-packages/sqlalchemy/engine/base.py", line 2365, in _handle_dbapi_exception
    raise sqlalchemy_exception.with_traceback(exc_info[2]) from e
  File "/home/container/.local/lib/python3.13/site-packages/sqlalchemy/engine/base.py", line 1969, in _exec_single_context
    self.dialect.do_execute(
    ~~~~~~~~~~~~~~~~~~~~~~~^
        cursor, str_statement, effective_parameters, context
        ^^^^^^^^^^^^^^^^^^^^^^^^^^^^^^^^^^^^^^^^^^^^^^^^^^^^
    )
    ^
  File "/home/container/.local/lib/python3.13/site-packages/sqlalchemy/engine/default.py", line 952, in do_execute
    cursor.execute(statement, parameters)
    ~~~~~~~~~~~~~~^^^^^^^^^^^^^^^^^^^^^^^
  File "/home/container/.local/lib/python3.13/site-packages/sqlalchemy/dialects/sqlite/aiosqlite.py", line 183, in execute
    self._adapt_connection._handle_exception(error)
    ~~~~~~~~~~~~~~~~~~~~~~~~~~~~~~~~~~~~~~~~^^^^^^^
  File "/home/container/.local/lib/python3.13/site-packages/sqlalchemy/dialects/sqlite/aiosqlite.py", line 343, in _handle_exception
    raise error
  File "/home/container/.local/lib/python3.13/site-packages/sqlalchemy/dialects/sqlite/aiosqlite.py", line 165, in execute
    self.await_(_cursor.execute(operation, parameters))
    ~~~~~~~~~~~^^^^^^^^^^^^^^^^^^^^^^^^^^^^^^^^^^^^^^^^
  File "/home/container/.local/lib/python3.13/site-packages/sqlalchemy/util/_concurrency_py3k.py", line 132, in await_only
    return current.parent.switch(awaitable)  # type: ignore[no-any-return,attr-defined] # noqa: E501
           ~~~~~~~~~~~~~~~~~~~~~^^^^^^^^^^^
  File "/home/container/.local/lib/python3.13/site-packages/sqlalchemy/util/_concurrency_py3k.py", line 196, in greenlet_spawn
    value = await result
            ^^^^^^^^^^^^
  File "/home/container/.local/lib/python3.13/site-packages/aiosqlite/cursor.py", line 40, in execute
    await self._execute(self._cursor.execute, sql, parameters)
  File "/home/container/.local/lib/python3.13/site-packages/aiosqlite/cursor.py", line 32, in _execute
    return await self._conn._execute(fn, *args, **kwargs)
           ^^^^^^^^^^^^^^^^^^^^^^^^^^^^^^^^^^^^^^^^^^^^^^
  File "/home/container/.local/lib/python3.13/site-packages/aiosqlite/core.py", line 160, in _execute
    return await future
           ^^^^^^^^^^^^
  File "/home/container/.local/lib/python3.13/site-packages/aiosqlite/core.py", line 63, in _connection_worker_thread
    result = function()
sqlalchemy.exc.OperationalError: (sqlite3.OperationalError) database is locked
[SQL: UPDATE users SET last_active_at=? WHERE users.id = ?]
[parameters: ('2026-07-27 02:27:53.016268', 12)]
(Background on this error at: https://sqlalche.me/e/20/e3q8)
2026-07-27 02:27:58,497 [INFO] aiogram.event: Update id=226637277 is handled. Duration 5503 ms by bot id=8931940625
2026-07-27 02:28:06,723 [ERROR] handlers.user.catalog: cb_catalog error: (sqlite3.OperationalError) database is locked
[SQL: UPDATE users SET last_active_at=? WHERE users.id = ?]
[parameters: ('2026-07-27 02:28:01.711603', 12)]
(Background on this error at: https://sqlalche.me/e/20/e3q8)
Traceback (most recent call last):
  File "/home/container/.local/lib/python3.13/site-packages/sqlalchemy/engine/base.py", line 1969, in _exec_single_context
    self.dialect.do_execute(
    ~~~~~~~~~~~~~~~~~~~~~~~^
        cursor, str_statement, effective_parameters, context
        ^^^^^^^^^^^^^^^^^^^^^^^^^^^^^^^^^^^^^^^^^^^^^^^^^^^^
    )
    ^
  File "/home/container/.local/lib/python3.13/site-packages/sqlalchemy/engine/default.py", line 952, in do_execute
    cursor.execute(statement, parameters)
    ~~~~~~~~~~~~~~^^^^^^^^^^^^^^^^^^^^^^^
  File "/home/container/.local/lib/python3.13/site-packages/sqlalchemy/dialects/sqlite/aiosqlite.py", line 183, in execute
    self._adapt_connection._handle_exception(error)
    ~~~~~~~~~~~~~~~~~~~~~~~~~~~~~~~~~~~~~~~~^^^^^^^
  File "/home/container/.local/lib/python3.13/site-packages/sqlalchemy/dialects/sqlite/aiosqlite.py", line 343, in _handle_exception
    raise error
  File "/home/container/.local/lib/python3.13/site-packages/sqlalchemy/dialects/sqlite/aiosqlite.py", line 165, in execute
    self.await_(_cursor.execute(operation, parameters))
    ~~~~~~~~~~~^^^^^^^^^^^^^^^^^^^^^^^^^^^^^^^^^^^^^^^^
  File "/home/container/.local/lib/python3.13/site-packages/sqlalchemy/util/_concurrency_py3k.py", line 132, in await_only
    return current.parent.switch(awaitable)  # type: ignore[no-any-return,attr-defined] # noqa: E501
           ~~~~~~~~~~~~~~~~~~~~~^^^^^^^^^^^
  File "/home/container/.local/lib/python3.13/site-packages/sqlalchemy/util/_concurrency_py3k.py", line 196, in greenlet_spawn
    value = await result
            ^^^^^^^^^^^^
  File "/home/container/.local/lib/python3.13/site-packages/aiosqlite/cursor.py", line 40, in execute
    await self._execute(self._cursor.execute, sql, parameters)
  File "/home/container/.local/lib/python3.13/site-packages/aiosqlite/cursor.py", line 32, in _execute
    return await self._conn._execute(fn, *args, **kwargs)
           ^^^^^^^^^^^^^^^^^^^^^^^^^^^^^^^^^^^^^^^^^^^^^^
  File "/home/container/.local/lib/python3.13/site-packages/aiosqlite/core.py", line 160, in _execute
    return await future
           ^^^^^^^^^^^^
  File "/home/container/.local/lib/python3.13/site-packages/aiosqlite/core.py", line 63, in _connection_worker_thread
    result = function()
sqlite3.OperationalError: database is locked

The above exception was the direct cause of the following exception:

Traceback (most recent call last):
  File "/home/container/handlers/user/catalog.py", line 33, in cb_catalog
    user = await get_or_create_user(session, callback.from_user.id,
           ^^^^^^^^^^^^^^^^^^^^^^^^^^^^^^^^^^^^^^^^^^^^^^^^^^^^^^^^
                                    callback.from_user.username, callback.from_user.full_name)
                                    ^^^^^^^^^^^^^^^^^^^^^^^^^^^^^^^^^^^^^^^^^^^^^^^^^^^^^^^^^^
  File "/home/container/database/crud.py", line 36, in get_or_create_user
    await session.commit()
  File "/home/container/.local/lib/python3.13/site-packages/sqlalchemy/ext/asyncio/session.py", line 999, in commit
    await greenlet_spawn(self.sync_session.commit)
  File "/home/container/.local/lib/python3.13/site-packages/sqlalchemy/util/_concurrency_py3k.py", line 203, in greenlet_spawn
    result = context.switch(value)
  File "/home/container/.local/lib/python3.13/site-packages/sqlalchemy/orm/session.py", line 2035, in commit
    trans.commit(_to_root=True)
    ~~~~~~~~~~~~^^^^^^^^^^^^^^^
  File "<string>", line 2, in commit
  File "/home/container/.local/lib/python3.13/site-packages/sqlalchemy/orm/state_changes.py", line 137, in _go
    ret_value = fn(self, *arg, **kw)
  File "/home/container/.local/lib/python3.13/site-packages/sqlalchemy/orm/session.py", line 1316, in commit
    self._prepare_impl()
    ~~~~~~~~~~~~~~~~~~^^
  File "<string>", line 2, in _prepare_impl
  File "/home/container/.local/lib/python3.13/site-packages/sqlalchemy/orm/state_changes.py", line 137, in _go
    ret_value = fn(self, *arg, **kw)
  File "/home/container/.local/lib/python3.13/site-packages/sqlalchemy/orm/session.py", line 1290, in _prepare_impl
    self.session.flush()
    ~~~~~~~~~~~~~~~~~~^^
  File "/home/container/.local/lib/python3.13/site-packages/sqlalchemy/orm/session.py", line 4353, in flush
    self._flush(objects)
    ~~~~~~~~~~~^^^^^^^^^
  File "/home/container/.local/lib/python3.13/site-packages/sqlalchemy/orm/session.py", line 4488, in _flush
    with util.safe_reraise():
         ~~~~~~~~~~~~~~~~~^^
  File "/home/container/.local/lib/python3.13/site-packages/sqlalchemy/util/langhelpers.py", line 122, in __exit__
    raise exc_value.with_traceback(exc_tb)
  File "/home/container/.local/lib/python3.13/site-packages/sqlalchemy/orm/session.py", line 4449, in _flush
    flush_context.execute()
    ~~~~~~~~~~~~~~~~~~~~~^^
  File "/home/container/.local/lib/python3.13/site-packages/sqlalchemy/orm/unitofwork.py", line 465, in execute
    rec.execute(self)
    ~~~~~~~~~~~^^^^^^
  File "/home/container/.local/lib/python3.13/site-packages/sqlalchemy/orm/unitofwork.py", line 641, in execute
    util.preloaded.orm_persistence.save_obj(
    ~~~~~~~~~~~~~~~~~~~~~~~~~~~~~~~~~~~~~~~^
        self.mapper,
        ^^^^^^^^^^^^
        uow.states_for_mapper_hierarchy(self.mapper, False, False),
        ^^^^^^^^^^^^^^^^^^^^^^^^^^^^^^^^^^^^^^^^^^^^^^^^^^^^^^^^^^^
        uow,
        ^^^^
    )
    ^
  File "/home/container/.local/lib/python3.13/site-packages/sqlalchemy/orm/persistence.py", line 86, in save_obj
    _emit_update_statements(
    ~~~~~~~~~~~~~~~~~~~~~~~^
        base_mapper,
        ^^^^^^^^^^^^
    ...<3 lines>...
        update,
        ^^^^^^^
    )
    ^
  File "/home/container/.local/lib/python3.13/site-packages/sqlalchemy/orm/persistence.py", line 913, in _emit_update_statements
    c = connection.execute(
        statement, multiparams, execution_options=execution_options
    )
  File "/home/container/.local/lib/python3.13/site-packages/sqlalchemy/engine/base.py", line 1421, in execute
    return meth(
        self,
        distilled_parameters,
        execution_options or NO_OPTIONS,
    )
  File "/home/container/.local/lib/python3.13/site-packages/sqlalchemy/sql/elements.py", line 526, in _execute_on_connection
    return connection._execute_clauseelement(
           ~~~~~~~~~~~~~~~~~~~~~~~~~~~~~~~~~^
        self, distilled_params, execution_options
        ^^^^^^^^^^^^^^^^^^^^^^^^^^^^^^^^^^^^^^^^^
    )
    ^
  File "/home/container/.local/lib/python3.13/site-packages/sqlalchemy/engine/base.py", line 1643, in _execute_clauseelement
    ret = self._execute_context(
        dialect,
    ...<8 lines>...
        cache_hit=cache_hit,
    )
  File "/home/container/.local/lib/python3.13/site-packages/sqlalchemy/engine/base.py", line 1848, in _execute_context
    return self._exec_single_context(
           ~~~~~~~~~~~~~~~~~~~~~~~~~^
        dialect, context, statement, parameters
        ^^^^^^^^^^^^^^^^^^^^^^^^^^^^^^^^^^^^^^^
    )
    ^
  File "/home/container/.local/lib/python3.13/site-packages/sqlalchemy/engine/base.py", line 1988, in _exec_single_context
    self._handle_dbapi_exception(
    ~~~~~~~~~~~~~~~~~~~~~~~~~~~~^
        e, str_statement, effective_parameters, cursor, context
        ^^^^^^^^^^^^^^^^^^^^^^^^^^^^^^^^^^^^^^^^^^^^^^^^^^^^^^^
    )
    ^
  File "/home/container/.local/lib/python3.13/site-packages/sqlalchemy/engine/base.py", line 2365, in _handle_dbapi_exception
    raise sqlalchemy_exception.with_traceback(exc_info[2]) from e
  File "/home/container/.local/lib/python3.13/site-packages/sqlalchemy/engine/base.py", line 1969, in _exec_single_context
    self.dialect.do_execute(
    ~~~~~~~~~~~~~~~~~~~~~~~^
        cursor, str_statement, effective_parameters, context
        ^^^^^^^^^^^^^^^^^^^^^^^^^^^^^^^^^^^^^^^^^^^^^^^^^^^^
    )
    ^
  File "/home/container/.local/lib/python3.13/site-packages/sqlalchemy/engine/default.py", line 952, in do_execute
    cursor.execute(statement, parameters)
    ~~~~~~~~~~~~~~^^^^^^^^^^^^^^^^^^^^^^^
  File "/home/container/.local/lib/python3.13/site-packages/sqlalchemy/dialects/sqlite/aiosqlite.py", line 183, in execute
    self._adapt_connection._handle_exception(error)
    ~~~~~~~~~~~~~~~~~~~~~~~~~~~~~~~~~~~~~~~~^^^^^^^
  File "/home/container/.local/lib/python3.13/site-packages/sqlalchemy/dialects/sqlite/aiosqlite.py", line 343, in _handle_exception
    raise error
  File "/home/container/.local/lib/python3.13/site-packages/sqlalchemy/dialects/sqlite/aiosqlite.py", line 165, in execute
    self.await_(_cursor.execute(operation, parameters))
    ~~~~~~~~~~~^^^^^^^^^^^^^^^^^^^^^^^^^^^^^^^^^^^^^^^^
  File "/home/container/.local/lib/python3.13/site-packages/sqlalchemy/util/_concurrency_py3k.py", line 132, in await_only
    return current.parent.switch(awaitable)  # type: ignore[no-any-return,attr-defined] # noqa: E501
           ~~~~~~~~~~~~~~~~~~~~~^^^^^^^^^^^
  File "/home/container/.local/lib/python3.13/site-packages/sqlalchemy/util/_concurrency_py3k.py", line 196, in greenlet_spawn
    value = await result
            ^^^^^^^^^^^^
  File "/home/container/.local/lib/python3.13/site-packages/aiosqlite/cursor.py", line 40, in execute
    await self._execute(self._cursor.execute, sql, parameters)
  File "/home/container/.local/lib/python3.13/site-packages/aiosqlite/cursor.py", line 32, in _execute
    return await self._conn._execute(fn, *args, **kwargs)
           ^^^^^^^^^^^^^^^^^^^^^^^^^^^^^^^^^^^^^^^^^^^^^^
  File "/home/container/.local/lib/python3.13/site-packages/aiosqlite/core.py", line 160, in _execute
    return await future
           ^^^^^^^^^^^^
  File "/home/container/.local/lib/python3.13/site-packages/aiosqlite/core.py", line 63, in _connection_worker_thread
    result = function()
sqlalchemy.exc.OperationalError: (sqlite3.OperationalError) database is locked
[SQL: UPDATE users SET last_active_at=? WHERE users.id = ?]
[parameters: ('2026-07-27 02:28:01.711603', 12)]
(Background on this error at: https://sqlalche.me/e/20/e3q8)
2026-07-27 02:28:06,884 [INFO] aiogram.event: Update id=226637278 is handled. Duration 5187 ms by bot id=8931940625
2026-07-27 02:28:10,399 [INFO] aiogram.event: Update id=226637279 is handled. Duration 3365 ms by bot id=8931940625
2026-07-27 02:28:13,184 [INFO] aiogram.event: Update id=226637280 is handled. Duration 562 ms by bot id=8931940625
2026-07-27 02:28:15,915 [INFO] aiogram.event: Update id=226637281 is handled. Duration 481 ms by bot id=8931940625
2026-07-27 02:28:17,541 [INFO] aiogram.event: Update id=226637282 is handled. Duration 446 ms by bot id=8931940625
2026-07-27 02:28:20,207 [INFO] aiogram.event: Update id=226637283 is handled. Duration 489 ms by bot id=8931940625
2026-07-27 02:28:21,918 [INFO] aiogram.event: Update id=226637284 is handled. Duration 319 ms by bot id=8931940625
2026-07-27 02:28:22,903 [INFO] aiogram.event: Update id=226637285 is handled. Duration 328 ms by bot id=8931940625
2026-07-27 02:28:24,762 [INFO] aiogram.event: Update id=226637286 is handled. Duration 350 ms by bot id=8931940625
2026-07-27 02:28:25,049 [INFO] aiogram.event: Update id=226637287 is handled. Duration 192 ms by bot id=8931940625
2026-07-27 02:28:25,767 [INFO] aiogram.event: Update id=226637288 is handled. Duration 372 ms by bot id=8931940625
2026-07-27 02:28:27,758 [INFO] aiogram.event: Update id=226637289 is handled. Duration 441 ms by bot id=8931940625
2026-07-27 02:28:27,858 [INFO] aiogram.event: Update id=226637290 is handled. Duration 345 ms by bot id=8931940625
2026-07-27 02:28:29,591 [INFO] aiogram.event: Update id=226637291 is handled. Duration 503 ms by bot id=8931940625
2026-07-27 02:28:31,008 [INFO] aiogram.event: Update id=226637292 is handled. Duration 474 ms by bot id=8931940625
2026-07-27 02:28:31,973 [INFO] aiogram.event: Update id=226637293 is handled. Duration 321 ms by bot id=8931940625
2026-07-27 02:28:39,744 [INFO] aiogram.event: Update id=226637294 is handled. Duration 338 ms by bot id=8931940625
2026-07-27 02:28:41,987 [INFO] aiogram.event: Update id=226637295 is handled. Duration 313 ms by bot id=8931940625
2026-07-27 02:28:44,442 [INFO] aiogram.event: Update id=226637296 is handled. Duration 341 ms by bot id=8931940625
2026-07-27 02:29:25,185 [INFO] aiogram.event: Update id=226637297 is handled. Duration 188 ms by bot id=8931940625
2026-07-27 02:29:29,813 [INFO] aiogram.event: Update id=226637298 is handled. Duration 337 ms by bot id=8931940625
2026-07-27 02:29:37,731 [INFO] aiogram.event: Update id=226637299 is handled. Duration 309 ms by bot id=8931940625
2026-07-27 02:29:45,863 [INFO] aiogram.event: Update id=226637300 is handled. Duration 473 ms by bot id=8931940625
2026-07-27 02:29:47,869 [INFO] aiogram.event: Update id=226637301 is handled. Duration 312 ms by bot id=8931940625
2026-07-27 02:29:55,419 [INFO] aiogram.event: Update id=226637302 is handled. Duration 198 ms by bot id=8931940625
2026-07-27 02:33:20,011 [INFO] aiogram.event: Update id=226637303 is handled. Duration 332 ms by bot id=8931940625
2026-07-27 02:33:28,507 [INFO] aiogram.event: Update id=226637304 is handled. Duration 316 ms by bot id=8931940625
2026-07-27 02:42:35,464 [INFO] aiogram.event: Update id=226637305 is not handled. Duration 15 ms by bot id=8931940625
2026-07-27 02:50:53,654 [INFO] aiogram.event: Update id=226637306 is handled. Duration 203 ms by bot id=8931940625
2026-07-27 02:51:05,667 [INFO] aiogram.event: Update id=226637307 is handled. Duration 372 ms by bot id=8931940625
2026-07-27 02:51:11,735 [INFO] aiogram.event: Update id=226637308 is handled. Duration 316 ms by bot id=8931940625
2026-07-27 02:54:46,400 [INFO] aiogram.event: Update id=226637309 is handled. Duration 199 ms by bot id=8931940625
2026-07-27 02:54:49,910 [INFO] aiogram.event: Update id=226637310 is handled. Duration 323 ms by bot id=8931940625
2026-07-27 02:54:54,737 [INFO] aiogram.event: Update id=226637311 is handled. Duration 327 ms by bot id=8931940625
2026-07-27 02:55:02,201 [INFO] aiogram.event: Update id=226637312 is handled. Duration 300 ms by bot id=8931940625
2026-07-27 02:55:03,703 [INFO] aiogram.event: Update id=226637313 is handled. Duration 321 ms by bot id=8931940625
2026-07-27 02:55:06,802 [INFO] aiogram.event: Update id=226637314 is handled. Duration 288 ms by bot id=8931940625
2026-07-27 02:55:08,584 [INFO] aiogram.event: Update id=226637315 is handled. Duration 317 ms by bot id=8931940625
2026-07-27 02:55:10,662 [INFO] aiogram.event: Update id=226637316 is handled. Duration 309 ms by bot id=8931940625
2026-07-27 02:55:25,022 [INFO] aiogram.event: Update id=226637317 is handled. Duration 333 ms by bot id=8931940625
2026-07-27 03:00:04,348 [INFO] aiogram.event: Update id=226637318 is handled. Duration 173 ms by bot id=8931940625
2026-07-27 03:00:07,406 [INFO] aiogram.event: Update id=226637319 is handled. Duration 303 ms by bot id=8931940625
2026-07-27 03:00:10,487 [INFO] aiogram.event: Update id=226637320 is handled. Duration 307 ms by bot id=8931940625
2026-07-27 03:00:16,090 [INFO] aiogram.event: Update id=226637321 is handled. Duration 301 ms by bot id=8931940625
2026-07-27 03:00:17,917 [INFO] aiogram.event: Update id=226637322 is handled. Duration 385 ms by bot id=8931940625
2026-07-27 03:00:20,362 [INFO] aiogram.event: Update id=226637323 is handled. Duration 332 ms by bot id=8931940625
2026-07-27 03:00:22,451 [INFO] aiogram.event: Update id=226637324 is handled. Duration 280 ms by bot id=8931940625
2026-07-27 03:00:24,288 [INFO] aiogram.event: Update id=226637325 is handled. Duration 365 ms by bot id=8931940625
2026-07-27 03:03:39,953 [INFO] aiogram.event: Update id=226637326 is handled. Duration 204 ms by bot id=8931940625
2026-07-27 03:03:45,823 [INFO] aiogram.event: Update id=226637327 is handled. Duration 305 ms by bot id=8931940625
2026-07-27 03:04:26,061 [INFO] aiogram.event: Update id=226637328 is handled. Duration 313 ms by bot id=8931940625
2026-07-27 03:04:43,644 [INFO] aiogram.event: Update id=226637329 is handled. Duration 337 ms by bot id=8931940625
2026-07-27 03:05:17,917 [INFO] aiogram.event: Update id=226637330 is handled. Duration 325 ms by bot id=8931940625
2026-07-27 03:06:18,863 [INFO] aiogram.event: Update id=226637331 is handled. Duration 200 ms by bot id=8931940625
2026-07-27 03:06:24,182 [INFO] aiogram.event: Update id=226637332 is handled. Duration 329 ms by bot id=8931940625
2026-07-27 03:06:40,193 [INFO] aiogram.event: Update id=226637333 is handled. Duration 335 ms by bot id=8931940625
2026-07-27 03:06:43,942 [INFO] aiogram.event: Update id=226637334 is handled. Duration 308 ms by bot id=8931940625
2026-07-27 03:06:50,255 [INFO] aiogram.event: Update id=226637335 is handled. Duration 305 ms by bot id=8931940625
2026-07-27 03:06:51,848 [INFO] aiogram.event: Update id=226637336 is handled. Duration 325 ms by bot id=8931940625
2026-07-27 03:06:53,518 [INFO] aiogram.event: Update id=226637337 is handled. Duration 307 ms by bot id=8931940625
2026-07-27 03:06:56,088 [INFO] aiogram.event: Update id=226637338 is handled. Duration 349 ms by bot id=8931940625
2026-07-27 03:06:58,011 [INFO] aiogram.event: Update id=226637339 is handled. Duration 475 ms by bot id=8931940625
2026-07-27 03:06:58,305 [INFO] aiogram.event: Update id=226637340 is handled. Duration 341 ms by bot id=8931940625
2026-07-27 03:07:00,125 [INFO] aiogram.event: Update id=226637341 is handled. Duration 428 ms by bot id=8931940625
2026-07-27 03:07:06,242 [INFO] aiogram.event: Update id=226637342 is handled. Duration 463 ms by bot id=8931940625
2026-07-27 03:08:11,445 [INFO] aiogram.event: Update id=226637343 is handled. Duration 190 ms by bot id=8931940625
2026-07-27 03:08:16,154 [INFO] aiogram.event: Update id=226637344 is handled. Duration 147 ms by bot id=8931940625
2026-07-27 03:08:32,756 [INFO] aiogram.event: Update id=226637345 is handled. Duration 167 ms by bot id=8931940625
2026-07-27 03:08:35,142 [INFO] aiogram.event: Update id=226637346 is handled. Duration 309 ms by bot id=8931940625
2026-07-27 03:08:37,249 [INFO] aiogram.event: Update id=226637347 is handled. Duration 300 ms by bot id=8931940625
2026-07-27 03:08:38,772 [INFO] aiogram.event: Update id=226637348 is handled. Duration 296 ms by bot id=8931940625
2026-07-27 03:08:41,324 [INFO] aiogram.event: Update id=226637349 is handled. Duration 325 ms by bot id=8931940625
2026-07-27 03:08:43,758 [INFO] aiogram.event: Update id=226637350 is handled. Duration 298 ms by bot id=8931940625
2026-07-27 03:11:12,284 [INFO] aiogram.event: Update id=226637351 is handled. Duration 188 ms by bot id=8931940625
2026-07-27 03:11:14,462 [INFO] aiogram.event: Update id=226637352 is handled. Duration 324 ms by bot id=8931940625
2026-07-27 03:11:16,626 [INFO] aiogram.event: Update id=226637353 is handled. Duration 312 ms by bot id=8931940625
2026-07-27 03:11:21,571 [INFO] aiogram.event: Update id=226637354 is handled. Duration 312 ms by bot id=8931940625
2026-07-27 03:11:26,709 [INFO] aiogram.event: Update id=226637355 is handled. Duration 292 ms by bot id=8931940625
2026-07-27 03:11:28,492 [INFO] aiogram.event: Update id=226637356 is handled. Duration 314 ms by bot id=8931940625
2026-07-27 03:11:29,857 [INFO] aiogram.event: Update id=226637357 is handled. Duration 327 ms by bot id=8931940625
2026-07-27 03:11:58,483 [INFO] aiogram.event: Update id=226637358 is handled. Duration 318 ms by bot id=8931940625
2026-07-27 03:12:00,099 [INFO] aiogram.event: Update id=226637359 is handled. Duration 326 ms by bot id=8931940625
2026-07-27 03:12:02,838 [INFO] aiogram.event: Update id=226637360 is handled. Duration 313 ms by bot id=8931940625
2026-07-27 03:12:37,140 [INFO] aiogram.event: Update id=226637361 is handled. Duration 242 ms by bot id=8931940625
2026-07-27 03:12:40,636 [INFO] aiogram.event: Update id=226637362 is handled. Duration 296 ms by bot id=8931940625
2026-07-27 03:13:29,963 [INFO] aiogram.event: Update id=226637363 is handled. Duration 419 ms by bot id=8931940625
2026-07-27 03:13:37,108 [INFO] aiogram.event: Update id=226637364 is handled. Duration 302 ms by bot id=8931940625
2026-07-27 03:13:41,450 [INFO] aiogram.event: Update id=226637365 is handled. Duration 368 ms by bot id=8931940625
2026-07-27 03:13:45,577 [INFO] aiogram.event: Update id=226637366 is handled. Duration 482 ms by bot id=8931940625
2026-07-27 03:14:23,864 [INFO] aiogram.event: Update id=226637367 is handled. Duration 158 ms by bot id=8931940625
2026-07-27 03:14:32,213 [INFO] aiogram.event: Update id=226637368 is handled. Duration 278 ms by bot id=8931940625
2026-07-27 03:14:33,948 [INFO] aiogram.event: Update id=226637369 is handled. Duration 284 ms by bot id=8931940625
2026-07-27 03:15:43,972 [INFO] aiogram.event: Update id=226637370 is handled. Duration 284 ms by bot id=8931940625
2026-07-27 03:15:57,973 [INFO] aiogram.event: Update id=226637371 is handled. Duration 160 ms by bot id=8931940625
2026-07-27 03:16:42,757 [INFO] aiogram.event: Update id=226637372 is handled. Duration 166 ms by bot id=8931940625
2026-07-27 03:16:50,695 [INFO] aiogram.event: Update id=226637373 is handled. Duration 148 ms by bot id=8931940625
2026-07-27 03:16:55,043 [INFO] aiogram.event: Update id=226637374 is handled. Duration 216 ms by bot id=8931940625
2026-07-27 03:16:56,894 [INFO] aiogram.event: Update id=226637375 is handled. Duration 282 ms by bot id=8931940625
2026-07-27 03:16:58,803 [INFO] aiogram.event: Update id=226637376 is handled. Duration 286 ms by bot id=8931940625
2026-07-27 03:17:02,053 [INFO] aiogram.event: Update id=226637377 is handled. Duration 281 ms by bot id=8931940625
2026-07-27 03:17:03,939 [INFO] aiogram.event: Update id=226637378 is handled. Duration 309 ms by bot id=8931940625
2026-07-27 03:17:05,017 [INFO] aiogram.event: Update id=226637379 is handled. Duration 331 ms by bot id=8931940625
2026-07-27 03:17:05,636 [INFO] aiogram.event: Update id=226637380 is handled. Duration 312 ms by bot id=8931940625
2026-07-27 03:17:10,389 [INFO] aiogram.event: Update id=226637381 is handled. Duration 407 ms by bot id=8931940625
2026-07-27 03:17:16,525 [INFO] aiogram.event: Update id=226637382 is handled. Duration 464 ms by bot id=8931940625
2026-07-27 03:17:19,775 [INFO] aiogram.event: Update id=226637383 is handled. Duration 441 ms by bot id=8931940625
2026-07-27 03:17:20,477 [INFO] aiogram.event: Update id=226637384 is handled. Duration 451 ms by bot id=8931940625
2026-07-27 03:17:26,329 [INFO] aiogram.event: Update id=226637385 is handled. Duration 303 ms by bot id=8931940625
2026-07-27 03:17:29,416 [INFO] aiogram.event: Update id=226637386 is handled. Duration 452 ms by bot id=8931940625
2026-07-27 03:17:31,647 [INFO] aiogram.event: Update id=226637387 is handled. Duration 317 ms by bot id=8931940625
2026-07-27 03:17:33,565 [INFO] aiogram.event: Update id=226637388 is handled. Duration 328 ms by bot id=8931940625
2026-07-27 03:18:33,963 [INFO] aiogram.event: Update id=226637389 is handled. Duration 357 ms by bot id=8931940625
2026-07-27 03:18:45,263 [INFO] aiogram.event: Update id=226637390 is handled. Duration 175 ms by bot id=8931940625
2026-07-27 03:18:47,104 [INFO] aiogram.event: Update id=226637391 is handled. Duration 323 ms by bot id=8931940625
2026-07-27 03:18:49,850 [INFO] aiogram.event: Update id=226637392 is handled. Duration 324 ms by bot id=8931940625
2026-07-27 03:18:50,832 [INFO] aiogram.event: Update id=226637393 is handled. Duration 330 ms by bot id=8931940625
2026-07-27 03:18:53,311 [INFO] aiogram.event: Update id=226637394 is handled. Duration 421 ms by bot id=8931940625
2026-07-27 03:19:05,871 [INFO] aiogram.event: Update id=226637395 is handled. Duration 299 ms by bot id=8931940625
2026-07-27 03:22:59,337 [INFO] aiogram.event: Update id=226637396 is handled. Duration 202 ms by bot id=8931940625
2026-07-27 03:23:02,837 [INFO] aiogram.event: Update id=226637397 is handled. Duration 319 ms by bot id=8931940625
2026-07-27 03:24:43,080 [INFO] aiogram.event: Update id=226637398 is handled. Duration 305 ms by bot id=8931940625
2026-07-27 03:35:13,848 [INFO] aiogram.event: Update id=226637399 is handled. Duration 199 ms by bot id=8931940625
2026-07-27 03:35:38,967 [INFO] aiogram.event: Update id=226637400 is handled. Duration 331 ms by bot id=8931940625
2026-07-27 03:35:47,367 [INFO] aiogram.event: Update id=226637401 is handled. Duration 313 ms by bot id=8931940625
2026-07-27 03:35:57,274 [INFO] aiogram.event: Update id=226637402 is handled. Duration 322 ms by bot id=8931940625
2026-07-27 03:35:57,709 [INFO] aiogram.event: Update id=226637403 is handled. Duration 191 ms by bot id=8931940625
2026-07-27 03:36:03,194 [INFO] aiogram.event: Update id=226637404 is handled. Duration 359 ms by bot id=8931940625
2026-07-27 03:36:04,935 [INFO] aiogram.event: Update id=226637405 is handled. Duration 293 ms by bot id=8931940625
2026-07-27 03:36:13,464 [INFO] aiogram.event: Update id=226637406 is handled. Duration 290 ms by bot id=8931940625
2026-07-27 03:36:25,561 [INFO] aiogram.event: Update id=226637407 is handled. Duration 311 ms by bot id=8931940625
2026-07-27 03:36:27,083 [INFO] aiogram.event: Update id=226637408 is handled. Duration 301 ms by bot id=8931940625
2026-07-27 03:36:28,269 [INFO] aiogram.event: Update id=226637409 is handled. Duration 345 ms by bot id=8931940625
2026-07-27 03:36:52,898 [INFO] aiogram.event: Update id=226637410 is handled. Duration 292 ms by bot id=8931940625
2026-07-27 03:36:57,728 [INFO] aiogram.event: Update id=226637411 is handled. Duration 314 ms by bot id=8931940625
2026-07-27 03:36:59,061 [INFO] aiogram.event: Update id=226637412 is handled. Duration 293 ms by bot id=8931940625
2026-07-27 03:37:00,528 [INFO] aiogram.event: Update id=226637413 is handled. Duration 310 ms by bot id=8931940625
2026-07-27 03:37:02,501 [INFO] aiogram.event: Update id=226637414 is handled. Duration 286 ms by bot id=8931940625
2026-07-27 03:37:27,689 [INFO] aiogram.event: Update id=226637415 is handled. Duration 311 ms by bot id=8931940625
2026-07-27 03:37:28,794 [INFO] aiogram.event: Update id=226637416 is handled. Duration 282 ms by bot id=8931940625
2026-07-27 03:37:48,942 [INFO] aiogram.event: Update id=226637417 is handled. Duration 321 ms by bot id=8931940625
2026-07-27 03:37:57,185 [INFO] aiogram.event: Update id=226637418 is handled. Duration 314 ms by bot id=8931940625
2026-07-27 03:38:18,406 [INFO] aiogram.event: Update id=226637419 is handled. Duration 315 ms by bot id=8931940625
2026-07-27 03:38:45,132 [INFO] aiogram.event: Update id=226637420 is handled. Duration 164 ms by bot id=8931940625
2026-07-27 03:38:53,334 [INFO] aiogram.event: Update id=226637421 is handled. Duration 350 ms by bot id=8931940625
2026-07-27 03:39:30,454 [INFO] aiogram.event: Update id=226637422 is handled. Duration 420 ms by bot id=8931940625
2026-07-27 03:39:38,473 [INFO] aiogram.event: Update id=226637423 is handled. Duration 222 ms by bot id=8931940625
2026-07-27 03:39:39,994 [INFO] aiogram.event: Update id=226637424 is handled. Duration 297 ms by bot id=8931940625
2026-07-27 03:40:22,033 [INFO] aiogram.event: Update id=226637425 is handled. Duration 195 ms by bot id=8931940625
2026-07-27 03:41:02,772 [INFO] aiogram.event: Update id=226637426 is handled. Duration 155 ms by bot id=8931940625
2026-07-27 03:41:04,846 [INFO] aiogram.event: Update id=226637427 is handled. Duration 382 ms by bot id=8931940625
2026-07-27 03:41:54,228 [INFO] aiogram.event: Update id=226637428 is handled. Duration 314 ms by bot id=8931940625
2026-07-27 03:43:14,154 [INFO] aiogram.event: Update id=226637429 is handled. Duration 189 ms by bot id=8931940625
2026-07-27 03:43:15,501 [INFO] aiogram.event: Update id=226637430 is handled. Duration 308 ms by bot id=8931940625
2026-07-27 03:45:53,038 [INFO] aiogram.event: Update id=226637431 is handled. Duration 317 ms by bot id=8931940625
2026-07-27 03:45:55,215 [INFO] aiogram.event: Update id=226637432 is handled. Duration 309 ms by bot id=8931940625
2026-07-27 03:46:04,674 [INFO] aiogram.event: Update id=226637433 is handled. Duration 302 ms by bot id=8931940625
2026-07-27 03:46:10,227 [INFO] aiogram.event: Update id=226637434 is handled. Duration 489 ms by bot id=8931940625
2026-07-27 03:46:15,742 [INFO] aiogram.event: Update id=226637435 is handled. Duration 408 ms by bot id=8931940625
2026-07-27 03:46:17,853 [INFO] aiogram.event: Update id=226637436 is handled. Duration 302 ms by bot id=8931940625
2026-07-27 03:53:39,271 [INFO] aiogram.event: Update id=226637437 is handled. Duration 617 ms by bot id=8931940625
2026-07-27 03:53:42,593 [INFO] aiogram.event: Update id=226637438 is handled. Duration 404 ms by bot id=8931940625
2026-07-27 03:53:49,633 [INFO] aiogram.event: Update id=226637439 is handled. Duration 337 ms by bot id=8931940625
2026-07-27 03:53:51,431 [INFO] aiogram.event: Update id=226637440 is handled. Duration 293 ms by bot id=8931940625
2026-07-27 03:53:52,594 [INFO] aiogram.event: Update id=226637441 is handled. Duration 443 ms by bot id=8931940625
2026-07-27 03:53:55,771 [INFO] aiogram.event: Update id=226637442 is handled. Duration 432 ms by bot id=8931940625
2026-07-27 03:53:55,819 [INFO] aiogram.event: Update id=226637443 is handled. Duration 200 ms by bot id=8931940625
2026-07-27 03:53:59,410 [INFO] aiogram.event: Update id=226637444 is handled. Duration 456 ms by bot id=8931940625
2026-07-27 03:54:01,026 [INFO] aiogram.event: Update id=226637445 is handled. Duration 421 ms by bot id=8931940625
2026-07-27 03:54:04,266 [INFO] aiogram.event: Update id=226637446 is handled. Duration 304 ms by bot id=8931940625
2026-07-27 03:54:07,299 [INFO] aiogram.event: Update id=226637447 is handled. Duration 319 ms by bot id=8931940625
2026-07-27 03:54:08,847 [INFO] aiogram.event: Update id=226637448 is handled. Duration 295 ms by bot id=8931940625
2026-07-27 03:56:47,390 [INFO] aiogram.event: Update id=226637449 is handled. Duration 283 ms by bot id=8931940625
2026-07-27 03:57:37,246 [INFO] aiogram.event: Update id=226637450 is handled. Duration 479 ms by bot id=8931940625
2026-07-27 03:59:09,284 [INFO] aiogram.event: Update id=226637451 is handled. Duration 185 ms by bot id=8931940625
2026-07-27 03:59:17,877 [INFO] aiogram.event: Update id=226637452 is handled. Duration 335 ms by bot id=8931940625
2026-07-27 03:59:20,489 [INFO] aiogram.event: Update id=226637453 is handled. Duration 317 ms by bot id=8931940625
2026-07-27 03:59:21,609 [INFO] aiogram.event: Update id=226637454 is handled. Duration 297 ms by bot id=8931940625
2026-07-27 03:59:23,945 [INFO] aiogram.event: Update id=226637455 is handled. Duration 315 ms by bot id=8931940625
2026-07-27 04:00:59,882 [INFO] aiogram.event: Update id=226637456 is handled. Duration 338 ms by bot id=8931940625
2026-07-27 04:01:01,828 [INFO] aiogram.event: Update id=226637457 is handled. Duration 491 ms by bot id=8931940625
2026-07-27 04:01:13,581 [INFO] aiogram.event: Update id=226637458 is handled. Duration 489 ms by bot id=8931940625
2026-07-27 04:01:18,403 [INFO] aiogram.event: Update id=226637459 is handled. Duration 311 ms by bot id=8931940625
2026-07-27 04:01:21,890 [INFO] aiogram.event: Update id=226637460 is handled. Duration 304 ms by bot id=8931940625
2026-07-27 04:01:23,708 [INFO] aiogram.event: Update id=226637461 is handled. Duration 423 ms by bot id=8931940625
2026-07-27 04:01:29,451 [INFO] aiogram.event: Update id=226637462 is handled. Duration 440 ms by bot id=8931940625
2026-07-27 04:01:34,667 [INFO] aiogram.event: Update id=226637463 is handled. Duration 340 ms by bot id=8931940625
2026-07-27 04:01:37,121 [INFO] aiogram.event: Update id=226637464 is handled. Duration 300 ms by bot id=8931940625
2026-07-27 04:01:38,867 [INFO] aiogram.event: Update id=226637465 is handled. Duration 335 ms by bot id=8931940625
2026-07-27 04:01:41,363 [INFO] aiogram.event: Update id=226637466 is handled. Duration 321 ms by bot id=8931940625
2026-07-27 04:03:00,336 [INFO] aiogram.event: Update id=226637467 is handled. Duration 462 ms by bot id=8931940625
2026-07-27 04:03:13,262 [INFO] aiogram.event: Update id=226637468 is handled. Duration 418 ms by bot id=8931940625
2026-07-27 04:03:25,207 [INFO] aiogram.event: Update id=226637469 is handled. Duration 319 ms by bot id=8931940625
2026-07-27 04:03:27,165 [INFO] aiogram.event: Update id=226637470 is handled. Duration 459 ms by bot id=8931940625
2026-07-27 04:05:55,293 [INFO] aiogram.event: Update id=226637471 is handled. Duration 489 ms by bot id=8931940625
2026-07-27 04:06:06,797 [INFO] aiogram.event: Update id=226637472 is handled. Duration 184 ms by bot id=8931940625
2026-07-27 04:06:09,882 [INFO] aiogram.event: Update id=226637473 is handled. Duration 321 ms by bot id=8931940625
2026-07-27 04:06:11,816 [INFO] aiogram.event: Update id=226637474 is handled. Duration 323 ms by bot id=8931940625
2026-07-27 04:06:14,700 [INFO] aiogram.event: Update id=226637475 is handled. Duration 351 ms by bot id=8931940625
2026-07-27 04:06:16,236 [INFO] aiogram.event: Update id=226637476 is handled. Duration 297 ms by bot id=8931940625
2026-07-27 04:06:19,094 [INFO] aiogram.event: Update id=226637477 is handled. Duration 179 ms by bot id=8931940625
2026-07-27 04:06:26,701 [INFO] aiogram.event: Update id=226637478 is handled. Duration 314 ms by bot id=8931940625
2026-07-27 04:06:28,839 [INFO] aiogram.event: Update id=226637479 is handled. Duration 424 ms by bot id=8931940625
2026-07-27 04:06:34,127 [INFO] aiogram.event: Update id=226637480 is handled. Duration 418 ms by bot id=8931940625
2026-07-27 04:06:36,590 [INFO] aiogram.event: Update id=226637481 is handled. Duration 434 ms by bot id=8931940625
2026-07-27 04:07:18,530 [INFO] aiogram.event: Update id=226637482 is handled. Duration 183 ms by bot id=8931940625
2026-07-27 04:07:18,803 [INFO] aiogram.event: Update id=226637483 is handled. Duration 308 ms by bot id=8931940625
2026-07-27 04:07:25,351 [INFO] aiogram.event: Update id=226637484 is handled. Duration 322 ms by bot id=8931940625
2026-07-27 04:07:26,697 [INFO] aiogram.event: Update id=226637485 is handled. Duration 354 ms by bot id=8931940625
2026-07-27 04:07:28,820 [INFO] aiogram.event: Update id=226637486 is handled. Duration 433 ms by bot id=8931940625
2026-07-27 04:07:29,327 [INFO] aiogram.event: Update id=226637487 is handled. Duration 606 ms by bot id=8931940625
2026-07-27 04:07:35,789 [INFO] aiogram.event: Update id=226637488 is handled. Duration 174 ms by bot id=8931940625
2026-07-27 04:07:42,639 [INFO] aiogram.event: Update id=226637489 is handled. Duration 321 ms by bot id=8931940625
2026-07-27 04:07:45,739 [INFO] aiogram.event: Update id=226637490 is handled. Duration 318 ms by bot id=8931940625
2026-07-27 04:08:38,441 [INFO] aiogram.event: Update id=226637491 is handled. Duration 191 ms by bot id=8931940625
2026-07-27 04:08:39,926 [INFO] aiogram.event: Update id=226637492 is handled. Duration 200 ms by bot id=8931940625
2026-07-27 04:11:50,850 [INFO] aiogram.event: Update id=226637493 is handled. Duration 348 ms by bot id=8931940625
2026-07-27 04:11:53,946 [INFO] aiogram.event: Update id=226637494 is handled. Duration 452 ms by bot id=8931940625
2026-07-27 04:12:30,583 [INFO] aiogram.event: Update id=226637495 is handled. Duration 487 ms by bot id=8931940625
2026-07-27 04:12:32,250 [INFO] aiogram.event: Update id=226637496 is handled. Duration 419 ms by bot id=8931940625
2026-07-27 04:12:36,407 [INFO] aiogram.event: Update id=226637497 is handled. Duration 189 ms by bot id=8931940625
2026-07-27 04:12:39,679 [INFO] aiogram.event: Update id=226637498 is handled. Duration 311 ms by bot id=8931940625
2026-07-27 04:12:48,407 [INFO] aiogram.event: Update id=226637499 is handled. Duration 309 ms by bot id=8931940625
2026-07-27 04:12:51,333 [INFO] aiogram.event: Update id=226637500 is handled. Duration 316 ms by bot id=8931940625
2026-07-27 04:12:54,457 [INFO] aiogram.event: Update id=226637501 is handled. Duration 306 ms by bot id=8931940625
2026-07-27 04:12:56,675 [INFO] aiogram.event: Update id=226637502 is handled. Duration 169 ms by bot id=8931940625
2026-07-27 04:13:11,538 [INFO] aiogram.event: Update id=226637503 is handled. Duration 326 ms by bot id=8931940625
2026-07-27 04:17:36,625 [INFO] aiogram.event: Update id=226637504 is handled. Duration 337 ms by bot id=8931940625
2026-07-27 04:17:39,124 [INFO] aiogram.event: Update id=226637505 is handled. Duration 315 ms by bot id=8931940625
2026-07-27 04:17:41,839 [INFO] aiogram.event: Update id=226637506 is handled. Duration 336 ms by bot id=8931940625
2026-07-27 04:17:44,125 [INFO] aiogram.event: Update id=226637507 is handled. Duration 316 ms by bot id=8931940625
2026-07-27 04:17:45,206 [INFO] aiogram.event: Update id=226637508 is handled. Duration 324 ms by bot id=8931940625
2026-07-27 04:22:15,718 [INFO] aiogram.event: Update id=226637509 is handled. Duration 211 ms by bot id=8931940625
2026-07-27 04:22:20,808 [INFO] aiogram.event: Update id=226637510 is handled. Duration 439 ms by bot id=8931940625
2026-07-27 04:22:34,883 [INFO] aiogram.event: Update id=226637511 is handled. Duration 539 ms by bot id=8931940625
2026-07-27 04:22:40,518 [INFO] aiogram.event: Update id=226637512 is handled. Duration 387 ms by bot id=8931940625
2026-07-27 04:22:41,927 [INFO] aiogram.event: Update id=226637513 is handled. Duration 288 ms by bot id=8931940625
2026-07-27 04:22:44,634 [INFO] aiogram.event: Update id=226637514 is handled. Duration 171 ms by bot id=8931940625
2026-07-27 04:22:58,094 [INFO] aiogram.event: Update id=226637515 is handled. Duration 319 ms by bot id=8931940625
2026-07-27 04:22:59,194 [INFO] aiogram.event: Update id=226637516 is handled. Duration 301 ms by bot id=8931940625
2026-07-27 04:23:07,442 [INFO] aiogram.event: Update id=226637517 is handled. Duration 343 ms by bot id=8931940625
2026-07-27 04:23:08,853 [INFO] aiogram.event: Update id=226637518 is handled. Duration 318 ms by bot id=8931940625
2026-07-27 04:23:10,531 [INFO] aiogram.event: Update id=226637519 is handled. Duration 386 ms by bot id=8931940625
2026-07-27 04:23:11,427 [INFO] aiogram.event: Update id=226637520 is handled. Duration 311 ms by bot id=8931940625
2026-07-27 04:23:12,562 [INFO] aiogram.event: Update id=226637521 is handled. Duration 336 ms by bot id=8931940625
2026-07-27 04:23:14,424 [INFO] aiogram.event: Update id=226637522 is handled. Duration 327 ms by bot id=8931940625
2026-07-27 04:23:16,249 [INFO] aiogram.event: Update id=226637523 is handled. Duration 616 ms by bot id=8931940625
2026-07-27 04:23:16,891 [INFO] aiogram.event: Update id=226637524 is handled. Duration 190 ms by bot id=8931940625
2026-07-27 04:23:20,355 [INFO] aiogram.event: Update id=226637525 is handled. Duration 346 ms by bot id=8931940625
2026-07-27 04:23:22,741 [INFO] aiogram.event: Update id=226637526 is handled. Duration 307 ms by bot id=8931940625
2026-07-27 04:23:23,668 [INFO] aiogram.event: Update id=226637527 is handled. Duration 479 ms by bot id=8931940625
2026-07-27 04:23:27,658 [INFO] aiogram.event: Update id=226637528 is handled. Duration 439 ms by bot id=8931940625
2026-07-27 04:23:34,439 [INFO] aiogram.event: Update id=226637529 is handled. Duration 328 ms by bot id=8931940625
2026-07-27 04:23:35,773 [INFO] aiogram.event: Update id=226637530 is handled. Duration 519 ms by bot id=8931940625
2026-07-27 04:23:37,391 [INFO] aiogram.event: Update id=226637531 is handled. Duration 479 ms by bot id=8931940625
2026-07-27 04:23:39,120 [INFO] aiogram.event: Update id=226637532 is handled. Duration 470 ms by bot id=8931940625
2026-07-27 04:24:06,837 [INFO] aiogram.event: Update id=226637533 is handled. Duration 498 ms by bot id=8931940625
2026-07-27 04:24:16,248 [INFO] aiogram.event: Update id=226637534 is handled. Duration 426 ms by bot id=8931940625
2026-07-27 04:25:05,169 [INFO] aiogram.event: Update id=226637535 is handled. Duration 444 ms by bot id=8931940625
2026-07-27 04:25:18,399 [INFO] aiogram.event: Update id=226637536 is handled. Duration 354 ms by bot id=8931940625
2026-07-27 04:28:06,174 [INFO] aiogram.event: Update id=226637537 is not handled. Duration 7 ms by bot id=8931940625
2026-07-27 04:31:12,862 [INFO] aiogram.event: Update id=226637538 is handled. Duration 326 ms by bot id=8931940625
2026-07-27 04:31:16,092 [INFO] aiogram.event: Update id=226637539 is handled. Duration 324 ms by bot id=8931940625
2026-07-27 04:31:18,806 [INFO] aiogram.event: Update id=226637540 is handled. Duration 483 ms by bot id=8931940625
2026-07-27 04:31:28,017 [INFO] aiogram.event: Update id=226637541 is handled. Duration 469 ms by bot id=8931940625
2026-07-27 04:31:32,090 [INFO] aiogram.event: Update id=226637542 is handled. Duration 497 ms by bot id=8931940625
2026-07-27 04:31:32,234 [INFO] aiogram.event: Update id=226637543 is handled. Duration 520 ms by bot id=8931940625
2026-07-27 04:31:34,204 [INFO] aiogram.event: Update id=226637544 is handled. Duration 348 ms by bot id=8931940625
2026-07-27 04:31:35,567 [INFO] aiogram.event: Update id=226637545 is handled. Duration 345 ms by bot id=8931940625
2026-07-27 04:31:36,726 [INFO] aiogram.event: Update id=226637546 is handled. Duration 353 ms by bot id=8931940625
2026-07-27 04:31:37,657 [INFO] aiogram.event: Update id=226637547 is handled. Duration 463 ms by bot id=8931940625
2026-07-27 04:31:38,561 [INFO] aiogram.event: Update id=226637548 is handled. Duration 347 ms by bot id=8931940625
2026-07-27 04:31:39,838 [INFO] aiogram.event: Update id=226637549 is handled. Duration 324 ms by bot id=8931940625
2026-07-27 04:31:40,978 [INFO] aiogram.event: Update id=226637550 is handled. Duration 342 ms by bot id=8931940625
2026-07-27 04:31:41,790 [INFO] aiogram.event: Update id=226637551 is handled. Duration 329 ms by bot id=8931940625
2026-07-27 04:31:42,751 [INFO] aiogram.event: Update id=226637552 is handled. Duration 444 ms by bot id=8931940625
2026-07-27 04:31:42,815 [INFO] aiogram.event: Update id=226637553 is handled. Duration 341 ms by bot id=8931940625
2026-07-27 04:31:45,569 [INFO] aiogram.event: Update id=226637554 is handled. Duration 324 ms by bot id=8931940625
2026-07-27 04:31:47,171 [INFO] aiogram.event: Update id=226637555 is handled. Duration 295 ms by bot id=8931940625
2026-07-27 04:31:50,013 [INFO] aiogram.event: Update id=226637556 is handled. Duration 155 ms by bot id=8931940625
2026-07-27 04:32:02,228 [INFO] aiogram.event: Update id=226637557 is handled. Duration 324 ms by bot id=8931940625
2026-07-27 04:32:02,790 [INFO] aiogram.event: Update id=226637558 is handled. Duration 447 ms by bot id=8931940625
2026-07-27 04:32:12,442 [INFO] aiogram.event: Update id=226637559 is handled. Duration 582 ms by bot id=8931940625
2026-07-27 04:33:07,583 [INFO] aiogram.event: Update id=226637560 is handled. Duration 472 ms by bot id=8931940625
2026-07-27 04:33:41,062 [INFO] aiogram.event: Update id=226637561 is handled. Duration 170 ms by bot id=8931940625
2026-07-27 04:33:50,462 [INFO] aiogram.event: Update id=226637562 is handled. Duration 291 ms by bot id=8931940625
2026-07-27 04:34:01,667 [INFO] aiogram.event: Update id=226637563 is handled. Duration 286 ms by bot id=8931940625
2026-07-27 04:34:39,985 [INFO] aiogram.event: Update id=226637564 is handled. Duration 310 ms by bot id=8931940625
2026-07-27 04:34:47,686 [INFO] aiogram.event: Update id=226637565 is handled. Duration 333 ms by bot id=8931940625
2026-07-27 04:38:58,784 [INFO] aiogram.event: Update id=226637566 is handled. Duration 167 ms by bot id=8931940625
2026-07-27 04:39:01,250 [INFO] aiogram.event: Update id=226637567 is handled. Duration 282 ms by bot id=8931940625
2026-07-27 04:39:03,128 [INFO] aiogram.event: Update id=226637568 is handled. Duration 294 ms by bot id=8931940625
2026-07-27 04:39:04,284 [INFO] aiogram.event: Update id=226637569 is handled. Duration 287 ms by bot id=8931940625
2026-07-27 04:39:07,570 [INFO] aiogram.event: Update id=226637570 is handled. Duration 289 ms by bot id=8931940625
2026-07-27 04:39:09,811 [INFO] aiogram.event: Update id=226637571 is handled. Duration 288 ms by bot id=8931940625
2026-07-27 04:39:11,694 [INFO] aiogram.event: Update id=226637572 is handled. Duration 173 ms by bot id=8931940625
2026-07-27 04:39:14,952 [INFO] aiogram.event: Update id=226637573 is handled. Duration 282 ms by bot id=8931940625
2026-07-27 04:39:16,512 [INFO] aiogram.event: Update id=226637574 is handled. Duration 334 ms by bot id=8931940625
2026-07-27 04:39:17,879 [INFO] aiogram.event: Update id=226637575 is handled. Duration 279 ms by bot id=8931940625
2026-07-27 04:41:36,460 [INFO] aiogram.event: Update id=226637576 is handled. Duration 195 ms by bot id=8931940625
2026-07-27 04:41:43,227 [INFO] aiogram.event: Update id=226637577 is handled. Duration 329 ms by bot id=8931940625
2026-07-27 04:41:46,573 [INFO] aiogram.event: Update id=226637578 is handled. Duration 308 ms by bot id=8931940625
2026-07-27 04:42:04,587 [INFO] aiogram.event: Update id=226637579 is handled. Duration 339 ms by bot id=8931940625
2026-07-27 04:42:09,186 [INFO] aiogram.event: Update id=226637580 is handled. Duration 329 ms by bot id=8931940625
2026-07-27 04:42:11,106 [INFO] aiogram.event: Update id=226637581 is handled. Duration 314 ms by bot id=8931940625
2026-07-27 04:42:13,979 [INFO] aiogram.event: Update id=226637582 is handled. Duration 319 ms by bot id=8931940625
2026-07-27 04:42:15,423 [INFO] aiogram.event: Update id=226637583 is handled. Duration 320 ms by bot id=8931940625
2026-07-27 04:42:17,703 [INFO] aiogram.event: Update id=226637584 is handled. Duration 445 ms by bot id=8931940625
2026-07-27 04:42:56,621 [INFO] aiogram.event: Update id=226637585 is handled. Duration 189 ms by bot id=8931940625
2026-07-27 04:43:16,718 [INFO] aiogram.event: Update id=226637586 is handled. Duration 308 ms by bot id=8931940625
2026-07-27 04:43:18,817 [INFO] aiogram.event: Update id=226637587 is handled. Duration 298 ms by bot id=8931940625
2026-07-27 04:43:28,035 [INFO] aiogram.event: Update id=226637588 is handled. Duration 319 ms by bot id=8931940625
2026-07-27 04:43:31,842 [INFO] aiogram.event: Update id=226637589 is handled. Duration 307 ms by bot id=8931940625
2026-07-27 04:50:40,170 [INFO] aiogram.event: Update id=226637590 is handled. Duration 328 ms by bot id=8931940625
2026-07-27 04:55:04,783 [INFO] aiogram.event: Update id=226637591 is handled. Duration 614 ms by bot id=8931940625
2026-07-27 04:55:09,477 [INFO] aiogram.event: Update id=226637592 is handled. Duration 331 ms by bot id=8931940625
2026-07-27 04:55:19,360 [INFO] aiogram.event: Update id=226637593 is handled. Duration 317 ms by bot id=8931940625
2026-07-27 04:55:20,600 [INFO] aiogram.event: Update id=226637594 is handled. Duration 295 ms by bot id=8931940625
2026-07-27 04:55:24,620 [INFO] aiogram.event: Update id=226637595 is handled. Duration 319 ms by bot id=8931940625
2026-07-27 04:55:26,053 [INFO] aiogram.event: Update id=226637596 is handled. Duration 315 ms by bot id=8931940625
2026-07-27 04:55:27,631 [INFO] aiogram.event: Update id=226637597 is handled. Duration 308 ms by bot id=8931940625
2026-07-27 04:55:29,141 [INFO] aiogram.event: Update id=226637598 is handled. Duration 301 ms by bot id=8931940625
2026-07-27 04:55:30,756 [INFO] aiogram.event: Update id=226637599 is handled. Duration 310 ms by bot id=8931940625
2026-07-27 04:55:32,103 [INFO] aiogram.event: Update id=226637600 is handled. Duration 332 ms by bot id=8931940625
2026-07-27 05:01:41,584 [INFO] aiogram.event: Update id=226637601 is handled. Duration 195 ms by bot id=8931940625
2026-07-27 05:01:51,194 [INFO] aiogram.event: Update id=226637602 is handled. Duration 313 ms by bot id=8931940625
2026-07-27 05:01:56,990 [INFO] aiogram.event: Update id=226637603 is handled. Duration 430 ms by bot id=8931940625
2026-07-27 05:02:16,645 [INFO] aiogram.event: Update id=226637604 is handled. Duration 479 ms by bot id=8931940625
2026-07-27 05:02:19,966 [INFO] aiogram.event: Update id=226637605 is handled. Duration 429 ms by bot id=8931940625
2026-07-27 05:02:36,724 [INFO] aiogram.event: Update id=226637606 is handled. Duration 469 ms by bot id=8931940625
2026-07-27 05:05:11,451 [INFO] aiogram.event: Update id=226637607 is handled. Duration 193 ms by bot id=8931940625
2026-07-27 05:05:13,683 [INFO] aiogram.event: Update id=226637608 is handled. Duration 318 ms by bot id=8931940625
2026-07-27 05:05:16,007 [INFO] aiogram.event: Update id=226637609 is handled. Duration 305 ms by bot id=8931940625
2026-07-27 05:05:21,136 [INFO] aiogram.event: Update id=226637610 is handled. Duration 333 ms by bot id=8931940625
2026-07-27 05:05:22,988 [INFO] aiogram.event: Update id=226637611 is handled. Duration 344 ms by bot id=8931940625
2026-07-27 05:05:27,513 [INFO] aiogram.event: Update id=226637612 is handled. Duration 321 ms by bot id=8931940625
2026-07-27 05:08:34,758 [INFO] aiogram.event: Update id=226637613 is handled. Duration 443 ms by bot id=8931940625
2026-07-27 05:08:45,962 [INFO] aiogram.event: Update id=226637614 is handled. Duration 421 ms by bot id=8931940625
2026-07-27 05:08:58,133 [INFO] aiogram.event: Update id=226637615 is not handled. Duration 17 ms by bot id=8931940625
2026-07-27 05:09:03,117 [INFO] aiogram.event: Update id=226637616 is handled. Duration 360 ms by bot id=8931940625
2026-07-27 05:09:26,248 [INFO] aiogram.event: Update id=226637617 is handled. Duration 526 ms by bot id=8931940625
2026-07-27 05:09:27,584 [INFO] aiogram.event: Update id=226637618 is handled. Duration 170 ms by bot id=8931940625
2026-07-27 05:09:30,377 [INFO] aiogram.event: Update id=226637619 is handled. Duration 337 ms by bot id=8931940625
2026-07-27 05:09:31,915 [INFO] aiogram.event: Update id=226637620 is handled. Duration 312 ms by bot id=8931940625
2026-07-27 05:09:36,416 [INFO] aiogram.event: Update id=226637621 is handled. Duration 344 ms by bot id=8931940625
2026-07-27 05:09:40,678 [INFO] aiogram.event: Update id=226637622 is not handled. Duration 10 ms by bot id=8931940625
2026-07-27 05:09:46,069 [INFO] aiogram.event: Update id=226637623 is handled. Duration 470 ms by bot id=8931940625
2026-07-27 05:09:51,587 [INFO] aiogram.event: Update id=226637624 is handled. Duration 427 ms by bot id=8931940625
2026-07-27 05:09:51,897 [INFO] aiogram.event: Update id=226637625 is handled. Duration 505 ms by bot id=8931940625
2026-07-27 05:10:37,488 [INFO] aiogram.event: Update id=226637626 is handled. Duration 602 ms by bot id=8931940625
2026-07-27 05:10:40,031 [INFO] aiogram.event: Update id=226637627 is handled. Duration 463 ms by bot id=8931940625
2026-07-27 05:10:59,693 [INFO] aiogram.event: Update id=226637628 is handled. Duration 519 ms by bot id=8931940625
2026-07-27 05:11:15,382 [INFO] aiogram.event: Update id=226637629 is handled. Duration 370 ms by bot id=8931940625
2026-07-27 05:11:39,385 [INFO] aiogram.event: Update id=226637630 is handled. Duration 515 ms by bot id=8931940625
2026-07-27 05:15:11,284 [INFO] aiogram.event: Update id=226637631 is handled. Duration 461 ms by bot id=8931940625
2026-07-27 05:15:13,200 [INFO] aiogram.event: Update id=226637632 is handled. Duration 322 ms by bot id=8931940625
2026-07-27 05:15:16,842 [INFO] aiogram.event: Update id=226637633 is handled. Duration 330 ms by bot id=8931940625
2026-07-27 05:16:18,742 [INFO] aiogram.event: Update id=226637634 is handled. Duration 186 ms by bot id=8931940625
2026-07-27 05:16:27,846 [INFO] aiogram.event: Update id=226637635 is handled. Duration 347 ms by bot id=8931940625
2026-07-27 05:16:33,560 [INFO] aiogram.event: Update id=226637636 is handled. Duration 460 ms by bot id=8931940625
2026-07-27 05:20:24,057 [INFO] aiogram.event: Update id=226637637 is handled. Duration 304 ms by bot id=8931940625
2026-07-27 05:20:25,395 [INFO] aiogram.event: Update id=226637638 is handled. Duration 309 ms by bot id=8931940625
2026-07-27 05:20:27,951 [INFO] aiogram.event: Update id=226637639 is handled. Duration 323 ms by bot id=8931940625
2026-07-27 05:22:42,088 [INFO] aiogram.event: Update id=226637640 is handled. Duration 161 ms by bot id=8931940625
2026-07-27 05:22:48,187 [INFO] aiogram.event: Update id=226637641 is handled. Duration 496 ms by bot id=8931940625
2026-07-27 05:23:36,843 [INFO] aiogram.event: Update id=226637642 is handled. Duration 193 ms by bot id=8931940625
2026-07-27 05:23:39,321 [INFO] aiogram.event: Update id=226637643 is handled. Duration 322 ms by bot id=8931940625
2026-07-27 05:23:41,943 [INFO] aiogram.event: Update id=226637644 is handled. Duration 432 ms by bot id=8931940625
2026-07-27 05:23:47,478 [INFO] aiogram.event: Update id=226637645 is handled. Duration 316 ms by bot id=8931940625
2026-07-27 05:23:51,255 [INFO] aiogram.event: Update id=226637646 is handled. Duration 311 ms by bot id=8931940625
2026-07-27 05:23:53,111 [INFO] aiogram.event: Update id=226637647 is handled. Duration 326 ms by bot id=8931940625
2026-07-27 05:23:54,698 [INFO] aiogram.event: Update id=226637648 is handled. Duration 311 ms by bot id=8931940625
2026-07-27 05:26:07,903 [INFO] aiogram.event: Update id=226637649 is handled. Duration 913 ms by bot id=8931940625
2026-07-27 05:26:10,256 [INFO] aiogram.event: Update id=226637650 is handled. Duration 444 ms by bot id=8931940625
2026-07-27 05:26:17,178 [INFO] aiogram.event: Update id=226637651 is handled. Duration 461 ms by bot id=8931940625
2026-07-27 05:26:26,314 [INFO] aiogram.event: Update id=226637652 is handled. Duration 446 ms by bot id=8931940625
2026-07-27 05:26:53,585 [INFO] aiogram.event: Update id=226637653 is not handled. Duration 11 ms by bot id=8931940625
2026-07-27 05:27:00,557 [INFO] aiogram.event: Update id=226637654 is handled. Duration 186 ms by bot id=8931940625
2026-07-27 05:27:03,427 [INFO] aiogram.event: Update id=226637655 is handled. Duration 323 ms by bot id=8931940625
2026-07-27 05:27:05,420 [INFO] aiogram.event: Update id=226637656 is handled. Duration 313 ms by bot id=8931940625
2026-07-27 05:27:08,947 [INFO] aiogram.event: Update id=226637657 is handled. Duration 303 ms by bot id=8931940625
2026-07-27 05:27:10,171 [INFO] aiogram.event: Update id=226637658 is handled. Duration 472 ms by bot id=8931940625
2026-07-27 05:27:10,563 [INFO] aiogram.event: Update id=226637659 is handled. Duration 296 ms by bot id=8931940625
2026-07-27 05:27:14,677 [INFO] aiogram.event: Update id=226637660 is handled. Duration 473 ms by bot id=8931940625
2026-07-27 05:27:17,383 [INFO] aiogram.event: Update id=226637661 is handled. Duration 463 ms by bot id=8931940625
2026-07-27 05:27:22,896 [INFO] aiogram.event: Update id=226637662 is handled. Duration 325 ms by bot id=8931940625
2026-07-27 05:27:25,133 [INFO] aiogram.event: Update id=226637663 is handled. Duration 434 ms by bot id=8931940625
2026-07-27 05:27:34,273 [INFO] aiogram.event: Update id=226637664 is handled. Duration 345 ms by bot id=8931940625
2026-07-27 05:27:38,398 [INFO] aiogram.event: Update id=226637665 is handled. Duration 503 ms by bot id=8931940625
2026-07-27 05:27:39,600 [INFO] aiogram.event: Update id=226637666 is handled. Duration 347 ms by bot id=8931940625
2026-07-27 05:27:40,709 [INFO] aiogram.event: Update id=226637667 is handled. Duration 312 ms by bot id=8931940625
2026-07-27 05:27:42,419 [INFO] aiogram.event: Update id=226637668 is handled. Duration 326 ms by bot id=8931940625
2026-07-27 05:27:43,934 [INFO] aiogram.event: Update id=226637669 is handled. Duration 325 ms by bot id=8931940625
2026-07-27 05:27:45,865 [INFO] aiogram.event: Update id=226637670 is handled. Duration 313 ms by bot id=8931940625
2026-07-27 05:27:48,903 [INFO] aiogram.event: Update id=226637671 is handled. Duration 306 ms by bot id=8931940625
2026-07-27 05:28:09,268 [INFO] aiogram.event: Update id=226637672 is handled. Duration 524 ms by bot id=8931940625
2026-07-27 05:28:09,995 [INFO] aiogram.event: Update id=226637673 is handled. Duration 484 ms by bot id=8931940625
2026-07-27 05:28:13,244 [INFO] aiogram.event: Update id=226637674 is handled. Duration 422 ms by bot id=8931940625
2026-07-27 05:28:27,458 [INFO] aiogram.event: Update id=226637675 is handled. Duration 348 ms by bot id=8931940625
2026-07-27 05:30:49,367 [INFO] aiogram.event: Update id=226637676 is handled. Duration 477 ms by bot id=8931940625
2026-07-27 05:37:23,991 [INFO] aiogram.event: Update id=226637677 is handled. Duration 481 ms by bot id=8931940625
2026-07-27 05:38:24,634 [INFO] aiogram.event: Update id=226637678 is handled. Duration 354 ms by bot id=8931940625
2026-07-27 05:41:19,308 [INFO] aiogram.event: Update id=226637679 is handled. Duration 473 ms by bot id=8931940625
2026-07-27 05:42:21,547 [INFO] aiogram.event: Update id=226637680 is handled. Duration 463 ms by bot id=8931940625
2026-07-27 05:42:25,585 [INFO] aiogram.event: Update id=226637681 is handled. Duration 321 ms by bot id=8931940625
2026-07-27 05:42:27,361 [INFO] aiogram.event: Update id=226637682 is handled. Duration 448 ms by bot id=8931940625
2026-07-27 05:42:35,171 [INFO] aiogram.event: Update id=226637683 is handled. Duration 439 ms by bot id=8931940625
2026-07-27 05:58:52,927 [INFO] aiogram.event: Update id=226637684 is handled. Duration 700 ms by bot id=8931940625
2026-07-27 06:16:38,482 [INFO] aiogram.event: Update id=226637685 is handled. Duration 203 ms by bot id=8931940625
2026-07-27 06:16:45,223 [INFO] aiogram.event: Update id=226637686 is handled. Duration 326 ms by bot id=8931940625
2026-07-27 06:16:47,428 [INFO] aiogram.event: Update id=226637687 is handled. Duration 289 ms by bot id=8931940625
2026-07-27 06:16:49,900 [INFO] aiogram.event: Update id=226637688 is handled. Duration 294 ms by bot id=8931940625
2026-07-27 06:16:59,131 [INFO] aiogram.event: Update id=226637689 is handled. Duration 494 ms by bot id=8931940625
2026-07-27 06:19:14,726 [INFO] aiogram.event: Update id=226637690 is handled. Duration 456 ms by bot id=8931940625
2026-07-27 06:19:16,640 [INFO] aiogram.event: Update id=226637691 is handled. Duration 441 ms by bot id=8931940625
2026-07-27 06:19:40,311 [INFO] aiogram.event: Update id=226637692 is handled. Duration 293 ms by bot id=8931940625
2026-07-27 06:19:42,704 [INFO] aiogram.event: Update id=226637693 is handled. Duration 311 ms by bot id=8931940625
2026-07-27 06:19:44,229 [INFO] aiogram.event: Update id=226637694 is handled. Duration 291 ms by bot id=8931940625
2026-07-27 06:19:45,850 [INFO] aiogram.event: Update id=226637695 is handled. Duration 314 ms by bot id=8931940625
2026-07-27 06:19:47,004 [INFO] aiogram.event: Update id=226637696 is handled. Duration 329 ms by bot id=8931940625
2026-07-27 06:19:49,368 [INFO] aiogram.event: Update id=226637697 is handled. Duration 305 ms by bot id=8931940625
2026-07-27 06:22:02,467 [INFO] aiogram.event: Update id=226637698 is handled. Duration 161 ms by bot id=8931940625
2026-07-27 06:22:08,657 [INFO] aiogram.event: Update id=226637699 is handled. Duration 311 ms by bot id=8931940625
2026-07-27 06:22:11,132 [INFO] aiogram.event: Update id=226637700 is handled. Duration 320 ms by bot id=8931940625
2026-07-27 06:22:13,354 [INFO] aiogram.event: Update id=226637701 is handled. Duration 311 ms by bot id=8931940625
2026-07-27 06:22:14,507 [INFO] aiogram.event: Update id=226637702 is handled. Duration 317 ms by bot id=8931940625
2026-07-27 06:22:16,179 [INFO] aiogram.event: Update id=226637703 is handled. Duration 455 ms by bot id=8931940625
2026-07-27 06:22:17,317 [INFO] aiogram.event: Update id=226637704 is handled. Duration 322 ms by bot id=8931940625
2026-07-27 06:22:27,225 [INFO] aiogram.event: Update id=226637705 is handled. Duration 385 ms by bot id=8931940625
2026-07-27 06:22:30,089 [INFO] aiogram.event: Update id=226637706 is handled. Duration 317 ms by bot id=8931940625
2026-07-27 06:22:32,350 [INFO] aiogram.event: Update id=226637707 is handled. Duration 422 ms by bot id=8931940625
2026-07-27 06:24:21,335 [INFO] aiogram.event: Update id=226637708 is handled. Duration 187 ms by bot id=8931940625
2026-07-27 06:24:27,697 [INFO] aiogram.event: Update id=226637709 is handled. Duration 345 ms by bot id=8931940625
2026-07-27 06:25:06,654 [INFO] aiogram.event: Update id=226637710 is handled. Duration 306 ms by bot id=8931940625
2026-07-27 06:25:11,977 [INFO] aiogram.event: Update id=226637711 is handled. Duration 221 ms by bot id=8931940625
2026-07-27 06:25:12,225 [INFO] aiogram.event: Update id=226637712 is handled. Duration 441 ms by bot id=8931940625
2026-07-27 06:25:13,472 [INFO] aiogram.event: Update id=226637713 is handled. Duration 321 ms by bot id=8931940625
2026-07-27 06:25:14,427 [INFO] aiogram.event: Update id=226637714 is handled. Duration 314 ms by bot id=8931940625
2026-07-27 06:25:16,788 [INFO] aiogram.event: Update id=226637715 is handled. Duration 321 ms by bot id=8931940625
2026-07-27 06:25:18,890 [INFO] aiogram.event: Update id=226637716 is handled. Duration 314 ms by bot id=8931940625
2026-07-27 06:25:20,137 [INFO] aiogram.event: Update id=226637717 is handled. Duration 307 ms by bot id=8931940625
2026-07-27 06:25:21,030 [INFO] aiogram.event: Update id=226637718 is handled. Duration 325 ms by bot id=8931940625
2026-07-27 06:25:22,214 [INFO] aiogram.event: Update id=226637719 is handled. Duration 375 ms by bot id=8931940625
2026-07-27 06:25:23,123 [INFO] aiogram.event: Update id=226637720 is handled. Duration 339 ms by bot id=8931940625
2026-07-27 06:25:24,633 [INFO] aiogram.event: Update id=226637721 is handled. Duration 320 ms by bot id=8931940625
2026-07-27 06:28:14,736 [INFO] aiogram.event: Update id=226637722 is handled. Duration 208 ms by bot id=8931940625
2026-07-27 06:28:16,299 [INFO] aiogram.event: Update id=226637723 is handled. Duration 331 ms by bot id=8931940625
2026-07-27 06:28:17,704 [INFO] aiogram.event: Update id=226637724 is handled. Duration 305 ms by bot id=8931940625
2026-07-27 06:28:19,311 [INFO] aiogram.event: Update id=226637725 is handled. Duration 336 ms by bot id=8931940625
2026-07-27 06:28:20,390 [INFO] aiogram.event: Update id=226637726 is handled. Duration 411 ms by bot id=8931940625
2026-07-27 06:28:24,064 [INFO] aiogram.event: Update id=226637727 is handled. Duration 166 ms by bot id=8931940625
2026-07-27 06:28:37,738 [INFO] aiogram.event: Update id=226637728 is handled. Duration 315 ms by bot id=8931940625
2026-07-27 06:44:11,656 [INFO] aiogram.event: Update id=226637729 is handled. Duration 312 ms by bot id=8931940625
2026-07-27 06:44:14,941 [INFO] aiogram.event: Update id=226637730 is handled. Duration 321 ms by bot id=8931940625
2026-07-27 06:44:16,412 [INFO] aiogram.event: Update id=226637731 is handled. Duration 314 ms by bot id=8931940625
2026-07-27 06:51:18,057 [INFO] aiogram.event: Update id=226637732 is handled. Duration 185 ms by bot id=8931940625
2026-07-27 06:52:23,968 [INFO] aiogram.event: Update id=226637733 is handled. Duration 291 ms by bot id=8931940625
2026-07-27 06:52:27,407 [INFO] aiogram.event: Update id=226637734 is handled. Duration 294 ms by bot id=8931940625
2026-07-27 06:52:47,440 [INFO] aiogram.event: Update id=226637735 is handled. Duration 187 ms by bot id=8931940625
2026-07-27 06:52:52,192 [INFO] aiogram.event: Update id=226637736 is handled. Duration 311 ms by bot id=8931940625
2026-07-27 06:52:55,606 [INFO] aiogram.event: Update id=226637737 is handled. Duration 302 ms by bot id=8931940625
2026-07-27 06:53:07,370 [INFO] aiogram.event: Update id=226637738 is handled. Duration 149 ms by bot id=8931940625
2026-07-27 06:53:14,577 [INFO] aiogram.event: Update id=226637739 is handled. Duration 157 ms by bot id=8931940625
2026-07-27 06:53:16,795 [INFO] aiogram.event: Update id=226637740 is handled. Duration 287 ms by bot id=8931940625
2026-07-27 06:53:51,260 [INFO] aiogram.event: Update id=226637741 is handled. Duration 163 ms by bot id=8931940625
2026-07-27 06:54:20,173 [INFO] aiogram.event: Update id=226637742 is handled. Duration 307 ms by bot id=8931940625
2026-07-27 06:54:22,365 [INFO] aiogram.event: Update id=226637743 is handled. Duration 320 ms by bot id=8931940625
2026-07-27 06:55:10,360 [INFO] aiogram.event: Update id=226637744 is handled. Duration 162 ms by bot id=8931940625
2026-07-27 06:55:13,059 [INFO] aiogram.event: Update id=226637745 is handled. Duration 320 ms by bot id=8931940625
2026-07-27 06:55:15,049 [INFO] aiogram.event: Update id=226637746 is handled. Duration 320 ms by bot id=8931940625
2026-07-27 06:55:16,568 [INFO] aiogram.event: Update id=226637747 is handled. Duration 194 ms by bot id=8931940625
2026-07-27 06:55:18,512 [INFO] aiogram.event: Update id=226637748 is handled. Duration 297 ms by bot id=8931940625
2026-07-27 06:55:20,064 [INFO] aiogram.event: Update id=226637749 is handled. Duration 315 ms by bot id=8931940625
2026-07-27 06:55:21,989 [INFO] aiogram.event: Update id=226637750 is handled. Duration 290 ms by bot id=8931940625
2026-07-27 06:55:38,255 [INFO] aiogram.event: Update id=226637751 is handled. Duration 455 ms by bot id=8931940625
2026-07-27 06:59:43,626 [INFO] aiogram.event: Update id=226637752 is handled. Duration 227 ms by bot id=8931940625
2026-07-27 06:59:46,430 [INFO] aiogram.event: Update id=226637753 is handled. Duration 327 ms by bot id=8931940625
2026-07-27 06:59:47,692 [INFO] aiogram.event: Update id=226637754 is handled. Duration 336 ms by bot id=8931940625
2026-07-27 06:59:49,150 [INFO] aiogram.event: Update id=226637755 is handled. Duration 302 ms by bot id=8931940625
2026-07-27 06:59:53,648 [INFO] aiogram.event: Update id=226637756 is handled. Duration 457 ms by bot id=8931940625
2026-07-27 06:59:58,416 [INFO] aiogram.event: Update id=226637757 is handled. Duration 430 ms by bot id=8931940625
2026-07-27 07:00:09,569 [INFO] aiogram.event: Update id=226637758 is handled. Duration 342 ms by bot id=8931940625
2026-07-27 07:00:32,004 [INFO] aiogram.event: Update id=226637759 is handled. Duration 438 ms by bot id=8931940625
2026-07-27 07:03:44,209 [INFO] aiogram.event: Update id=226637760 is handled. Duration 192 ms by bot id=8931940625
2026-07-27 07:03:46,089 [INFO] aiogram.event: Update id=226637761 is handled. Duration 303 ms by bot id=8931940625
2026-07-27 07:03:49,763 [INFO] aiogram.event: Update id=226637762 is handled. Duration 327 ms by bot id=8931940625
2026-07-27 07:03:52,868 [INFO] aiogram.event: Update id=226637763 is handled. Duration 327 ms by bot id=8931940625
2026-07-27 07:03:54,459 [INFO] aiogram.event: Update id=226637764 is handled. Duration 360 ms by bot id=8931940625
2026-07-27 07:03:56,227 [INFO] aiogram.event: Update id=226637765 is handled. Duration 305 ms by bot id=8931940625
2026-07-27 07:03:57,749 [INFO] aiogram.event: Update id=226637766 is handled. Duration 316 ms by bot id=8931940625
2026-07-27 07:03:59,099 [INFO] aiogram.event: Update id=226637767 is handled. Duration 342 ms by bot id=8931940625
2026-07-27 07:04:29,450 [INFO] aiogram.event: Update id=226637768 is handled. Duration 450 ms by bot id=8931940625
2026-07-27 07:06:30,807 [INFO] aiogram.event: Update id=226637769 is handled. Duration 192 ms by bot id=8931940625
2026-07-27 07:23:37,627 [WARNING] handlers.admin.orders: Не удалось уведомить пользователя 8212570904: Telegram server says - Forbidden: user is deactivated
2026-07-27 07:23:37,899 [INFO] aiogram.event: Update id=226637770 is handled. Duration 452 ms by bot id=8931940625
2026-07-27 07:29:44,058 [INFO] aiogram.event: Update id=226637771 is handled. Duration 485 ms by bot id=8931940625
2026-07-27 07:29:51,289 [INFO] aiogram.event: Update id=226637772 is handled. Duration 308 ms by bot id=8931940625
2026-07-27 07:29:55,907 [INFO] aiogram.event: Update id=226637773 is handled. Duration 297 ms by bot id=8931940625
2026-07-27 07:30:01,801 [INFO] aiogram.event: Update id=226637774 is handled. Duration 296 ms by bot id=8931940625
2026-07-27 07:30:04,366 [INFO] aiogram.event: Update id=226637775 is handled. Duration 365 ms by bot id=8931940625
2026-07-27 07:30:09,143 [INFO] aiogram.event: Update id=226637776 is handled. Duration 176 ms by bot id=8931940625
2026-07-27 07:30:37,254 [INFO] aiogram.event: Update id=226637777 is handled. Duration 168 ms by bot id=8931940625
2026-07-27 07:30:40,362 [INFO] aiogram.event: Update id=226637778 is handled. Duration 313 ms by bot id=8931940625
2026-07-27 07:31:57,451 [INFO] aiogram.event: Update id=226637779 is handled. Duration 195 ms by bot id=8931940625
2026-07-27 07:32:01,072 [INFO] aiogram.event: Update id=226637780 is handled. Duration 300 ms by bot id=8931940625
2026-07-27 07:32:04,898 [INFO] aiogram.event: Update id=226637781 is handled. Duration 302 ms by bot id=8931940625
2026-07-27 07:32:13,735 [INFO] aiogram.event: Update id=226637782 is handled. Duration 170 ms by bot id=8931940625
2026-07-27 07:33:14,345 [INFO] aiogram.event: Update id=226637783 is handled. Duration 464 ms by bot id=8931940625
2026-07-27 07:33:19,103 [INFO] aiogram.event: Update id=226637784 is handled. Duration 449 ms by bot id=8931940625
2026-07-27 07:34:14,728 [INFO] aiogram.event: Update id=226637785 is handled. Duration 193 ms by bot id=8931940625
2026-07-27 07:34:20,569 [INFO] aiogram.event: Update id=226637786 is handled. Duration 324 ms by bot id=8931940625
2026-07-27 07:36:49,011 [INFO] aiogram.event: Update id=226637787 is handled. Duration 167 ms by bot id=8931940625
2026-07-27 07:38:15,679 [INFO] aiogram.event: Update id=226637788 is handled. Duration 313 ms by bot id=8931940625
2026-07-27 07:38:20,030 [INFO] aiogram.event: Update id=226637789 is handled. Duration 295 ms by bot id=8931940625
2026-07-27 07:38:23,530 [INFO] aiogram.event: Update id=226637790 is handled. Duration 321 ms by bot id=8931940625
2026-07-27 07:38:24,978 [INFO] aiogram.event: Update id=226637791 is handled. Duration 306 ms by bot id=8931940625
2026-07-27 07:38:30,873 [INFO] aiogram.event: Update id=226637792 is handled. Duration 325 ms by bot id=8931940625
2026-07-27 07:38:32,576 [INFO] aiogram.event: Update id=226637793 is handled. Duration 309 ms by bot id=8931940625
2026-07-27 07:38:33,987 [INFO] aiogram.event: Update id=226637794 is handled. Duration 310 ms by bot id=8931940625
2026-07-27 07:38:36,065 [INFO] aiogram.event: Update id=226637795 is handled. Duration 331 ms by bot id=8931940625
2026-07-27 07:38:37,385 [INFO] aiogram.event: Update id=226637796 is handled. Duration 322 ms by bot id=8931940625
2026-07-27 07:43:45,373 [INFO] aiogram.event: Update id=226637797 is handled. Duration 444 ms by bot id=8931940625
2026-07-27 07:43:53,668 [INFO] aiogram.event: Update id=226637798 is handled. Duration 462 ms by bot id=8931940625
2026-07-27 08:25:39,495 [INFO] aiogram.event: Update id=226637799 is handled. Duration 210 ms by bot id=8931940625
2026-07-27 08:25:43,225 [INFO] aiogram.event: Update id=226637800 is handled. Duration 332 ms by bot id=8931940625
2026-07-27 08:25:45,265 [INFO] aiogram.event: Update id=226637801 is handled. Duration 331 ms by bot id=8931940625
2026-07-27 08:43:14,033 [INFO] aiogram.event: Update id=226637802 is handled. Duration 613 ms by bot id=8931940625
2026-07-27 08:43:15,711 [INFO] aiogram.event: Update id=226637803 is handled. Duration 310 ms by bot id=8931940625
2026-07-27 08:48:03,118 [INFO] aiogram.event: Update id=226637804 is handled. Duration 310 ms by bot id=8931940625
2026-07-27 09:01:08,810 [INFO] aiogram.event: Update id=226637805 is handled. Duration 281 ms by bot id=8931940625
2026-07-27 09:01:16,048 [INFO] aiogram.event: Update id=226637806 is handled. Duration 314 ms by bot id=8931940625
2026-07-27 09:01:17,998 [INFO] aiogram.event: Update id=226637807 is handled. Duration 276 ms by bot id=8931940625
2026-07-27 09:01:19,533 [INFO] aiogram.event: Update id=226637808 is handled. Duration 293 ms by bot id=8931940625
2026-07-27 09:01:21,530 [INFO] aiogram.event: Update id=226637809 is handled. Duration 288 ms by bot id=8931940625
2026-07-27 09:01:22,898 [INFO] aiogram.event: Update id=226637810 is handled. Duration 305 ms by bot id=8931940625
2026-07-27 09:01:37,626 [INFO] aiogram.event: Update id=226637811 is handled. Duration 153 ms by bot id=8931940625
2026-07-27 09:01:40,305 [INFO] aiogram.event: Update id=226637812 is handled. Duration 434 ms by bot id=8931940625
2026-07-27 09:01:43,366 [INFO] aiogram.event: Update id=226637813 is handled. Duration 327 ms by bot id=8931940625
2026-07-27 09:02:31,630 [INFO] aiogram.event: Update id=226637814 is not handled. Duration 18 ms by bot id=8931940625
2026-07-27 09:02:42,299 [INFO] aiogram.event: Update id=226637815 is handled. Duration 311 ms by bot id=8931940625
2026-07-27 09:02:53,459 [INFO] aiogram.event: Update id=226637816 is not handled. Duration 10 ms by bot id=8931940625
2026-07-27 09:03:01,921 [INFO] aiogram.event: Update id=226637817 is not handled. Duration 7 ms by bot id=8931940625
2026-07-27 09:03:32,637 [INFO] aiogram.event: Update id=226637818 is handled. Duration 172 ms by bot id=8931940625
2026-07-27 09:03:37,303 [INFO] aiogram.event: Update id=226637819 is handled. Duration 314 ms by bot id=8931940625
2026-07-27 09:03:41,796 [INFO] aiogram.event: Update id=226637820 is handled. Duration 286 ms by bot id=8931940625
2026-07-27 09:03:46,533 [INFO] aiogram.event: Update id=226637821 is handled. Duration 344 ms by bot id=8931940625
2026-07-27 09:03:48,155 [INFO] aiogram.event: Update id=226637822 is handled. Duration 321 ms by bot id=8931940625
2026-07-27 09:03:50,699 [INFO] aiogram.event: Update id=226637823 is handled. Duration 320 ms by bot id=8931940625
2026-07-27 09:03:52,417 [INFO] aiogram.event: Update id=226637824 is handled. Duration 304 ms by bot id=8931940625
2026-07-27 09:03:54,033 [INFO] aiogram.event: Update id=226637825 is handled. Duration 327 ms by bot id=8931940625
2026-07-27 09:03:55,728 [INFO] aiogram.event: Update id=226637826 is handled. Duration 302 ms by bot id=8931940625
2026-07-27 09:03:57,107 [INFO] aiogram.event: Update id=226637827 is handled. Duration 330 ms by bot id=8931940625
2026-07-27 09:03:58,242 [INFO] aiogram.event: Update id=226637828 is handled. Duration 309 ms by bot id=8931940625
2026-07-27 09:03:59,395 [INFO] aiogram.event: Update id=226637829 is handled. Duration 339 ms by bot id=8931940625
2026-07-27 09:04:03,749 [INFO] aiogram.event: Update id=226637830 is handled. Duration 422 ms by bot id=8931940625
2026-07-27 09:04:53,652 [INFO] aiogram.event: Update id=226637831 is handled. Duration 497 ms by bot id=8931940625
2026-07-27 09:04:57,039 [INFO] aiogram.event: Update id=226637832 is handled. Duration 307 ms by bot id=8931940625
2026-07-27 09:05:04,708 [INFO] aiogram.event: Update id=226637833 is handled. Duration 306 ms by bot id=8931940625
2026-07-27 09:05:06,451 [INFO] aiogram.event: Update id=226637834 is handled. Duration 306 ms by bot id=8931940625
2026-07-27 09:05:11,019 [INFO] aiogram.event: Update id=226637835 is handled. Duration 321 ms by bot id=8931940625
2026-07-27 09:05:13,086 [INFO] aiogram.event: Update id=226637836 is handled. Duration 301 ms by bot id=8931940625
2026-07-27 09:05:14,777 [INFO] aiogram.event: Update id=226637837 is handled. Duration 314 ms by bot id=8931940625
2026-07-27 09:05:16,191 [INFO] aiogram.event: Update id=226637838 is handled. Duration 297 ms by bot id=8931940625
2026-07-27 09:05:17,913 [INFO] aiogram.event: Update id=226637839 is handled. Duration 300 ms by bot id=8931940625
2026-07-27 09:05:19,213 [INFO] aiogram.event: Update id=226637840 is handled. Duration 339 ms by bot id=8931940625
2026-07-27 09:11:01,173 [INFO] aiogram.event: Update id=226637841 is handled. Duration 163 ms by bot id=8931940625
2026-07-27 09:11:09,572 [INFO] aiogram.event: Update id=226637842 is handled. Duration 290 ms by bot id=8931940625
2026-07-27 09:11:11,240 [INFO] aiogram.event: Update id=226637843 is handled. Duration 291 ms by bot id=8931940625
2026-07-27 09:11:13,172 [INFO] aiogram.event: Update id=226637844 is handled. Duration 289 ms by bot id=8931940625
2026-07-27 09:11:17,683 [INFO] aiogram.event: Update id=226637845 is handled. Duration 159 ms by bot id=8931940625
2026-07-27 09:11:28,424 [INFO] aiogram.event: Update id=226637846 is handled. Duration 155 ms by bot id=8931940625
2026-07-27 09:12:08,657 [INFO] aiogram.event: Update id=226637847 is handled. Duration 166 ms by bot id=8931940625
2026-07-27 09:12:10,051 [INFO] aiogram.event: Update id=226637848 is handled. Duration 346 ms by bot id=8931940625
2026-07-27 09:12:11,070 [INFO] aiogram.event: Update id=226637849 is handled. Duration 370 ms by bot id=8931940625
2026-07-27 09:12:56,789 [INFO] aiogram.event: Update id=226637850 is handled. Duration 311 ms by bot id=8931940625
2026-07-27 09:13:04,460 [INFO] aiogram.event: Update id=226637851 is handled. Duration 148 ms by bot id=8931940625
2026-07-27 09:13:07,417 [INFO] aiogram.event: Update id=226637852 is handled. Duration 317 ms by bot id=8931940625
2026-07-27 09:13:18,470 [INFO] aiogram.event: Update id=226637853 is not handled. Duration 7 ms by bot id=8931940625
2026-07-27 09:13:32,083 [INFO] aiogram.event: Update id=226637854 is not handled. Duration 11 ms by bot id=8931940625
2026-07-27 09:13:50,811 [INFO] aiogram.event: Update id=226637855 is handled. Duration 324 ms by bot id=8931940625
2026-07-27 09:14:55,989 [INFO] aiogram.event: Update id=226637856 is handled. Duration 182 ms by bot id=8931940625
2026-07-27 09:15:25,277 [INFO] aiogram.event: Update id=226637857 is handled. Duration 346 ms by bot id=8931940625
2026-07-27 09:15:28,191 [INFO] aiogram.event: Update id=226637858 is handled. Duration 298 ms by bot id=8931940625
2026-07-27 09:15:38,926 [INFO] aiogram.event: Update id=226637859 is handled. Duration 312 ms by bot id=8931940625
2026-07-27 09:15:42,017 [INFO] aiogram.event: Update id=226637860 is handled. Duration 307 ms by bot id=8931940625
2026-07-27 09:15:45,702 [INFO] aiogram.event: Update id=226637861 is handled. Duration 300 ms by bot id=8931940625
2026-07-27 09:15:50,624 [INFO] aiogram.event: Update id=226637862 is handled. Duration 327 ms by bot id=8931940625
2026-07-27 09:15:53,777 [INFO] aiogram.event: Update id=226637863 is handled. Duration 169 ms by bot id=8931940625
2026-07-27 09:16:50,503 [INFO] aiogram.event: Update id=226637864 is handled. Duration 308 ms by bot id=8931940625
2026-07-27 09:16:54,919 [INFO] aiogram.event: Update id=226637865 is handled. Duration 308 ms by bot id=8931940625
2026-07-27 09:16:58,741 [INFO] aiogram.event: Update id=226637866 is handled. Duration 289 ms by bot id=8931940625
2026-07-27 09:16:59,963 [INFO] aiogram.event: Update id=226637867 is handled. Duration 316 ms by bot id=8931940625
2026-07-27 09:17:03,634 [INFO] aiogram.event: Update id=226637868 is handled. Duration 151 ms by bot id=8931940625
2026-07-27 09:17:06,603 [INFO] aiogram.event: Update id=226637869 is handled. Duration 186 ms by bot id=8931940625
2026-07-27 09:17:09,527 [INFO] aiogram.event: Update id=226637870 is handled. Duration 312 ms by bot id=8931940625
2026-07-27 09:17:10,134 [INFO] aiogram.event: Update id=226637871 is handled. Duration 352 ms by bot id=8931940625
2026-07-27 09:17:11,020 [INFO] aiogram.event: Update id=226637872 is handled. Duration 293 ms by bot id=8931940625
2026-07-27 09:17:12,150 [INFO] aiogram.event: Update id=226637873 is handled. Duration 311 ms by bot id=8931940625
2026-07-27 09:17:14,391 [INFO] aiogram.event: Update id=226637874 is handled. Duration 448 ms by bot id=8931940625
2026-07-27 09:17:16,765 [INFO] aiogram.event: Update id=226637875 is handled. Duration 446 ms by bot id=8931940625
2026-07-27 09:19:41,983 [INFO] aiogram.event: Update id=226637876 is handled. Duration 167 ms by bot id=8931940625
2026-07-27 09:19:43,788 [INFO] aiogram.event: Update id=226637877 is handled. Duration 307 ms by bot id=8931940625
2026-07-27 09:19:46,021 [INFO] aiogram.event: Update id=226637878 is handled. Duration 292 ms by bot id=8931940625
2026-07-27 09:19:47,938 [INFO] aiogram.event: Update id=226637879 is handled. Duration 373 ms by bot id=8931940625
2026-07-27 09:22:17,492 [INFO] aiogram.event: Update id=226637880 is handled. Duration 163 ms by bot id=8931940625
2026-07-27 09:22:25,732 [INFO] aiogram.event: Update id=226637881 is handled. Duration 372 ms by bot id=8931940625
2026-07-27 09:22:25,906 [INFO] aiogram.event: Update id=226637882 is handled. Duration 184 ms by bot id=8931940625
2026-07-27 09:22:27,327 [INFO] aiogram.event: Update id=226637883 is handled. Duration 262 ms by bot id=8931940625
2026-07-27 09:22:29,534 [INFO] aiogram.event: Update id=226637884 is handled. Duration 193 ms by bot id=8931940625
2026-07-27 09:22:30,881 [INFO] aiogram.event: Update id=226637885 is handled. Duration 324 ms by bot id=8931940625
2026-07-27 09:22:31,831 [INFO] aiogram.event: Update id=226637886 is handled. Duration 312 ms by bot id=8931940625
2026-07-27 09:22:33,131 [INFO] aiogram.event: Update id=226637887 is handled. Duration 312 ms by bot id=8931940625
2026-07-27 09:22:34,510 [INFO] aiogram.event: Update id=226637888 is handled. Duration 165 ms by bot id=8931940625
2026-07-27 09:22:35,905 [INFO] aiogram.event: Update id=226637889 is handled. Duration 287 ms by bot id=8931940625
2026-07-27 09:22:37,187 [INFO] aiogram.event: Update id=226637890 is handled. Duration 295 ms by bot id=8931940625
2026-07-27 09:22:39,121 [INFO] aiogram.event: Update id=226637891 is handled. Duration 361 ms by bot id=8931940625
2026-07-27 09:22:41,971 [INFO] aiogram.event: Update id=226637892 is handled. Duration 283 ms by bot id=8931940625
2026-07-27 09:22:44,913 [INFO] aiogram.event: Update id=226637893 is handled. Duration 292 ms by bot id=8931940625
2026-07-27 09:22:47,847 [INFO] aiogram.event: Update id=226637894 is handled. Duration 179 ms by bot id=8931940625
2026-07-27 09:23:23,982 [INFO] aiogram.event: Update id=226637895 is handled. Duration 449 ms by bot id=8931940625
2026-07-27 09:23:34,506 [INFO] aiogram.event: Update id=226637896 is handled. Duration 336 ms by bot id=8931940625
2026-07-27 09:23:41,094 [INFO] aiogram.event: Update id=226637897 is handled. Duration 449 ms by bot id=8931940625
2026-07-27 09:31:47,907 [INFO] aiogram.event: Update id=226637898 is handled. Duration 485 ms by bot id=8931940625
2026-07-27 09:49:29,145 [INFO] aiogram.event: Update id=226637899 is handled. Duration 511 ms by bot id=8931940625
2026-07-27 09:49:53,756 [INFO] aiogram.event: Update id=226637900 is handled. Duration 308 ms by bot id=8931940625
2026-07-27 09:50:11,547 [INFO] aiogram.event: Update id=226637901 is handled. Duration 434 ms by bot id=8931940625
2026-07-27 09:50:38,210 [INFO] aiogram.event: Update id=226637902 is handled. Duration 483 ms by bot id=8931940625
2026-07-27 09:50:48,591 [INFO] aiogram.event: Update id=226637903 is handled. Duration 441 ms by bot id=8931940625
2026-07-27 09:51:31,274 [INFO] aiogram.event: Update id=226637904 is handled. Duration 451 ms by bot id=8931940625
2026-07-27 09:51:35,967 [INFO] aiogram.event: Update id=226637905 is handled. Duration 326 ms by bot id=8931940625
2026-07-27 09:51:38,500 [INFO] aiogram.event: Update id=226637906 is handled. Duration 317 ms by bot id=8931940625
2026-07-27 09:51:45,773 [INFO] aiogram.event: Update id=226637907 is handled. Duration 329 ms by bot id=8931940625
2026-07-27 09:51:53,321 [INFO] aiogram.event: Update id=226637908 is handled. Duration 331 ms by bot id=8931940625
2026-07-27 09:51:57,112 [INFO] aiogram.event: Update id=226637909 is handled. Duration 335 ms by bot id=8931940625
2026-07-27 09:51:59,536 [INFO] aiogram.event: Update id=226637910 is handled. Duration 317 ms by bot id=8931940625
2026-07-27 10:15:03,870 [INFO] aiogram.event: Update id=226637911 is handled. Duration 332 ms by bot id=8931940625
2026-07-27 10:15:14,746 [INFO] aiogram.event: Update id=226637912 is handled. Duration 319 ms by bot id=8931940625
2026-07-27 10:15:17,568 [INFO] aiogram.event: Update id=226637913 is handled. Duration 444 ms by bot id=8931940625
2026-07-27 10:48:01,665 [INFO] aiogram.event: Update id=226637914 is not handled. Duration 6 ms by bot id=8931940625
2026-07-27 10:48:50,586 [INFO] aiogram.event: Update id=226637915 is handled. Duration 220 ms by bot id=8931940625
2026-07-27 10:48:54,561 [INFO] aiogram.event: Update id=226637916 is handled. Duration 325 ms by bot id=8931940625
2026-07-27 10:48:58,324 [INFO] aiogram.event: Update id=226637917 is handled. Duration 299 ms by bot id=8931940625
2026-07-27 10:49:05,713 [INFO] aiogram.event: Update id=226637918 is handled. Duration 318 ms by bot id=8931940625
2026-07-27 10:50:13,366 [INFO] aiogram.event: Update id=226637919 is handled. Duration 605 ms by bot id=8931940625
2026-07-27 10:50:15,599 [INFO] aiogram.event: Update id=226637920 is handled. Duration 276 ms by bot id=8931940625
2026-07-27 10:50:19,402 [INFO] aiogram.event: Update id=226637921 is handled. Duration 443 ms by bot id=8931940625
2026-07-27 10:52:15,518 [INFO] aiogram.event: Update id=226637922 is handled. Duration 164 ms by bot id=8931940625
2026-07-27 10:52:18,710 [INFO] aiogram.event: Update id=226637923 is handled. Duration 277 ms by bot id=8931940625
2026-07-27 10:52:23,495 [INFO] aiogram.event: Update id=226637924 is handled. Duration 285 ms by bot id=8931940625
2026-07-27 10:52:58,138 [INFO] aiogram.event: Update id=226637925 is handled. Duration 159 ms by bot id=8931940625
2026-07-27 10:53:07,111 [INFO] aiogram.event: Update id=226637926 is handled. Duration 146 ms by bot id=8931940625
2026-07-27 10:53:13,015 [INFO] aiogram.event: Update id=226637927 is handled. Duration 156 ms by bot id=8931940625
2026-07-27 10:53:16,215 [INFO] aiogram.event: Update id=226637928 is handled. Duration 280 ms by bot id=8931940625
2026-07-27 10:53:21,345 [INFO] aiogram.event: Update id=226637929 is handled. Duration 159 ms by bot id=8931940625
2026-07-27 10:55:50,380 [INFO] aiogram.event: Update id=226637930 is handled. Duration 154 ms by bot id=8931940625
2026-07-27 10:56:10,416 [INFO] aiogram.event: Update id=226637931 is handled. Duration 163 ms by bot id=8931940625
2026-07-27 10:56:12,411 [INFO] aiogram.event: Update id=226637932 is handled. Duration 308 ms by bot id=8931940625
2026-07-27 10:56:17,021 [INFO] aiogram.event: Update id=226637933 is handled. Duration 292 ms by bot id=8931940625
2026-07-27 10:56:19,517 [INFO] aiogram.event: Update id=226637934 is handled. Duration 298 ms by bot id=8931940625
2026-07-27 10:56:57,190 [INFO] aiogram.event: Update id=226637935 is handled. Duration 293 ms by bot id=8931940625
2026-07-27 10:58:38,521 [INFO] aiogram.event: Update id=226637936 is handled. Duration 309 ms by bot id=8931940625
2026-07-27 10:58:43,482 [INFO] aiogram.event: Update id=226637937 is handled. Duration 156 ms by bot id=8931940625
2026-07-27 10:58:49,495 [INFO] aiogram.event: Update id=226637938 is handled. Duration 149 ms by bot id=8931940625
2026-07-27 10:59:09,263 [INFO] aiogram.event: Update id=226637939 is handled. Duration 151 ms by bot id=8931940625
2026-07-27 10:59:11,736 [INFO] aiogram.event: Update id=226637940 is handled. Duration 282 ms by bot id=8931940625
2026-07-27 10:59:18,785 [INFO] aiogram.event: Update id=226637941 is handled. Duration 163 ms by bot id=8931940625
2026-07-27 11:01:19,123 [INFO] aiogram.event: Update id=226637942 is handled. Duration 174 ms by bot id=8931940625
2026-07-27 11:01:26,314 [INFO] aiogram.event: Update id=226637943 is handled. Duration 154 ms by bot id=8931940625
2026-07-27 11:01:29,516 [INFO] aiogram.event: Update id=226637944 is handled. Duration 315 ms by bot id=8931940625
2026-07-27 11:01:58,269 [INFO] aiogram.event: Update id=226637945 is handled. Duration 296 ms by bot id=8931940625
2026-07-27 11:02:00,449 [INFO] aiogram.event: Update id=226637946 is handled. Duration 279 ms by bot id=8931940625
2026-07-27 11:04:06,723 [INFO] aiogram.event: Update id=226637947 is handled. Duration 303 ms by bot id=8931940625
2026-07-27 11:04:08,864 [INFO] aiogram.event: Update id=226637948 is handled. Duration 350 ms by bot id=8931940625
2026-07-27 11:06:19,522 [INFO] aiogram.event: Update id=226637949 is handled. Duration 179 ms by bot id=8931940625
2026-07-27 11:06:32,686 [INFO] aiogram.event: Update id=226637950 is handled. Duration 363 ms by bot id=8931940625
2026-07-27 11:06:34,238 [INFO] aiogram.event: Update id=226637951 is handled. Duration 303 ms by bot id=8931940625
2026-07-27 11:06:36,429 [INFO] aiogram.event: Update id=226637952 is handled. Duration 320 ms by bot id=8931940625
2026-07-27 11:06:38,033 [INFO] aiogram.event: Update id=226637953 is handled. Duration 165 ms by bot id=8931940625
2026-07-27 11:06:39,238 [INFO] aiogram.event: Update id=226637954 is handled. Duration 310 ms by bot id=8931940625
2026-07-27 11:06:41,012 [INFO] aiogram.event: Update id=226637955 is handled. Duration 315 ms by bot id=8931940625
2026-07-27 11:06:42,980 [INFO] aiogram.event: Update id=226637956 is handled. Duration 173 ms by bot id=8931940625
2026-07-27 11:06:43,646 [INFO] aiogram.event: Update id=226637957 is handled. Duration 305 ms by bot id=8931940625
2026-07-27 11:06:57,649 [INFO] aiogram.event: Update id=226637958 is handled. Duration 287 ms by bot id=8931940625
2026-07-27 11:07:05,223 [INFO] aiogram.event: Update id=226637959 is handled. Duration 461 ms by bot id=8931940625
2026-07-27 11:07:57,741 [INFO] aiogram.event: Update id=226637960 is handled. Duration 292 ms by bot id=8931940625
2026-07-27 11:07:59,046 [INFO] aiogram.event: Update id=226637961 is handled. Duration 294 ms by bot id=8931940625
2026-07-27 11:08:01,331 [INFO] aiogram.event: Update id=226637962 is handled. Duration 289 ms by bot id=8931940625
2026-07-27 11:08:03,042 [INFO] aiogram.event: Update id=226637963 is handled. Duration 286 ms by bot id=8931940625
2026-07-27 11:08:05,112 [INFO] aiogram.event: Update id=226637964 is handled. Duration 297 ms by bot id=8931940625
2026-07-27 11:08:07,745 [INFO] aiogram.event: Update id=226637965 is handled. Duration 173 ms by bot id=8931940625
2026-07-27 11:08:51,136 [INFO] aiogram.event: Update id=226637966 is handled. Duration 298 ms by bot id=8931940625
2026-07-27 11:08:52,633 [INFO] aiogram.event: Update id=226637967 is handled. Duration 277 ms by bot id=8931940625
2026-07-27 11:08:55,317 [INFO] aiogram.event: Update id=226637968 is handled. Duration 299 ms by bot id=8931940625
2026-07-27 11:08:56,831 [INFO] aiogram.event: Update id=226637969 is handled. Duration 342 ms by bot id=8931940625
2026-07-27 11:08:58,484 [INFO] aiogram.event: Update id=226637970 is handled. Duration 296 ms by bot id=8931940625
2026-07-27 11:09:01,783 [INFO] aiogram.event: Update id=226637971 is handled. Duration 288 ms by bot id=8931940625
2026-07-27 11:09:04,450 [INFO] aiogram.event: Update id=226637972 is handled. Duration 309 ms by bot id=8931940625
2026-07-27 11:09:06,464 [INFO] aiogram.event: Update id=226637973 is not handled. Duration 13 ms by bot id=8931940625
2026-07-27 11:09:47,628 [INFO] aiogram.event: Update id=226637974 is handled. Duration 438 ms by bot id=8931940625
2026-07-27 11:09:58,248 [INFO] aiogram.event: Update id=226637975 is handled. Duration 317 ms by bot id=8931940625
2026-07-27 11:11:19,908 [INFO] aiogram.event: Update id=226637976 is handled. Duration 508 ms by bot id=8931940625
2026-07-27 11:12:33,326 [INFO] aiogram.event: Update id=226637977 is handled. Duration 335 ms by bot id=8931940625
2026-07-27 11:12:38,228 [INFO] aiogram.event: Update id=226637978 is handled. Duration 322 ms by bot id=8931940625
2026-07-27 11:12:40,268 [INFO] aiogram.event: Update id=226637979 is handled. Duration 322 ms by bot id=8931940625
2026-07-27 11:12:42,359 [INFO] aiogram.event: Update id=226637980 is handled. Duration 320 ms by bot id=8931940625
2026-07-27 11:13:53,467 [INFO] aiogram.event: Update id=226637981 is handled. Duration 290 ms by bot id=8931940625
2026-07-27 11:14:28,315 [INFO] aiogram.event: Update id=226637982 is handled. Duration 289 ms by bot id=8931940625
2026-07-27 11:14:31,469 [INFO] aiogram.event: Update id=226637983 is handled. Duration 154 ms by bot id=8931940625
2026-07-27 11:14:35,780 [INFO] aiogram.event: Update id=226637984 is handled. Duration 160 ms by bot id=8931940625
2026-07-27 11:14:41,178 [INFO] aiogram.event: Update id=226637985 is handled. Duration 145 ms by bot id=8931940625
2026-07-27 11:14:43,253 [INFO] aiogram.event: Update id=226637986 is handled. Duration 283 ms by bot id=8931940625
2026-07-27 11:14:59,882 [INFO] aiogram.event: Update id=226637987 is handled. Duration 154 ms by bot id=8931940625
2026-07-27 11:16:08,208 [INFO] aiogram.event: Update id=226637988 is handled. Duration 148 ms by bot id=8931940625
2026-07-27 11:16:21,037 [INFO] aiogram.event: Update id=226637989 is handled. Duration 180 ms by bot id=8931940625
2026-07-27 11:16:23,031 [INFO] aiogram.event: Update id=226637990 is handled. Duration 308 ms by bot id=8931940625
2026-07-27 11:16:25,443 [INFO] aiogram.event: Update id=226637991 is handled. Duration 320 ms by bot id=8931940625
2026-07-27 11:16:27,423 [INFO] aiogram.event: Update id=226637992 is handled. Duration 289 ms by bot id=8931940625
2026-07-27 11:16:30,700 [INFO] aiogram.event: Update id=226637993 is handled. Duration 287 ms by bot id=8931940625
2026-07-27 11:16:35,653 [INFO] aiogram.event: Update id=226637994 is handled. Duration 172 ms by bot id=8931940625
2026-07-27 11:17:01,234 [INFO] aiogram.event: Update id=226637995 is handled. Duration 145 ms by bot id=8931940625
2026-07-27 11:17:05,744 [INFO] aiogram.event: Update id=226637996 is handled. Duration 156 ms by bot id=8931940625
2026-07-27 11:17:12,239 [INFO] aiogram.event: Update id=226637997 is handled. Duration 153 ms by bot id=8931940625
2026-07-27 11:17:14,455 [INFO] aiogram.event: Update id=226637998 is handled. Duration 279 ms by bot id=8931940625
2026-07-27 11:17:18,026 [INFO] aiogram.event: Update id=226637999 is handled. Duration 156 ms by bot id=8931940625
2026-07-27 11:18:29,198 [INFO] aiogram.event: Update id=226638000 is handled. Duration 169 ms by bot id=8931940625
2026-07-27 11:18:36,046 [INFO] aiogram.event: Update id=226638001 is handled. Duration 176 ms by bot id=8931940625
2026-07-27 11:18:37,757 [INFO] aiogram.event: Update id=226638002 is handled. Duration 324 ms by bot id=8931940625
2026-07-27 11:18:39,228 [INFO] aiogram.event: Update id=226638003 is handled. Duration 308 ms by bot id=8931940625
2026-07-27 11:18:43,906 [INFO] aiogram.event: Update id=226638004 is handled. Duration 282 ms by bot id=8931940625
2026-07-27 11:18:45,400 [INFO] aiogram.event: Update id=226638005 is handled. Duration 285 ms by bot id=8931940625
2026-07-27 11:18:54,207 [INFO] aiogram.event: Update id=226638006 is handled. Duration 433 ms by bot id=8931940625
2026-07-27 11:19:16,816 [INFO] aiogram.event: Update id=226638007 is handled. Duration 159 ms by bot id=8931940625
2026-07-27 11:19:18,935 [INFO] aiogram.event: Update id=226638008 is handled. Duration 171 ms by bot id=8931940625
2026-07-27 11:19:23,289 [INFO] aiogram.event: Update id=226638009 is handled. Duration 155 ms by bot id=8931940625
2026-07-27 11:19:25,006 [INFO] aiogram.event: Update id=226638010 is handled. Duration 283 ms by bot id=8931940625
2026-07-27 11:19:34,769 [INFO] aiogram.event: Update id=226638011 is handled. Duration 158 ms by bot id=8931940625
2026-07-27 11:21:44,920 [INFO] aiogram.event: Update id=226638012 is handled. Duration 515 ms by bot id=8931940625
2026-07-27 11:21:51,294 [INFO] aiogram.event: Update id=226638013 is handled. Duration 438 ms by bot id=8931940625
2026-07-27 11:22:06,554 [INFO] aiogram.event: Update id=226638014 is handled. Duration 455 ms by bot id=8931940625
2026-07-27 11:22:11,363 [INFO] aiogram.event: Update id=226638015 is handled. Duration 309 ms by bot id=8931940625
2026-07-27 11:22:13,088 [INFO] aiogram.event: Update id=226638016 is handled. Duration 313 ms by bot id=8931940625
2026-07-27 11:22:15,961 [INFO] aiogram.event: Update id=226638017 is handled. Duration 456 ms by bot id=8931940625
2026-07-27 11:27:35,613 [INFO] aiogram.event: Update id=226638018 is handled. Duration 190 ms by bot id=8931940625
2026-07-27 11:27:37,833 [INFO] aiogram.event: Update id=226638019 is handled. Duration 327 ms by bot id=8931940625
2026-07-27 11:28:02,756 [INFO] aiogram.event: Update id=226638020 is handled. Duration 326 ms by bot id=8931940625
2026-07-27 11:28:15,078 [INFO] aiogram.event: Update id=226638021 is handled. Duration 184 ms by bot id=8931940625
2026-07-27 11:28:31,034 [INFO] aiogram.event: Update id=226638022 is handled. Duration 194 ms by bot id=8931940625
2026-07-27 11:28:35,101 [INFO] aiogram.event: Update id=226638023 is handled. Duration 296 ms by bot id=8931940625
2026-07-27 11:28:35,401 [INFO] aiogram.event: Update id=226638024 is handled. Duration 434 ms by bot id=8931940625
2026-07-27 11:28:38,080 [INFO] aiogram.event: Update id=226638025 is handled. Duration 320 ms by bot id=8931940625
2026-07-27 11:28:40,814 [INFO] aiogram.event: Update id=226638026 is handled. Duration 316 ms by bot id=8931940625
2026-07-27 11:28:44,150 [INFO] aiogram.event: Update id=226638027 is handled. Duration 302 ms by bot id=8931940625
2026-07-27 11:28:51,032 [INFO] aiogram.event: Update id=226638028 is handled. Duration 317 ms by bot id=8931940625
2026-07-27 11:28:52,318 [INFO] aiogram.event: Update id=226638029 is handled. Duration 310 ms by bot id=8931940625
2026-07-27 11:29:38,271 [INFO] aiogram.event: Update id=226638030 is handled. Duration 333 ms by bot id=8931940625
2026-07-27 11:29:40,104 [INFO] aiogram.event: Update id=226638031 is handled. Duration 307 ms by bot id=8931940625
2026-07-27 11:29:43,769 [INFO] aiogram.event: Update id=226638032 is handled. Duration 194 ms by bot id=8931940625
2026-07-27 11:29:53,751 [INFO] aiogram.event: Update id=226638033 is handled. Duration 305 ms by bot id=8931940625
2026-07-27 11:29:55,493 [INFO] aiogram.event: Update id=226638034 is handled. Duration 313 ms by bot id=8931940625
2026-07-27 11:29:56,738 [INFO] aiogram.event: Update id=226638035 is handled. Duration 299 ms by bot id=8931940625
2026-07-27 11:29:58,322 [INFO] aiogram.event: Update id=226638036 is handled. Duration 183 ms by bot id=8931940625
2026-07-27 11:30:03,314 [INFO] aiogram.event: Update id=226638037 is handled. Duration 308 ms by bot id=8931940625
2026-07-27 11:30:05,533 [INFO] aiogram.event: Update id=226638038 is handled. Duration 365 ms by bot id=8931940625
2026-07-27 11:31:16,395 [INFO] aiogram.event: Update id=226638039 is handled. Duration 195 ms by bot id=8931940625
2026-07-27 11:31:28,778 [INFO] aiogram.event: Update id=226638040 is handled. Duration 334 ms by bot id=8931940625
2026-07-27 11:31:32,180 [INFO] aiogram.event: Update id=226638041 is handled. Duration 387 ms by bot id=8931940625
2026-07-27 11:32:01,571 [INFO] aiogram.event: Update id=226638042 is handled. Duration 332 ms by bot id=8931940625
2026-07-27 11:32:04,429 [INFO] aiogram.event: Update id=226638043 is handled. Duration 305 ms by bot id=8931940625
2026-07-27 11:32:09,970 [INFO] aiogram.event: Update id=226638044 is handled. Duration 341 ms by bot id=8931940625
2026-07-27 11:32:11,153 [INFO] aiogram.event: Update id=226638045 is handled. Duration 293 ms by bot id=8931940625
2026-07-27 11:33:52,858 [INFO] aiogram.event: Update id=226638046 is handled. Duration 171 ms by bot id=8931940625
2026-07-27 11:33:55,147 [INFO] aiogram.event: Update id=226638047 is handled. Duration 312 ms by bot id=8931940625
2026-07-27 11:33:55,507 [INFO] aiogram.event: Update id=226638048 is handled. Duration 460 ms by bot id=8931940625
2026-07-27 11:33:58,396 [INFO] aiogram.event: Update id=226638049 is handled. Duration 311 ms by bot id=8931940625
2026-07-27 11:34:00,161 [INFO] aiogram.event: Update id=226638050 is handled. Duration 300 ms by bot id=8931940625
2026-07-27 11:34:03,707 [INFO] aiogram.event: Update id=226638051 is handled. Duration 301 ms by bot id=8931940625
2026-07-27 11:34:10,641 [INFO] aiogram.event: Update id=226638052 is handled. Duration 325 ms by bot id=8931940625
2026-07-27 11:34:15,716 [INFO] aiogram.event: Update id=226638053 is handled. Duration 472 ms by bot id=8931940625
2026-07-27 11:34:19,237 [INFO] aiogram.event: Update id=226638054 is handled. Duration 316 ms by bot id=8931940625
2026-07-27 11:34:21,994 [INFO] aiogram.event: Update id=226638055 is handled. Duration 340 ms by bot id=8931940625
2026-07-27 11:34:25,414 [INFO] aiogram.event: Update id=226638056 is handled. Duration 296 ms by bot id=8931940625
2026-07-27 11:34:27,395 [INFO] aiogram.event: Update id=226638057 is handled. Duration 472 ms by bot id=8931940625
2026-07-27 11:34:28,177 [INFO] aiogram.event: Update id=226638058 is handled. Duration 186 ms by bot id=8931940625
2026-07-27 11:34:31,831 [INFO] aiogram.event: Update id=226638059 is handled. Duration 346 ms by bot id=8931940625
2026-07-27 11:34:34,689 [INFO] aiogram.event: Update id=226638060 is handled. Duration 456 ms by bot id=8931940625
2026-07-27 11:34:37,585 [INFO] aiogram.event: Update id=226638061 is handled. Duration 444 ms by bot id=8931940625
2026-07-27 11:34:39,725 [INFO] aiogram.event: Update id=226638062 is handled. Duration 446 ms by bot id=8931940625
2026-07-27 11:34:41,975 [INFO] aiogram.event: Update id=226638063 is handled. Duration 340 ms by bot id=8931940625
2026-07-27 11:34:57,698 [INFO] aiogram.event: Update id=226638064 is handled. Duration 303 ms by bot id=8931940625
2026-07-27 11:34:59,948 [INFO] aiogram.event: Update id=226638065 is handled. Duration 568 ms by bot id=8931940625
2026-07-27 11:35:01,090 [INFO] aiogram.event: Update id=226638066 is handled. Duration 352 ms by bot id=8931940625
2026-07-27 11:35:04,181 [INFO] aiogram.event: Update id=226638067 is handled. Duration 301 ms by bot id=8931940625
2026-07-27 11:35:06,785 [INFO] aiogram.event: Update id=226638068 is handled. Duration 181 ms by bot id=8931940625
2026-07-27 11:35:12,193 [INFO] aiogram.event: Update id=226638069 is handled. Duration 432 ms by bot id=8931940625
2026-07-27 11:35:12,861 [INFO] aiogram.event: Update id=226638070 is handled. Duration 307 ms by bot id=8931940625
2026-07-27 11:35:14,815 [INFO] aiogram.event: Update id=226638071 is handled. Duration 311 ms by bot id=8931940625
2026-07-27 11:35:16,103 [INFO] aiogram.event: Update id=226638072 is handled. Duration 300 ms by bot id=8931940625
2026-07-27 11:35:20,886 [INFO] aiogram.event: Update id=226638073 is handled. Duration 432 ms by bot id=8931940625
2026-07-27 11:35:32,558 [INFO] aiogram.event: Update id=226638074 is handled. Duration 302 ms by bot id=8931940625
2026-07-27 11:35:33,903 [INFO] aiogram.event: Update id=226638075 is handled. Duration 310 ms by bot id=8931940625
2026-07-27 11:35:42,447 [INFO] aiogram.event: Update id=226638076 is handled. Duration 293 ms by bot id=8931940625
2026-07-27 11:35:43,786 [INFO] aiogram.event: Update id=226638077 is handled. Duration 181 ms by bot id=8931940625
2026-07-27 11:35:45,479 [INFO] aiogram.event: Update id=226638078 is handled. Duration 364 ms by bot id=8931940625
2026-07-27 11:35:47,256 [INFO] aiogram.event: Update id=226638079 is handled. Duration 310 ms by bot id=8931940625
2026-07-27 11:35:51,828 [INFO] aiogram.event: Update id=226638080 is handled. Duration 328 ms by bot id=8931940625
2026-07-27 11:36:57,665 [INFO] aiogram.event: Update id=226638081 is handled. Duration 378 ms by bot id=8931940625
2026-07-27 11:36:59,420 [INFO] aiogram.event: Update id=226638082 is handled. Duration 442 ms by bot id=8931940625
2026-07-27 11:36:59,661 [INFO] aiogram.event: Update id=226638083 is handled. Duration 172 ms by bot id=8931940625
2026-07-27 11:37:02,346 [INFO] aiogram.event: Update id=226638084 is handled. Duration 295 ms by bot id=8931940625
2026-07-27 11:37:04,966 [INFO] aiogram.event: Update id=226638085 is handled. Duration 304 ms by bot id=8931940625
2026-07-27 11:37:31,221 [INFO] aiogram.event: Update id=226638086 is handled. Duration 167 ms by bot id=8931940625
2026-07-27 11:38:51,838 [INFO] aiogram.event: Update id=226638087 is handled. Duration 332 ms by bot id=8931940625
2026-07-27 11:38:53,610 [INFO] aiogram.event: Update id=226638088 is handled. Duration 379 ms by bot id=8931940625
2026-07-27 11:39:00,027 [INFO] aiogram.event: Update id=226638089 is handled. Duration 332 ms by bot id=8931940625
2026-07-27 11:39:10,910 [INFO] aiogram.event: Update id=226638090 is handled. Duration 291 ms by bot id=8931940625
2026-07-27 11:39:19,223 [INFO] aiogram.event: Update id=226638091 is handled. Duration 183 ms by bot id=8931940625
2026-07-27 11:39:20,478 [INFO] aiogram.event: Update id=226638092 is handled. Duration 322 ms by bot id=8931940625
2026-07-27 11:39:22,002 [INFO] aiogram.event: Update id=226638093 is handled. Duration 329 ms by bot id=8931940625
2026-07-27 11:39:31,421 [INFO] aiogram.event: Update id=226638094 is handled. Duration 316 ms by bot id=8931940625
2026-07-27 11:39:32,893 [INFO] aiogram.event: Update id=226638095 is handled. Duration 309 ms by bot id=8931940625
2026-07-27 11:39:37,597 [INFO] aiogram.event: Update id=226638096 is handled. Duration 324 ms by bot id=8931940625
2026-07-27 11:39:38,744 [INFO] aiogram.event: Update id=226638097 is handled. Duration 331 ms by bot id=8931940625
2026-07-27 11:39:41,294 [INFO] aiogram.event: Update id=226638098 is handled. Duration 365 ms by bot id=8931940625
2026-07-27 11:40:51,260 [INFO] aiogram.event: Update id=226638099 is handled. Duration 490 ms by bot id=8931940625
2026-07-27 11:40:56,165 [INFO] aiogram.event: Update id=226638100 is handled. Duration 183 ms by bot id=8931940625
2026-07-27 11:40:59,026 [INFO] aiogram.event: Update id=226638101 is handled. Duration 318 ms by bot id=8931940625
2026-07-27 11:41:02,685 [INFO] aiogram.event: Update id=226638102 is handled. Duration 287 ms by bot id=8931940625
2026-07-27 11:41:10,647 [INFO] aiogram.event: Update id=226638103 is handled. Duration 299 ms by bot id=8931940625
2026-07-27 11:41:38,429 [INFO] aiogram.event: Update id=226638104 is handled. Duration 190 ms by bot id=8931940625
2026-07-27 11:41:40,814 [INFO] aiogram.event: Update id=226638105 is handled. Duration 329 ms by bot id=8931940625
2026-07-27 11:41:42,926 [INFO] aiogram.event: Update id=226638106 is handled. Duration 304 ms by bot id=8931940625
2026-07-27 11:41:48,918 [INFO] aiogram.event: Update id=226638107 is handled. Duration 294 ms by bot id=8931940625
2026-07-27 11:42:06,417 [INFO] aiogram.event: Update id=226638108 is handled. Duration 473 ms by bot id=8931940625
2026-07-27 11:42:17,842 [INFO] aiogram.event: Update id=226638109 is handled. Duration 415 ms by bot id=8931940625
2026-07-27 11:42:24,685 [INFO] aiogram.event: Update id=226638110 is handled. Duration 352 ms by bot id=8931940625
2026-07-27 11:42:26,920 [INFO] aiogram.event: Update id=226638111 is handled. Duration 440 ms by bot id=8931940625
2026-07-27 11:42:31,818 [INFO] aiogram.event: Update id=226638112 is handled. Duration 345 ms by bot id=8931940625
2026-07-27 11:42:34,560 [INFO] aiogram.event: Update id=226638113 is handled. Duration 276 ms by bot id=8931940625
2026-07-27 11:42:38,953 [INFO] aiogram.event: Update id=226638114 is handled. Duration 284 ms by bot id=8931940625
2026-07-27 11:42:47,829 [INFO] aiogram.event: Update id=226638115 is handled. Duration 294 ms by bot id=8931940625
2026-07-27 11:42:48,475 [INFO] aiogram.event: Update id=226638116 is handled. Duration 189 ms by bot id=8931940625
2026-07-27 11:42:51,176 [INFO] aiogram.event: Update id=226638117 is handled. Duration 305 ms by bot id=8931940625
2026-07-27 11:42:52,927 [INFO] aiogram.event: Update id=226638118 is handled. Duration 159 ms by bot id=8931940625
2026-07-27 11:42:57,566 [INFO] aiogram.event: Update id=226638119 is handled. Duration 304 ms by bot id=8931940625
2026-07-27 11:43:07,319 [INFO] aiogram.event: Update id=226638120 is handled. Duration 313 ms by bot id=8931940625
2026-07-27 11:43:08,955 [INFO] aiogram.event: Update id=226638121 is handled. Duration 296 ms by bot id=8931940625
2026-07-27 11:43:12,039 [INFO] aiogram.event: Update id=226638122 is handled. Duration 148 ms by bot id=8931940625
2026-07-27 11:43:14,665 [INFO] aiogram.event: Update id=226638123 is handled. Duration 169 ms by bot id=8931940625
2026-07-27 11:43:16,373 [INFO] aiogram.event: Update id=226638124 is handled. Duration 149 ms by bot id=8931940625
2026-07-27 11:43:18,211 [INFO] aiogram.event: Update id=226638125 is handled. Duration 320 ms by bot id=8931940625
2026-07-27 11:43:19,965 [INFO] aiogram.event: Update id=226638126 is handled. Duration 325 ms by bot id=8931940625
2026-07-27 11:43:22,712 [INFO] aiogram.event: Update id=226638127 is handled. Duration 294 ms by bot id=8931940625
2026-07-27 11:43:25,620 [INFO] aiogram.event: Update id=226638128 is handled. Duration 173 ms by bot id=8931940625
2026-07-27 11:43:28,850 [INFO] aiogram.event: Update id=226638129 is handled. Duration 149 ms by bot id=8931940625
2026-07-27 11:43:29,973 [INFO] aiogram.event: Update id=226638130 is handled. Duration 331 ms by bot id=8931940625
2026-07-27 11:43:31,313 [INFO] aiogram.event: Update id=226638131 is handled. Duration 357 ms by bot id=8931940625
2026-07-27 11:43:36,782 [INFO] aiogram.event: Update id=226638132 is handled. Duration 316 ms by bot id=8931940625
2026-07-27 11:43:38,140 [INFO] aiogram.event: Update id=226638133 is handled. Duration 320 ms by bot id=8931940625
2026-07-27 11:43:39,438 [INFO] aiogram.event: Update id=226638134 is handled. Duration 326 ms by bot id=8931940625
2026-07-27 11:43:41,269 [INFO] aiogram.event: Update id=226638135 is handled. Duration 304 ms by bot id=8931940625
2026-07-27 11:43:42,467 [INFO] aiogram.event: Update id=226638136 is handled. Duration 306 ms by bot id=8931940625
2026-07-27 11:43:45,082 [INFO] aiogram.event: Update id=226638137 is handled. Duration 336 ms by bot id=8931940625
2026-07-27 11:43:52,516 [INFO] aiogram.event: Update id=226638138 is not handled. Duration 11 ms by bot id=8931940625
2026-07-27 11:43:57,434 [INFO] aiogram.event: Update id=226638139 is handled. Duration 480 ms by bot id=8931940625
2026-07-27 11:44:12,710 [INFO] aiogram.event: Update id=226638140 is handled. Duration 452 ms by bot id=8931940625
2026-07-27 11:44:24,321 [INFO] aiogram.event: Update id=226638141 is handled. Duration 363 ms by bot id=8931940625
2026-07-27 11:44:56,973 [INFO] aiogram.event: Update id=226638142 is not handled. Duration 18 ms by bot id=8931940625
2026-07-27 11:45:21,551 [INFO] aiogram.event: Update id=226638143 is not handled. Duration 12 ms by bot id=8931940625
2026-07-27 11:46:31,865 [INFO] aiogram.event: Update id=226638144 is handled. Duration 335 ms by bot id=8931940625
2026-07-27 11:46:34,389 [INFO] aiogram.event: Update id=226638145 is handled. Duration 321 ms by bot id=8931940625
2026-07-27 11:46:37,404 [INFO] aiogram.event: Update id=226638146 is handled. Duration 312 ms by bot id=8931940625
2026-07-27 11:46:40,011 [INFO] aiogram.event: Update id=226638147 is handled. Duration 181 ms by bot id=8931940625
2026-07-27 11:49:32,272 [INFO] aiogram.event: Update id=226638148 is handled. Duration 392 ms by bot id=8931940625
2026-07-27 11:49:35,630 [INFO] aiogram.event: Update id=226638149 is handled. Duration 441 ms by bot id=8931940625
2026-07-27 11:52:43,048 [INFO] aiogram.event: Update id=226638150 is handled. Duration 201 ms by bot id=8931940625
2026-07-27 11:52:45,344 [INFO] aiogram.event: Update id=226638151 is handled. Duration 356 ms by bot id=8931940625
2026-07-27 11:52:48,130 [INFO] aiogram.event: Update id=226638152 is handled. Duration 295 ms by bot id=8931940625
2026-07-27 11:52:55,612 [INFO] aiogram.event: Update id=226638153 is handled. Duration 182 ms by bot id=8931940625
2026-07-27 11:53:21,110 [INFO] aiogram.event: Update id=226638154 is handled. Duration 313 ms by bot id=8931940625
2026-07-27 11:53:24,922 [INFO] aiogram.event: Update id=226638155 is handled. Duration 329 ms by bot id=8931940625
2026-07-27 11:53:28,454 [INFO] aiogram.event: Update id=226638156 is handled. Duration 306 ms by bot id=8931940625
2026-07-27 11:53:31,464 [INFO] aiogram.event: Update id=226638157 is handled. Duration 320 ms by bot id=8931940625
2026-07-27 11:53:33,015 [INFO] aiogram.event: Update id=226638158 is handled. Duration 313 ms by bot id=8931940625
2026-07-27 11:53:35,394 [INFO] aiogram.event: Update id=226638159 is handled. Duration 429 ms by bot id=8931940625
2026-07-27 11:53:36,535 [INFO] aiogram.event: Update id=226638160 is handled. Duration 302 ms by bot id=8931940625
2026-07-27 11:53:38,895 [INFO] aiogram.event: Update id=226638161 is handled. Duration 306 ms by bot id=8931940625
2026-07-27 11:53:47,594 [INFO] aiogram.event: Update id=226638162 is handled. Duration 475 ms by bot id=8931940625
2026-07-27 11:53:50,700 [INFO] aiogram.event: Update id=226638163 is handled. Duration 450 ms by bot id=8931940625
2026-07-27 11:56:53,276 [INFO] aiogram.event: Update id=226638164 is handled. Duration 286 ms by bot id=8931940625
2026-07-27 11:56:56,596 [INFO] aiogram.event: Update id=226638165 is handled. Duration 155 ms by bot id=8931940625
2026-07-27 11:57:09,623 [INFO] aiogram.event: Update id=226638166 is handled. Duration 155 ms by bot id=8931940625
2026-07-27 11:57:20,877 [INFO] aiogram.event: Update id=226638167 is handled. Duration 165 ms by bot id=8931940625
2026-07-27 11:57:22,506 [INFO] aiogram.event: Update id=226638168 is handled. Duration 294 ms by bot id=8931940625
2026-07-27 11:57:25,718 [INFO] aiogram.event: Update id=226638169 is handled. Duration 288 ms by bot id=8931940625
2026-07-27 11:57:27,361 [INFO] aiogram.event: Update id=226638170 is handled. Duration 281 ms by bot id=8931940625
2026-07-27 11:58:39,657 [INFO] aiogram.event: Update id=226638171 is handled. Duration 277 ms by bot id=8931940625
2026-07-27 11:58:51,627 [INFO] aiogram.event: Update id=226638172 is handled. Duration 171 ms by bot id=8931940625
2026-07-27 11:59:02,059 [INFO] aiogram.event: Update id=226638173 is handled. Duration 167 ms by bot id=8931940625
2026-07-27 11:59:04,221 [INFO] aiogram.event: Update id=226638174 is handled. Duration 151 ms by bot id=8931940625
2026-07-27 11:59:10,746 [INFO] aiogram.event: Update id=226638175 is handled. Duration 150 ms by bot id=8931940625
2026-07-27 11:59:39,350 [INFO] aiogram.event: Update id=226638176 is handled. Duration 281 ms by bot id=8931940625
2026-07-27 11:59:43,337 [INFO] aiogram.event: Update id=226638177 is handled. Duration 154 ms by bot id=8931940625
2026-07-27 12:00:06,534 [INFO] aiogram.event: Update id=226638178 is handled. Duration 151 ms by bot id=8931940625
2026-07-27 12:00:15,390 [INFO] aiogram.event: Update id=226638179 is handled. Duration 179 ms by bot id=8931940625
2026-07-27 12:00:17,869 [INFO] aiogram.event: Update id=226638180 is handled. Duration 309 ms by bot id=8931940625
2026-07-27 12:00:21,979 [INFO] aiogram.event: Update id=226638181 is handled. Duration 297 ms by bot id=8931940625
2026-07-27 12:02:56,276 [INFO] aiogram.event: Update id=226638182 is handled. Duration 373 ms by bot id=8931940625
2026-07-27 12:04:20,241 [INFO] aiogram.event: Update id=226638183 is handled. Duration 289 ms by bot id=8931940625
2026-07-27 12:04:24,555 [INFO] aiogram.event: Update id=226638184 is handled. Duration 152 ms by bot id=8931940625
2026-07-27 12:04:29,279 [INFO] aiogram.event: Update id=226638185 is handled. Duration 157 ms by bot id=8931940625
2026-07-27 12:04:37,058 [INFO] aiogram.event: Update id=226638186 is handled. Duration 146 ms by bot id=8931940625
2026-07-27 12:04:38,935 [INFO] aiogram.event: Update id=226638187 is handled. Duration 283 ms by bot id=8931940625
2026-07-27 12:08:33,122 [INFO] aiogram.event: Update id=226638188 is handled. Duration 175 ms by bot id=8931940625
2026-07-27 12:08:36,987 [INFO] aiogram.event: Update id=226638189 is handled. Duration 149 ms by bot id=8931940625
2026-07-27 12:08:42,703 [INFO] aiogram.event: Update id=226638190 is handled. Duration 166 ms by bot id=8931940625
2026-07-27 12:08:44,631 [INFO] aiogram.event: Update id=226638191 is handled. Duration 315 ms by bot id=8931940625
2026-07-27 12:10:25,643 [INFO] aiogram.event: Update id=226638192 is handled. Duration 329 ms by bot id=8931940625
2026-07-27 12:10:29,409 [INFO] aiogram.event: Update id=226638193 is handled. Duration 316 ms by bot id=8931940625
2026-07-27 12:10:32,074 [INFO] aiogram.event: Update id=226638194 is handled. Duration 189 ms by bot id=8931940625
2026-07-27 12:10:55,110 [INFO] aiogram.event: Update id=226638195 is handled. Duration 306 ms by bot id=8931940625
2026-07-27 12:12:09,469 [INFO] aiogram.event: Update id=226638196 is handled. Duration 179 ms by bot id=8931940625
2026-07-27 12:12:11,408 [INFO] aiogram.event: Update id=226638197 is handled. Duration 308 ms by bot id=8931940625
2026-07-27 12:12:13,542 [INFO] aiogram.event: Update id=226638198 is handled. Duration 302 ms by bot id=8931940625
2026-07-27 12:12:14,641 [INFO] aiogram.event: Update id=226638199 is handled. Duration 307 ms by bot id=8931940625
2026-07-27 12:12:19,422 [INFO] aiogram.event: Update id=226638200 is handled. Duration 448 ms by bot id=8931940625
2026-07-27 12:13:07,490 [INFO] aiogram.event: Update id=226638201 is handled. Duration 163 ms by bot id=8931940625
2026-07-27 12:13:07,809 [INFO] aiogram.event: Update id=226638202 is handled. Duration 207 ms by bot id=8931940625
2026-07-27 12:13:09,062 [INFO] aiogram.event: Update id=226638203 is handled. Duration 311 ms by bot id=8931940625
2026-07-27 12:13:10,330 [INFO] aiogram.event: Update id=226638204 is handled. Duration 326 ms by bot id=8931940625
2026-07-27 12:13:11,885 [INFO] aiogram.event: Update id=226638205 is handled. Duration 302 ms by bot id=8931940625
2026-07-27 12:13:14,211 [INFO] aiogram.event: Update id=226638206 is handled. Duration 315 ms by bot id=8931940625
2026-07-27 12:13:15,779 [INFO] aiogram.event: Update id=226638207 is handled. Duration 469 ms by bot id=8931940625
2026-07-27 12:13:25,737 [INFO] aiogram.event: Update id=226638208 is handled. Duration 457 ms by bot id=8931940625
2026-07-27 12:13:29,257 [INFO] aiogram.event: Update id=226638209 is handled. Duration 171 ms by bot id=8931940625
2026-07-27 12:13:44,865 [INFO] aiogram.event: Update id=226638210 is handled. Duration 185 ms by bot id=8931940625
2026-07-27 12:13:47,604 [INFO] aiogram.event: Update id=226638211 is handled. Duration 316 ms by bot id=8931940625
2026-07-27 12:13:49,945 [INFO] aiogram.event: Update id=226638212 is handled. Duration 432 ms by bot id=8931940625
2026-07-27 12:14:02,095 [INFO] aiogram.event: Update id=226638213 is handled. Duration 450 ms by bot id=8931940625
2026-07-27 12:14:05,213 [INFO] aiogram.event: Update id=226638214 is handled. Duration 316 ms by bot id=8931940625
2026-07-27 12:14:06,625 [INFO] aiogram.event: Update id=226638215 is handled. Duration 330 ms by bot id=8931940625
2026-07-27 12:14:10,323 [INFO] aiogram.event: Update id=226638216 is handled. Duration 306 ms by bot id=8931940625
2026-07-27 12:14:32,104 [INFO] aiogram.event: Update id=226638217 is handled. Duration 189 ms by bot id=8931940625
2026-07-27 12:14:35,549 [INFO] aiogram.event: Update id=226638218 is handled. Duration 314 ms by bot id=8931940625
2026-07-27 12:14:41,063 [INFO] aiogram.event: Update id=226638219 is handled. Duration 434 ms by bot id=8931940625
2026-07-27 12:14:41,629 [INFO] aiogram.event: Update id=226638220 is not handled. Duration 14 ms by bot id=8931940625
2026-07-27 12:14:46,869 [INFO] aiogram.event: Update id=226638221 is handled. Duration 439 ms by bot id=8931940625
2026-07-27 12:14:57,199 [INFO] aiogram.event: Update id=226638222 is handled. Duration 458 ms by bot id=8931940625
2026-07-27 12:15:02,168 [INFO] aiogram.event: Update id=226638223 is handled. Duration 295 ms by bot id=8931940625
2026-07-27 12:15:05,993 [INFO] aiogram.event: Update id=226638224 is handled. Duration 356 ms by bot id=8931940625
2026-07-27 12:15:08,268 [INFO] aiogram.event: Update id=226638225 is handled. Duration 307 ms by bot id=8931940625
2026-07-27 12:15:14,617 [INFO] aiogram.event: Update id=226638226 is handled. Duration 185 ms by bot id=8931940625
2026-07-27 12:15:25,139 [INFO] aiogram.event: Update id=226638227 is handled. Duration 332 ms by bot id=8931940625
2026-07-27 12:15:40,122 [INFO] aiogram.event: Update id=226638228 is handled. Duration 420 ms by bot id=8931940625
2026-07-27 12:15:59,683 [INFO] aiogram.event: Update id=226638229 is handled. Duration 185 ms by bot id=8931940625
2026-07-27 12:16:01,324 [INFO] aiogram.event: Update id=226638230 is handled. Duration 313 ms by bot id=8931940625
2026-07-27 12:16:02,883 [INFO] aiogram.event: Update id=226638231 is handled. Duration 285 ms by bot id=8931940625
2026-07-27 12:16:07,672 [INFO] aiogram.event: Update id=226638232 is handled. Duration 171 ms by bot id=8931940625
2026-07-27 12:16:12,921 [INFO] aiogram.event: Update id=226638233 is handled. Duration 330 ms by bot id=8931940625
2026-07-27 12:16:16,807 [INFO] aiogram.event: Update id=226638234 is handled. Duration 417 ms by bot id=8931940625
2026-07-27 12:17:05,645 [INFO] aiogram.event: Update id=226638235 is handled. Duration 504 ms by bot id=8931940625
2026-07-27 12:18:56,738 [INFO] aiogram.event: Update id=226638236 is handled. Duration 321 ms by bot id=8931940625
2026-07-27 12:19:00,039 [INFO] aiogram.event: Update id=226638237 is handled. Duration 182 ms by bot id=8931940625
2026-07-27 12:19:01,746 [INFO] aiogram.event: Update id=226638238 is handled. Duration 331 ms by bot id=8931940625
2026-07-27 12:19:09,670 [INFO] aiogram.event: Update id=226638239 is handled. Duration 305 ms by bot id=8931940625
2026-07-27 12:19:13,742 [INFO] aiogram.event: Update id=226638240 is handled. Duration 159 ms by bot id=8931940625
2026-07-27 12:19:21,508 [INFO] aiogram.event: Update id=226638241 is handled. Duration 297 ms by bot id=8931940625
2026-07-27 12:19:23,287 [INFO] aiogram.event: Update id=226638242 is handled. Duration 322 ms by bot id=8931940625
2026-07-27 12:19:24,779 [INFO] aiogram.event: Update id=226638243 is handled. Duration 306 ms by bot id=8931940625
2026-07-27 12:19:30,109 [INFO] aiogram.event: Update id=226638244 is handled. Duration 195 ms by bot id=8931940625
2026-07-27 12:20:02,705 [INFO] aiogram.event: Update id=226638245 is handled. Duration 345 ms by bot id=8931940625
2026-07-27 12:20:05,805 [INFO] aiogram.event: Update id=226638246 is handled. Duration 175 ms by bot id=8931940625
2026-07-27 12:20:12,439 [INFO] aiogram.event: Update id=226638247 is handled. Duration 308 ms by bot id=8931940625
2026-07-27 12:20:14,337 [INFO] aiogram.event: Update id=226638248 is handled. Duration 320 ms by bot id=8931940625
2026-07-27 12:20:16,403 [INFO] aiogram.event: Update id=226638249 is handled. Duration 312 ms by bot id=8931940625
2026-07-27 12:20:17,844 [INFO] aiogram.event: Update id=226638250 is handled. Duration 315 ms by bot id=8931940625
2026-07-27 12:20:19,155 [INFO] aiogram.event: Update id=226638251 is handled. Duration 323 ms by bot id=8931940625
2026-07-27 12:20:21,200 [INFO] aiogram.event: Update id=226638252 is handled. Duration 148 ms by bot id=8931940625
2026-07-27 12:20:39,401 [INFO] aiogram.event: Update id=226638253 is handled. Duration 308 ms by bot id=8931940625
2026-07-27 12:20:41,414 [INFO] aiogram.event: Update id=226638254 is handled. Duration 320 ms by bot id=8931940625
2026-07-27 12:20:42,753 [INFO] aiogram.event: Update id=226638255 is handled. Duration 299 ms by bot id=8931940625
2026-07-27 12:20:43,682 [INFO] aiogram.event: Update id=226638256 is handled. Duration 322 ms by bot id=8931940625
2026-07-27 12:20:44,659 [INFO] aiogram.event: Update id=226638257 is handled. Duration 301 ms by bot id=8931940625
2026-07-27 12:20:55,272 [INFO] aiogram.event: Update id=226638258 is handled. Duration 180 ms by bot id=8931940625
2026-07-27 12:20:58,835 [INFO] aiogram.event: Update id=226638259 is handled. Duration 317 ms by bot id=8931940625
2026-07-27 12:21:00,204 [INFO] aiogram.event: Update id=226638260 is handled. Duration 161 ms by bot id=8931940625
2026-07-27 12:21:16,444 [INFO] aiogram.event: Update id=226638261 is handled. Duration 297 ms by bot id=8931940625
2026-07-27 12:21:18,682 [INFO] aiogram.event: Update id=226638262 is handled. Duration 321 ms by bot id=8931940625
2026-07-27 12:21:20,054 [INFO] aiogram.event: Update id=226638263 is handled. Duration 308 ms by bot id=8931940625
2026-07-27 12:21:54,972 [INFO] aiogram.event: Update id=226638264 is handled. Duration 503 ms by bot id=8931940625
2026-07-27 12:22:42,564 [INFO] aiogram.event: Update id=226638265 is handled. Duration 183 ms by bot id=8931940625
2026-07-27 12:22:45,122 [INFO] aiogram.event: Update id=226638266 is handled. Duration 312 ms by bot id=8931940625
2026-07-27 12:22:46,395 [INFO] aiogram.event: Update id=226638267 is handled. Duration 333 ms by bot id=8931940625
2026-07-27 12:22:47,401 [INFO] aiogram.event: Update id=226638268 is handled. Duration 289 ms by bot id=8931940625
2026-07-27 12:22:49,131 [INFO] aiogram.event: Update id=226638269 is handled. Duration 441 ms by bot id=8931940625
2026-07-27 12:22:57,006 [INFO] aiogram.event: Update id=226638270 is handled. Duration 465 ms by bot id=8931940625
2026-07-27 12:22:59,317 [INFO] aiogram.event: Update id=226638271 is handled. Duration 441 ms by bot id=8931940625
2026-07-27 12:23:00,880 [INFO] aiogram.event: Update id=226638272 is handled. Duration 440 ms by bot id=8931940625
2026-07-27 12:23:02,553 [INFO] aiogram.event: Update id=226638273 is handled. Duration 427 ms by bot id=8931940625
2026-07-27 12:23:04,828 [INFO] aiogram.event: Update id=226638274 is handled. Duration 455 ms by bot id=8931940625
2026-07-27 12:23:06,161 [INFO] aiogram.event: Update id=226638275 is handled. Duration 448 ms by bot id=8931940625
2026-07-27 12:23:22,375 [INFO] aiogram.event: Update id=226638276 is handled. Duration 468 ms by bot id=8931940625
2026-07-27 12:23:22,672 [INFO] aiogram.event: Update id=226638277 is handled. Duration 170 ms by bot id=8931940625
2026-07-27 12:23:26,424 [INFO] aiogram.event: Update id=226638278 is handled. Duration 333 ms by bot id=8931940625
2026-07-27 12:23:28,071 [INFO] aiogram.event: Update id=226638279 is handled. Duration 431 ms by bot id=8931940625
2026-07-27 12:24:40,734 [INFO] aiogram.event: Update id=226638280 is handled. Duration 194 ms by bot id=8931940625
2026-07-27 12:24:43,913 [INFO] aiogram.event: Update id=226638281 is handled. Duration 437 ms by bot id=8931940625
2026-07-27 12:24:47,988 [INFO] aiogram.event: Update id=226638282 is handled. Duration 426 ms by bot id=8931940625
2026-07-27 12:24:53,130 [INFO] aiogram.event: Update id=226638283 is handled. Duration 477 ms by bot id=8931940625
2026-07-27 12:24:55,371 [INFO] aiogram.event: Update id=226638284 is handled. Duration 459 ms by bot id=8931940625
2026-07-27 12:25:02,658 [INFO] aiogram.event: Update id=226638285 is handled. Duration 459 ms by bot id=8931940625
2026-07-27 12:25:04,550 [INFO] aiogram.event: Update id=226638286 is handled. Duration 415 ms by bot id=8931940625
2026-07-27 12:25:29,608 [INFO] aiogram.event: Update id=226638287 is handled. Duration 608 ms by bot id=8931940625
2026-07-27 12:34:52,120 [INFO] aiogram.event: Update id=226638288 is handled. Duration 502 ms by bot id=8931940625
2026-07-27 12:34:56,562 [INFO] aiogram.event: Update id=226638289 is handled. Duration 348 ms by bot id=8931940625
2026-07-27 12:34:59,395 [INFO] aiogram.event: Update id=226638290 is handled. Duration 427 ms by bot id=8931940625
2026-07-27 12:35:35,155 [INFO] aiogram.event: Update id=226638291 is handled. Duration 449 ms by bot id=8931940625
2026-07-27 12:35:37,710 [INFO] aiogram.event: Update id=226638292 is handled. Duration 446 ms by bot id=8931940625
2026-07-27 12:35:45,139 [INFO] aiogram.event: Update id=226638293 is handled. Duration 458 ms by bot id=8931940625
2026-07-27 12:35:47,224 [INFO] aiogram.event: Update id=226638294 is handled. Duration 423 ms by bot id=8931940625
2026-07-27 12:35:50,052 [INFO] aiogram.event: Update id=226638295 is handled. Duration 438 ms by bot id=8931940625
2026-07-27 12:35:52,814 [INFO] aiogram.event: Update id=226638296 is handled. Duration 416 ms by bot id=8931940625
2026-07-27 12:36:01,905 [INFO] aiogram.event: Update id=226638297 is handled. Duration 426 ms by bot id=8931940625
2026-07-27 12:37:22,001 [INFO] aiogram.event: Update id=226638298 is handled. Duration 202 ms by bot id=8931940625
2026-07-27 12:37:26,122 [INFO] aiogram.event: Update id=226638299 is handled. Duration 380 ms by bot id=8931940625
2026-07-27 12:37:30,006 [INFO] aiogram.event: Update id=226638300 is handled. Duration 455 ms by bot id=8931940625
2026-07-27 12:42:29,553 [INFO] aiogram.event: Update id=226638301 is handled. Duration 197 ms by bot id=8931940625
2026-07-27 12:42:33,793 [INFO] aiogram.event: Update id=226638302 is handled. Duration 323 ms by bot id=8931940625
2026-07-27 12:42:35,810 [INFO] aiogram.event: Update id=226638303 is handled. Duration 310 ms by bot id=8931940625
2026-07-27 12:42:40,085 [INFO] aiogram.event: Update id=226638304 is handled. Duration 188 ms by bot id=8931940625
2026-07-27 12:42:48,890 [INFO] aiogram.event: Update id=226638305 is handled. Duration 310 ms by bot id=8931940625
2026-07-27 12:42:52,923 [INFO] aiogram.event: Update id=226638306 is handled. Duration 336 ms by bot id=8931940625
2026-07-27 12:43:06,230 [INFO] aiogram.event: Update id=226638307 is handled. Duration 295 ms by bot id=8931940625
2026-07-27 12:43:07,875 [INFO] aiogram.event: Update id=226638308 is handled. Duration 327 ms by bot id=8931940625
2026-07-27 12:43:11,623 [INFO] aiogram.event: Update id=226638309 is handled. Duration 322 ms by bot id=8931940625
2026-07-27 12:43:12,950 [INFO] aiogram.event: Update id=226638310 is handled. Duration 154 ms by bot id=8931940625
2026-07-27 12:43:19,819 [INFO] aiogram.event: Update id=226638311 is handled. Duration 307 ms by bot id=8931940625
2026-07-27 12:43:21,551 [INFO] aiogram.event: Update id=226638312 is handled. Duration 316 ms by bot id=8931940625
2026-07-27 12:43:25,708 [INFO] aiogram.event: Update id=226638313 is handled. Duration 314 ms by bot id=8931940625
2026-07-27 12:43:34,931 [INFO] aiogram.event: Update id=226638314 is handled. Duration 320 ms by bot id=8931940625
2026-07-27 12:43:45,724 [INFO] aiogram.event: Update id=226638315 is handled. Duration 329 ms by bot id=8931940625
2026-07-27 12:43:51,320 [INFO] aiogram.event: Update id=226638316 is handled. Duration 160 ms by bot id=8931940625
2026-07-27 12:43:54,654 [INFO] aiogram.event: Update id=226638317 is not handled. Duration 25 ms by bot id=8931940625
2026-07-27 12:44:02,471 [INFO] aiogram.event: Update id=226638318 is handled. Duration 306 ms by bot id=8931940625
2026-07-27 12:44:11,797 [INFO] aiogram.event: Update id=226638319 is handled. Duration 350 ms by bot id=8931940625
2026-07-27 12:56:17,501 [INFO] aiogram.event: Update id=226638320 is handled. Duration 382 ms by bot id=8931940625
2026-07-27 12:56:19,501 [INFO] aiogram.event: Update id=226638321 is handled. Duration 300 ms by bot id=8931940625
2026-07-27 12:57:19,034 [INFO] aiogram.event: Update id=226638322 is handled. Duration 173 ms by bot id=8931940625
2026-07-27 12:57:21,669 [INFO] aiogram.event: Update id=226638323 is handled. Duration 347 ms by bot id=8931940625
2026-07-27 12:57:24,080 [INFO] aiogram.event: Update id=226638324 is handled. Duration 306 ms by bot id=8931940625
2026-07-27 12:57:27,284 [INFO] aiogram.event: Update id=226638325 is handled. Duration 307 ms by bot id=8931940625
2026-07-27 12:57:28,473 [INFO] aiogram.event: Update id=226638326 is handled. Duration 282 ms by bot id=8931940625
2026-07-27 12:57:29,879 [INFO] aiogram.event: Update id=226638327 is handled. Duration 317 ms by bot id=8931940625
2026-07-27 12:57:30,992 [INFO] aiogram.event: Update id=226638328 is handled. Duration 293 ms by bot id=8931940625
2026-07-27 12:57:33,434 [INFO] aiogram.event: Update id=226638329 is handled. Duration 284 ms by bot id=8931940625
2026-07-27 12:57:34,650 [INFO] aiogram.event: Update id=226638330 is handled. Duration 354 ms by bot id=8931940625
2026-07-27 12:57:36,091 [INFO] aiogram.event: Update id=226638331 is handled. Duration 327 ms by bot id=8931940625
2026-07-27 12:57:38,770 [INFO] aiogram.event: Update id=226638332 is handled. Duration 441 ms by bot id=8931940625
2026-07-27 12:57:44,331 [INFO] aiogram.event: Update id=226638333 is handled. Duration 473 ms by bot id=8931940625
2026-07-27 12:57:45,271 [INFO] aiogram.event: Update id=226638334 is handled. Duration 310 ms by bot id=8931940625
2026-07-27 12:57:46,810 [INFO] aiogram.event: Update id=226638335 is handled. Duration 302 ms by bot id=8931940625
2026-07-27 12:57:48,115 [INFO] aiogram.event: Update id=226638336 is handled. Duration 310 ms by bot id=8931940625
2026-07-27 12:57:52,117 [INFO] aiogram.event: Update id=226638337 is handled. Duration 308 ms by bot id=8931940625
2026-07-27 12:57:53,551 [INFO] aiogram.event: Update id=226638338 is handled. Duration 312 ms by bot id=8931940625
2026-07-27 13:15:18,916 [INFO] aiogram.event: Update id=226638339 is handled. Duration 312 ms by bot id=8931940625
2026-07-27 13:15:20,604 [INFO] aiogram.event: Update id=226638340 is handled. Duration 300 ms by bot id=8931940625
2026-07-27 13:15:35,481 [INFO] aiogram.event: Update id=226638341 is handled. Duration 384 ms by bot id=8931940625
2026-07-27 13:15:37,338 [INFO] aiogram.event: Update id=226638342 is handled. Duration 291 ms by bot id=8931940625
2026-07-27 13:15:41,225 [INFO] aiogram.event: Update id=226638343 is handled. Duration 299 ms by bot id=8931940625
2026-07-27 13:15:45,571 [INFO] aiogram.event: Update id=226638344 is handled. Duration 296 ms by bot id=8931940625
2026-07-27 13:15:52,392 [INFO] aiogram.event: Update id=226638345 is handled. Duration 289 ms by bot id=8931940625
2026-07-27 13:15:55,273 [INFO] aiogram.event: Update id=226638346 is handled. Duration 320 ms by bot id=8931940625
2026-07-27 13:16:18,119 [INFO] aiogram.event: Update id=226638347 is handled. Duration 483 ms by bot id=8931940625
2026-07-27 13:16:24,546 [INFO] aiogram.event: Update id=226638348 is handled. Duration 321 ms by bot id=8931940625
2026-07-27 13:16:29,607 [INFO] aiogram.event: Update id=226638349 is handled. Duration 379 ms by bot id=8931940625
2026-07-27 13:16:31,639 [INFO] aiogram.event: Update id=226638350 is handled. Duration 324 ms by bot id=8931940625
2026-07-27 13:16:33,297 [INFO] aiogram.event: Update id=226638351 is handled. Duration 283 ms by bot id=8931940625
2026-07-27 13:16:34,867 [INFO] aiogram.event: Update id=226638352 is handled. Duration 288 ms by bot id=8931940625
2026-07-27 13:18:47,786 [INFO] aiogram.event: Update id=226638353 is handled. Duration 194 ms by bot id=8931940625
2026-07-27 13:18:49,586 [INFO] aiogram.event: Update id=226638354 is handled. Duration 336 ms by bot id=8931940625
2026-07-27 13:18:51,585 [INFO] aiogram.event: Update id=226638355 is handled. Duration 327 ms by bot id=8931940625
2026-07-27 13:22:27,362 [INFO] aiogram.event: Update id=226638356 is handled. Duration 303 ms by bot id=8931940625
2026-07-27 13:22:29,694 [INFO] aiogram.event: Update id=226638357 is handled. Duration 310 ms by bot id=8931940625
2026-07-27 13:22:32,298 [INFO] aiogram.event: Update id=226638358 is handled. Duration 310 ms by bot id=8931940625
2026-07-27 13:22:34,568 [INFO] aiogram.event: Update id=226638359 is handled. Duration 296 ms by bot id=8931940625
2026-07-27 13:33:20,766 [INFO] aiogram.event: Update id=226638360 is handled. Duration 308 ms by bot id=8931940625
2026-07-27 13:33:22,683 [INFO] aiogram.event: Update id=226638361 is handled. Duration 293 ms by bot id=8931940625
2026-07-27 13:43:00,273 [INFO] aiogram.event: Update id=226638362 is handled. Duration 499 ms by bot id=8931940625
2026-07-27 13:43:11,134 [INFO] aiogram.event: Update id=226638363 is handled. Duration 317 ms by bot id=8931940625
2026-07-27 13:43:15,936 [INFO] aiogram.event: Update id=226638364 is handled. Duration 314 ms by bot id=8931940625
2026-07-27 13:43:30,864 [INFO] aiogram.event: Update id=226638365 is handled. Duration 293 ms by bot id=8931940625
2026-07-27 13:44:38,512 [INFO] aiogram.event: Update id=226638366 is handled. Duration 497 ms by bot id=8931940625
2026-07-27 13:52:12,376 [INFO] aiogram.event: Update id=226638367 is handled. Duration 173 ms by bot id=8931940625
2026-07-27 13:52:25,616 [INFO] aiogram.event: Update id=226638368 is handled. Duration 321 ms by bot id=8931940625
2026-07-27 13:52:30,010 [INFO] aiogram.event: Update id=226638369 is handled. Duration 301 ms by bot id=8931940625
2026-07-27 13:52:31,512 [INFO] aiogram.event: Update id=226638370 is handled. Duration 309 ms by bot id=8931940625
2026-07-27 13:52:33,621 [INFO] aiogram.event: Update id=226638371 is handled. Duration 313 ms by bot id=8931940625
2026-07-27 13:52:35,010 [INFO] aiogram.event: Update id=226638372 is handled. Duration 310 ms by bot id=8931940625
2026-07-27 13:52:38,789 [INFO] aiogram.event: Update id=226638373 is handled. Duration 414 ms by bot id=8931940625
2026-07-27 13:53:07,284 [INFO] aiogram.event: Update id=226638374 is handled. Duration 443 ms by bot id=8931940625
2026-07-27 13:53:13,831 [INFO] aiogram.event: Update id=226638375 is handled. Duration 428 ms by bot id=8931940625
2026-07-27 13:53:17,337 [INFO] aiogram.event: Update id=226638376 is handled. Duration 478 ms by bot id=8931940625
2026-07-27 13:53:19,870 [INFO] aiogram.event: Update id=226638377 is handled. Duration 455 ms by bot id=8931940625
2026-07-27 13:53:29,245 [INFO] aiogram.event: Update id=226638378 is handled. Duration 465 ms by bot id=8931940625
2026-07-27 13:53:30,790 [INFO] aiogram.event: Update id=226638379 is handled. Duration 320 ms by bot id=8931940625
2026-07-27 13:53:33,619 [INFO] aiogram.event: Update id=226638380 is handled. Duration 321 ms by bot id=8931940625
2026-07-27 14:00:49,258 [INFO] aiogram.event: Update id=226638381 is not handled. Duration 15 ms by bot id=8931940625
2026-07-27 14:13:13,132 [INFO] aiogram.event: Update id=226638382 is handled. Duration 340 ms by bot id=8931940625
2026-07-27 14:13:14,967 [INFO] aiogram.event: Update id=226638383 is handled. Duration 311 ms by bot id=8931940625
2026-07-27 14:22:59,770 [INFO] aiogram.event: Update id=226638384 is handled. Duration 202 ms by bot id=8931940625
2026-07-27 14:23:03,968 [INFO] aiogram.event: Update id=226638385 is handled. Duration 315 ms by bot id=8931940625
2026-07-27 14:23:07,185 [INFO] aiogram.event: Update id=226638386 is handled. Duration 324 ms by bot id=8931940625
2026-07-27 14:23:15,658 [INFO] aiogram.event: Update id=226638387 is handled. Duration 284 ms by bot id=8931940625
2026-07-27 14:25:10,307 [INFO] aiogram.event: Update id=226638388 is handled. Duration 197 ms by bot id=8931940625
2026-07-27 14:25:11,827 [INFO] aiogram.event: Update id=226638389 is handled. Duration 335 ms by bot id=8931940625
2026-07-27 14:25:14,753 [INFO] aiogram.event: Update id=226638390 is handled. Duration 302 ms by bot id=8931940625
2026-07-27 14:25:22,229 [INFO] aiogram.event: Update id=226638391 is handled. Duration 321 ms by bot id=8931940625
2026-07-27 14:25:23,280 [INFO] aiogram.event: Update id=226638392 is handled. Duration 307 ms by bot id=8931940625
2026-07-27 14:25:24,495 [INFO] aiogram.event: Update id=226638393 is handled. Duration 326 ms by bot id=8931940625
2026-07-27 14:25:25,743 [INFO] aiogram.event: Update id=226638394 is handled. Duration 340 ms by bot id=8931940625
2026-07-27 14:25:29,844 [INFO] aiogram.event: Update id=226638395 is handled. Duration 174 ms by bot id=8931940625
2026-07-27 14:25:32,437 [INFO] aiogram.event: Update id=226638396 is handled. Duration 341 ms by bot id=8931940625
2026-07-27 14:25:32,840 [INFO] aiogram.event: Update id=226638397 is handled. Duration 682 ms by bot id=8931940625
2026-07-27 14:25:33,738 [INFO] aiogram.event: Update id=226638398 is handled. Duration 325 ms by bot id=8931940625
2026-07-27 14:25:34,993 [INFO] aiogram.event: Update id=226638399 is handled. Duration 359 ms by bot id=8931940625
2026-07-27 14:25:36,352 [INFO] aiogram.event: Update id=226638400 is handled. Duration 430 ms by bot id=8931940625
2026-07-27 14:25:37,238 [INFO] aiogram.event: Update id=226638401 is handled. Duration 324 ms by bot id=8931940625
2026-07-27 14:25:38,272 [INFO] aiogram.event: Update id=226638402 is handled. Duration 336 ms by bot id=8931940625
2026-07-27 14:25:38,633 [INFO] aiogram.event: Update id=226638403 is handled. Duration 330 ms by bot id=8931940625
2026-07-27 14:25:39,095 [INFO] aiogram.event: Update id=226638404 is handled. Duration 334 ms by bot id=8931940625
2026-07-27 14:25:40,413 [INFO] aiogram.event: Update id=226638405 is handled. Duration 306 ms by bot id=8931940625
2026-07-27 14:25:43,552 [INFO] aiogram.event: Update id=226638406 is handled. Duration 188 ms by bot id=8931940625
2026-07-27 14:25:48,535 [INFO] aiogram.event: Update id=226638407 is handled. Duration 316 ms by bot id=8931940625
2026-07-27 14:25:51,121 [INFO] aiogram.event: Update id=226638408 is handled. Duration 360 ms by bot id=8931940625
2026-07-27 14:25:53,869 [INFO] aiogram.event: Update id=226638409 is handled. Duration 325 ms by bot id=8931940625
2026-07-27 14:25:55,361 [INFO] aiogram.event: Update id=226638410 is handled. Duration 389 ms by bot id=8931940625
2026-07-27 14:25:56,399 [INFO] aiogram.event: Update id=226638411 is handled. Duration 168 ms by bot id=8931940625
2026-07-27 14:26:00,523 [INFO] aiogram.event: Update id=226638412 is handled. Duration 307 ms by bot id=8931940625
2026-07-27 14:26:01,923 [INFO] aiogram.event: Update id=226638413 is handled. Duration 308 ms by bot id=8931940625
2026-07-27 14:26:09,659 [INFO] aiogram.event: Update id=226638414 is handled. Duration 300 ms by bot id=8931940625
2026-07-27 14:26:11,858 [INFO] aiogram.event: Update id=226638415 is handled. Duration 283 ms by bot id=8931940625
2026-07-27 14:26:14,752 [INFO] aiogram.event: Update id=226638416 is handled. Duration 295 ms by bot id=8931940625
2026-07-27 14:26:18,738 [INFO] aiogram.event: Update id=226638417 is handled. Duration 436 ms by bot id=8931940625
2026-07-27 14:26:20,254 [INFO] aiogram.event: Update id=226638418 is handled. Duration 299 ms by bot id=8931940625
2026-07-27 14:26:27,023 [INFO] aiogram.event: Update id=226638419 is handled. Duration 320 ms by bot id=8931940625
2026-07-27 14:26:29,245 [INFO] aiogram.event: Update id=226638420 is handled. Duration 307 ms by bot id=8931940625
2026-07-27 14:26:39,665 [INFO] aiogram.event: Update id=226638421 is handled. Duration 170 ms by bot id=8931940625
2026-07-27 14:26:45,976 [INFO] aiogram.event: Update id=226638422 is handled. Duration 290 ms by bot id=8931940625
2026-07-27 14:36:08,064 [INFO] aiogram.event: Update id=226638423 is handled. Duration 319 ms by bot id=8931940625
2026-07-27 14:36:11,436 [INFO] aiogram.event: Update id=226638424 is handled. Duration 390 ms by bot id=8931940625
2026-07-27 14:36:13,586 [INFO] aiogram.event: Update id=226638425 is handled. Duration 448 ms by bot id=8931940625
2026-07-27 15:20:04,662 [INFO] aiogram.event: Update id=226638426 is handled. Duration 205 ms by bot id=8931940625
2026-07-27 15:20:08,019 [INFO] aiogram.event: Update id=226638427 is handled. Duration 289 ms by bot id=8931940625
2026-07-27 15:25:30,572 [INFO] aiogram.event: Update id=226638428 is handled. Duration 315 ms by bot id=8931940625
2026-07-27 15:25:32,280 [INFO] aiogram.event: Update id=226638429 is handled. Duration 297 ms by bot id=8931940625
2026-07-27 15:27:25,194 [INFO] aiogram.event: Update id=226638430 is handled. Duration 473 ms by bot id=8931940625
2026-07-27 15:29:07,297 [INFO] aiogram.event: Update id=226638431 is handled. Duration 323 ms by bot id=8931940625
2026-07-27 15:29:09,052 [INFO] aiogram.event: Update id=226638432 is handled. Duration 322 ms by bot id=8931940625
2026-07-27 15:29:10,396 [INFO] aiogram.event: Update id=226638433 is handled. Duration 319 ms by bot id=8931940625
2026-07-27 15:29:14,092 [INFO] aiogram.event: Update id=226638434 is handled. Duration 330 ms by bot id=8931940625
2026-07-27 15:29:39,902 [INFO] aiogram.event: Update id=226638435 is handled. Duration 160 ms by bot id=8931940625
2026-07-27 15:33:27,758 [INFO] aiogram.event: Update id=226638436 is not handled. Duration 9 ms by bot id=8931940625
2026-07-27 15:33:59,506 [INFO] aiogram.event: Update id=226638437 is handled. Duration 337 ms by bot id=8931940625
2026-07-27 15:34:01,230 [INFO] aiogram.event: Update id=226638438 is handled. Duration 286 ms by bot id=8931940625
2026-07-27 15:34:02,961 [INFO] aiogram.event: Update id=226638439 is handled. Duration 310 ms by bot id=8931940625
2026-07-27 15:55:42,627 [INFO] aiogram.event: Update id=226638440 is handled. Duration 195 ms by bot id=8931940625
2026-07-27 15:55:45,634 [INFO] aiogram.event: Update id=226638441 is handled. Duration 317 ms by bot id=8931940625
2026-07-27 15:55:48,252 [INFO] aiogram.event: Update id=226638442 is handled. Duration 304 ms by bot id=8931940625
2026-07-27 15:55:52,692 [INFO] aiogram.event: Update id=226638443 is handled. Duration 181 ms by bot id=8931940625
2026-07-27 15:56:35,497 [INFO] aiogram.event: Update id=226638444 is handled. Duration 338 ms by bot id=8931940625
2026-07-27 16:20:47,517 [INFO] aiogram.event: Update id=226638445 is handled. Duration 236 ms by bot id=8931940625
2026-07-27 16:23:00,387 [INFO] aiogram.event: Update id=226638446 is handled. Duration 328 ms by bot id=8931940625
2026-07-27 16:23:02,215 [INFO] aiogram.event: Update id=226638447 is handled. Duration 312 ms by bot id=8931940625
2026-07-27 16:23:08,161 [INFO] aiogram.event: Update id=226638448 is handled. Duration 336 ms by bot id=8931940625
2026-07-27 16:23:13,641 [INFO] aiogram.event: Update id=226638449 is handled. Duration 286 ms by bot id=8931940625
2026-07-27 16:23:21,605 [INFO] aiogram.event: Update id=226638450 is handled. Duration 190 ms by bot id=8931940625
2026-07-27 16:23:23,401 [INFO] aiogram.event: Update id=226638451 is handled. Duration 310 ms by bot id=8931940625
2026-07-27 16:23:27,853 [INFO] aiogram.event: Update id=226638452 is handled. Duration 464 ms by bot id=8931940625
2026-07-27 16:23:29,395 [INFO] aiogram.event: Update id=226638453 is handled. Duration 175 ms by bot id=8931940625
2026-07-27 16:24:10,876 [INFO] aiogram.event: Update id=226638454 is handled. Duration 321 ms by bot id=8931940625
2026-07-27 16:24:12,198 [INFO] aiogram.event: Update id=226638455 is handled. Duration 162 ms by bot id=8931940625
2026-07-27 16:24:27,431 [INFO] aiogram.event: Update id=226638456 is handled. Duration 332 ms by bot id=8931940625
2026-07-27 16:24:30,849 [INFO] aiogram.event: Update id=226638457 is handled. Duration 307 ms by bot id=8931940625
2026-07-27 16:24:34,223 [INFO] aiogram.event: Update id=226638458 is handled. Duration 331 ms by bot id=8931940625
2026-07-27 16:24:35,746 [INFO] aiogram.event: Update id=226638459 is handled. Duration 383 ms by bot id=8931940625
2026-07-27 16:24:36,932 [INFO] aiogram.event: Update id=226638460 is handled. Duration 319 ms by bot id=8931940625
2026-07-27 16:24:38,601 [INFO] aiogram.event: Update id=226638461 is handled. Duration 338 ms by bot id=8931940625
2026-07-27 16:24:47,694 [INFO] aiogram.event: Update id=226638462 is handled. Duration 291 ms by bot id=8931940625
2026-07-27 16:24:49,681 [INFO] aiogram.event: Update id=226638463 is handled. Duration 175 ms by bot id=8931940625
2026-07-27 16:24:57,876 [INFO] aiogram.event: Update id=226638464 is handled. Duration 161 ms by bot id=8931940625
2026-07-27 16:24:58,868 [INFO] aiogram.event: Update id=226638465 is handled. Duration 339 ms by bot id=8931940625
2026-07-27 16:25:00,049 [INFO] aiogram.event: Update id=226638466 is handled. Duration 308 ms by bot id=8931940625
2026-07-27 16:25:02,692 [INFO] aiogram.event: Update id=226638467 is handled. Duration 303 ms by bot id=8931940625
2026-07-27 16:25:03,165 [INFO] aiogram.event: Update id=226638468 is handled. Duration 184 ms by bot id=8931940625
2026-07-27 16:25:04,145 [INFO] aiogram.event: Update id=226638469 is handled. Duration 309 ms by bot id=8931940625
2026-07-27 16:25:05,134 [INFO] aiogram.event: Update id=226638470 is handled. Duration 330 ms by bot id=8931940625
2026-07-27 16:25:06,557 [INFO] aiogram.event: Update id=226638471 is handled. Duration 298 ms by bot id=8931940625
2026-07-27 16:25:07,696 [INFO] aiogram.event: Update id=226638472 is handled. Duration 176 ms by bot id=8931940625
2026-07-27 16:25:11,341 [INFO] aiogram.event: Update id=226638473 is handled. Duration 338 ms by bot id=8931940625
2026-07-27 16:25:14,022 [INFO] aiogram.event: Update id=226638474 is handled. Duration 404 ms by bot id=8931940625
2026-07-27 16:25:30,449 [INFO] aiogram.event: Update id=226638475 is handled. Duration 190 ms by bot id=8931940625
2026-07-27 16:25:33,174 [INFO] aiogram.event: Update id=226638476 is handled. Duration 337 ms by bot id=8931940625
2026-07-27 16:25:38,983 [INFO] aiogram.event: Update id=226638477 is handled. Duration 324 ms by bot id=8931940625
2026-07-27 16:25:49,318 [INFO] aiogram.event: Update id=226638478 is handled. Duration 303 ms by bot id=8931940625
2026-07-27 16:50:33,095 [INFO] aiogram.event: Update id=226638479 is handled. Duration 665 ms by bot id=8931940625
2026-07-27 16:50:34,571 [INFO] aiogram.event: Update id=226638480 is handled. Duration 465 ms by bot id=8931940625
2026-07-27 16:50:40,065 [INFO] aiogram.event: Update id=226638481 is handled. Duration 496 ms by bot id=8931940625
2026-07-27 16:50:43,492 [INFO] aiogram.event: Update id=226638482 is handled. Duration 474 ms by bot id=8931940625
2026-07-27 16:58:22,348 [INFO] aiogram.event: Update id=226638483 is handled. Duration 191 ms by bot id=8931940625
2026-07-27 16:58:24,522 [INFO] aiogram.event: Update id=226638484 is handled. Duration 291 ms by bot id=8931940625
2026-07-27 16:58:26,171 [INFO] aiogram.event: Update id=226638485 is handled. Duration 280 ms by bot id=8931940625
2026-07-27 16:58:32,931 [INFO] aiogram.event: Update id=226638486 is handled. Duration 194 ms by bot id=8931940625
2026-07-27 16:59:07,414 [INFO] aiogram.event: Update id=226638487 is handled. Duration 161 ms by bot id=8931940625
2026-07-27 16:59:17,802 [INFO] aiogram.event: Update id=226638488 is handled. Duration 153 ms by bot id=8931940625
2026-07-27 16:59:21,843 [INFO] aiogram.event: Update id=226638489 is handled. Duration 165 ms by bot id=8931940625
2026-07-27 16:59:25,478 [INFO] aiogram.event: Update id=226638490 is handled. Duration 288 ms by bot id=8931940625
2026-07-27 16:59:32,406 [INFO] aiogram.event: Update id=226638491 is handled. Duration 154 ms by bot id=8931940625
2026-07-27 17:01:19,480 [INFO] aiogram.event: Update id=226638492 is handled. Duration 160 ms by bot id=8931940625
2026-07-27 17:01:46,629 [INFO] aiogram.event: Update id=226638493 is handled. Duration 163 ms by bot id=8931940625
2026-07-27 17:01:48,379 [INFO] aiogram.event: Update id=226638494 is handled. Duration 341 ms by bot id=8931940625
2026-07-27 17:01:49,697 [INFO] aiogram.event: Update id=226638495 is handled. Duration 286 ms by bot id=8931940625
2026-07-27 17:02:25,942 [INFO] aiogram.event: Update id=226638496 is handled. Duration 183 ms by bot id=8931940625
2026-07-27 17:02:27,863 [INFO] aiogram.event: Update id=226638497 is handled. Duration 321 ms by bot id=8931940625
2026-07-27 17:02:28,737 [INFO] aiogram.event: Update id=226638498 is handled. Duration 294 ms by bot id=8931940625
2026-07-27 17:02:30,303 [INFO] aiogram.event: Update id=226638499 is handled. Duration 306 ms by bot id=8931940625
2026-07-27 17:02:31,644 [INFO] aiogram.event: Update id=226638500 is handled. Duration 301 ms by bot id=8931940625
2026-07-27 17:02:33,951 [INFO] aiogram.event: Update id=226638501 is handled. Duration 320 ms by bot id=8931940625
2026-07-27 17:02:39,601 [INFO] aiogram.event: Update id=226638502 is handled. Duration 171 ms by bot id=8931940625
2026-07-27 17:02:49,217 [INFO] aiogram.event: Update id=226638503 is handled. Duration 309 ms by bot id=8931940625
2026-07-27 17:02:50,728 [INFO] aiogram.event: Update id=226638504 is handled. Duration 308 ms by bot id=8931940625
2026-07-27 17:02:52,877 [INFO] aiogram.event: Update id=226638505 is handled. Duration 283 ms by bot id=8931940625
2026-07-27 17:02:55,823 [INFO] aiogram.event: Update id=226638506 is handled. Duration 173 ms by bot id=8931940625
2026-07-27 17:03:16,562 [INFO] aiogram.event: Update id=226638507 is handled. Duration 318 ms by bot id=8931940625
2026-07-27 17:03:19,181 [INFO] aiogram.event: Update id=226638508 is handled. Duration 340 ms by bot id=8931940625
2026-07-27 17:03:21,738 [INFO] aiogram.event: Update id=226638509 is handled. Duration 287 ms by bot id=8931940625
2026-07-27 17:03:24,062 [INFO] aiogram.event: Update id=226638510 is handled. Duration 315 ms by bot id=8931940625
2026-07-27 17:03:25,662 [INFO] aiogram.event: Update id=226638511 is handled. Duration 289 ms by bot id=8931940625
2026-07-27 17:03:28,007 [INFO] aiogram.event: Update id=226638512 is handled. Duration 179 ms by bot id=8931940625
2026-07-27 17:03:35,018 [INFO] aiogram.event: Update id=226638513 is handled. Duration 286 ms by bot id=8931940625
2026-07-27 17:03:36,354 [INFO] aiogram.event: Update id=226638514 is handled. Duration 325 ms by bot id=8931940625
2026-07-27 17:03:46,927 [INFO] aiogram.event: Update id=226638515 is handled. Duration 161 ms by bot id=8931940625
2026-07-27 17:03:52,696 [INFO] aiogram.event: Update id=226638516 is handled. Duration 160 ms by bot id=8931940625
2026-07-27 17:03:54,130 [INFO] aiogram.event: Update id=226638517 is handled. Duration 461 ms by bot id=8931940625
2026-07-27 17:03:55,549 [INFO] aiogram.event: Update id=226638518 is handled. Duration 324 ms by bot id=8931940625
2026-07-27 17:03:59,765 [INFO] aiogram.event: Update id=226638519 is not handled. Duration 29 ms by bot id=8931940625
2026-07-27 17:06:26,849 [INFO] aiogram.event: Update id=226638520 is handled. Duration 190 ms by bot id=8931940625
2026-07-27 17:06:35,010 [INFO] aiogram.event: Update id=226638521 is handled. Duration 356 ms by bot id=8931940625
2026-07-27 17:06:38,589 [INFO] aiogram.event: Update id=226638522 is handled. Duration 168 ms by bot id=8931940625
2026-07-27 17:06:40,118 [INFO] aiogram.event: Update id=226638523 is handled. Duration 314 ms by bot id=8931940625
2026-07-27 17:06:44,305 [INFO] aiogram.event: Update id=226638524 is handled. Duration 335 ms by bot id=8931940625
2026-07-27 17:06:46,383 [INFO] aiogram.event: Update id=226638525 is handled. Duration 325 ms by bot id=8931940625
2026-07-27 17:06:48,889 [INFO] aiogram.event: Update id=226638526 is handled. Duration 457 ms by bot id=8931940625
2026-07-27 17:06:51,982 [INFO] aiogram.event: Update id=226638527 is handled. Duration 466 ms by bot id=8931940625
2026-07-27 17:06:58,390 [INFO] aiogram.event: Update id=226638528 is handled. Duration 178 ms by bot id=8931940625
2026-07-27 17:07:36,471 [INFO] aiogram.event: Update id=226638529 is handled. Duration 160 ms by bot id=8931940625
2026-07-27 17:07:40,769 [INFO] aiogram.event: Update id=226638530 is handled. Duration 178 ms by bot id=8931940625
2026-07-27 17:07:48,136 [INFO] aiogram.event: Update id=226638531 is handled. Duration 182 ms by bot id=8931940625
2026-07-27 17:07:49,752 [INFO] aiogram.event: Update id=226638532 is handled. Duration 299 ms by bot id=8931940625
2026-07-27 17:07:52,666 [INFO] aiogram.event: Update id=226638533 is handled. Duration 152 ms by bot id=8931940625
2026-07-27 17:10:55,448 [INFO] aiogram.event: Update id=226638534 is handled. Duration 281 ms by bot id=8931940625
2026-07-27 17:11:03,169 [INFO] aiogram.event: Update id=226638535 is handled. Duration 165 ms by bot id=8931940625
2026-07-27 17:11:04,646 [INFO] aiogram.event: Update id=226638536 is handled. Duration 320 ms by bot id=8931940625
2026-07-27 17:11:07,025 [INFO] aiogram.event: Update id=226638537 is handled. Duration 282 ms by bot id=8931940625
2026-07-27 17:12:26,723 [INFO] aiogram.event: Update id=226638538 is handled. Duration 291 ms by bot id=8931940625
2026-07-27 17:14:19,570 [INFO] aiogram.event: Update id=226638539 is handled. Duration 176 ms by bot id=8931940625
2026-07-27 17:14:50,624 [INFO] aiogram.event: Update id=226638540 is handled. Duration 154 ms by bot id=8931940625
2026-07-27 17:14:56,110 [INFO] aiogram.event: Update id=226638541 is handled. Duration 162 ms by bot id=8931940625
2026-07-27 17:15:04,710 [INFO] aiogram.event: Update id=226638542 is handled. Duration 161 ms by bot id=8931940625
2026-07-27 17:15:06,953 [INFO] aiogram.event: Update id=226638543 is handled. Duration 298 ms by bot id=8931940625
2026-07-27 17:15:12,833 [INFO] aiogram.event: Update id=226638544 is handled. Duration 153 ms by bot id=8931940625
2026-07-27 17:15:40,168 [INFO] aiogram.event: Update id=226638545 is handled. Duration 279 ms by bot id=8931940625
2026-07-27 17:15:45,133 [INFO] aiogram.event: Update id=226638546 is handled. Duration 171 ms by bot id=8931940625
2026-07-27 17:15:47,852 [INFO] aiogram.event: Update id=226638547 is handled. Duration 356 ms by bot id=8931940625
2026-07-27 17:15:49,666 [INFO] aiogram.event: Update id=226638548 is handled. Duration 290 ms by bot id=8931940625
2026-07-27 17:15:52,995 [INFO] aiogram.event: Update id=226638549 is handled. Duration 280 ms by bot id=8931940625
2026-07-27 17:16:13,195 [INFO] aiogram.event: Update id=226638550 is handled. Duration 264 ms by bot id=8931940625
2026-07-27 17:16:18,454 [INFO] aiogram.event: Update id=226638551 is handled. Duration 151 ms by bot id=8931940625
2026-07-27 17:16:22,351 [INFO] aiogram.event: Update id=226638552 is handled. Duration 152 ms by bot id=8931940625
2026-07-27 17:16:24,306 [INFO] aiogram.event: Update id=226638553 is handled. Duration 273 ms by bot id=8931940625
2026-07-27 17:16:27,950 [INFO] aiogram.event: Update id=226638554 is handled. Duration 156 ms by bot id=8931940625
2026-07-27 17:16:29,977 [INFO] aiogram.event: Update id=226638555 is handled. Duration 300 ms by bot id=8931940625
2026-07-27 17:16:35,261 [INFO] aiogram.event: Update id=226638556 is handled. Duration 163 ms by bot id=8931940625
2026-07-27 17:16:40,664 [INFO] aiogram.event: Update id=226638557 is handled. Duration 321 ms by bot id=8931940625
2026-07-27 17:16:47,103 [INFO] aiogram.event: Update id=226638558 is handled. Duration 293 ms by bot id=8931940625
2026-07-27 17:19:08,911 [INFO] aiogram.event: Update id=226638559 is handled. Duration 315 ms by bot id=8931940625
2026-07-27 17:19:10,264 [INFO] aiogram.event: Update id=226638560 is handled. Duration 380 ms by bot id=8931940625
2026-07-27 17:19:12,453 [INFO] aiogram.event: Update id=226638561 is handled. Duration 308 ms by bot id=8931940625
2026-07-27 17:21:11,543 [INFO] aiogram.event: Update id=226638562 is handled. Duration 342 ms by bot id=8931940625
2026-07-27 17:21:14,942 [INFO] aiogram.event: Update id=226638563 is handled. Duration 436 ms by bot id=8931940625
2026-07-27 17:21:20,429 [INFO] aiogram.event: Update id=226638564 is handled. Duration 435 ms by bot id=8931940625
2026-07-27 17:21:25,561 [INFO] aiogram.event: Update id=226638565 is handled. Duration 461 ms by bot id=8931940625
2026-07-27 17:21:31,709 [INFO] aiogram.event: Update id=226638566 is handled. Duration 438 ms by bot id=8931940625
2026-07-27 17:21:33,446 [INFO] aiogram.event: Update id=226638567 is handled. Duration 434 ms by bot id=8931940625
2026-07-27 17:21:34,879 [INFO] aiogram.event: Update id=226638568 is handled. Duration 455 ms by bot id=8931940625
2026-07-27 17:21:36,430 [INFO] aiogram.event: Update id=226638569 is handled. Duration 494 ms by bot id=8931940625
2026-07-27 17:21:43,269 [INFO] aiogram.event: Update id=226638570 is handled. Duration 442 ms by bot id=8931940625
2026-07-27 17:21:45,078 [INFO] aiogram.event: Update id=226638571 is handled. Duration 443 ms by bot id=8931940625
2026-07-27 17:21:49,251 [INFO] aiogram.event: Update id=226638572 is handled. Duration 442 ms by bot id=8931940625
2026-07-27 17:21:53,348 [INFO] aiogram.event: Update id=226638573 is handled. Duration 431 ms by bot id=8931940625
2026-07-27 17:21:55,299 [INFO] aiogram.event: Update id=226638574 is handled. Duration 450 ms by bot id=8931940625
2026-07-27 17:21:56,875 [INFO] aiogram.event: Update id=226638575 is handled. Duration 492 ms by bot id=8931940625
2026-07-27 17:22:02,815 [INFO] aiogram.event: Update id=226638576 is handled. Duration 418 ms by bot id=8931940625
2026-07-27 17:22:06,538 [INFO] aiogram.event: Update id=226638577 is handled. Duration 401 ms by bot id=8931940625
2026-07-27 17:22:08,115 [INFO] aiogram.event: Update id=226638578 is handled. Duration 425 ms by bot id=8931940625
2026-07-27 17:22:09,864 [INFO] aiogram.event: Update id=226638579 is handled. Duration 449 ms by bot id=8931940625
2026-07-27 17:22:11,679 [INFO] aiogram.event: Update id=226638580 is handled. Duration 412 ms by bot id=8931940625
2026-07-27 17:22:13,774 [INFO] aiogram.event: Update id=226638581 is handled. Duration 417 ms by bot id=8931940625
2026-07-27 17:22:19,474 [INFO] aiogram.event: Update id=226638582 is handled. Duration 425 ms by bot id=8931940625
2026-07-27 17:24:26,721 [INFO] aiogram.event: Update id=226638583 is handled. Duration 206 ms by bot id=8931940625
2026-07-27 17:24:47,910 [INFO] aiogram.event: Update id=226638584 is handled. Duration 298 ms by bot id=8931940625
2026-07-27 17:24:50,229 [INFO] aiogram.event: Update id=226638585 is handled. Duration 313 ms by bot id=8931940625
2026-07-27 17:24:54,459 [INFO] aiogram.event: Update id=226638586 is handled. Duration 303 ms by bot id=8931940625
2026-07-27 17:25:00,180 [INFO] aiogram.event: Update id=226638587 is handled. Duration 182 ms by bot id=8931940625
2026-07-27 17:25:04,452 [INFO] aiogram.event: Update id=226638588 is handled. Duration 271 ms by bot id=8931940625
2026-07-27 17:25:11,979 [INFO] aiogram.event: Update id=226638589 is handled. Duration 320 ms by bot id=8931940625
2026-07-27 17:25:17,525 [INFO] aiogram.event: Update id=226638590 is handled. Duration 499 ms by bot id=8931940625
2026-07-27 17:25:19,649 [INFO] aiogram.event: Update id=226638591 is not handled. Duration 9 ms by bot id=8931940625
2026-07-27 17:25:24,144 [INFO] aiogram.event: Update id=226638592 is handled. Duration 270 ms by bot id=8931940625
2026-07-27 17:25:30,793 [INFO] aiogram.event: Update id=226638593 is handled. Duration 164 ms by bot id=8931940625
2026-07-27 17:25:36,191 [INFO] aiogram.event: Update id=226638594 is handled. Duration 147 ms by bot id=8931940625
2026-07-27 17:25:40,720 [INFO] aiogram.event: Update id=226638595 is handled. Duration 162 ms by bot id=8931940625
2026-07-27 17:25:50,790 [INFO] aiogram.event: Update id=226638596 is handled. Duration 159 ms by bot id=8931940625
2026-07-27 17:25:52,845 [INFO] aiogram.event: Update id=226638597 is handled. Duration 273 ms by bot id=8931940625
2026-07-27 17:26:21,656 [INFO] aiogram.event: Update id=226638598 is handled. Duration 155 ms by bot id=8931940625
2026-07-27 17:26:23,306 [INFO] aiogram.event: Update id=226638599 is handled. Duration 266 ms by bot id=8931940625
2026-07-27 17:26:34,903 [INFO] aiogram.event: Update id=226638600 is handled. Duration 160 ms by bot id=8931940625
2026-07-27 17:26:36,387 [INFO] aiogram.event: Update id=226638601 is handled. Duration 326 ms by bot id=8931940625
2026-07-27 17:26:38,831 [INFO] aiogram.event: Update id=226638602 is handled. Duration 281 ms by bot id=8931940625
2026-07-27 17:26:43,141 [INFO] aiogram.event: Update id=226638603 is handled. Duration 247 ms by bot id=8931940625
2026-07-27 17:26:44,845 [INFO] aiogram.event: Update id=226638604 is handled. Duration 303 ms by bot id=8931940625
2026-07-27 17:26:46,085 [INFO] aiogram.event: Update id=226638605 is handled. Duration 341 ms by bot id=8931940625
2026-07-27 17:26:46,979 [INFO] aiogram.event: Update id=226638606 is handled. Duration 288 ms by bot id=8931940625
2026-07-27 17:26:50,309 [INFO] aiogram.event: Update id=226638607 is handled. Duration 311 ms by bot id=8931940625
2026-07-27 17:26:51,530 [INFO] aiogram.event: Update id=226638608 is handled. Duration 301 ms by bot id=8931940625
2026-07-27 17:26:53,002 [INFO] aiogram.event: Update id=226638609 is handled. Duration 436 ms by bot id=8931940625
2026-07-27 17:26:57,746 [INFO] aiogram.event: Update id=226638610 is handled. Duration 186 ms by bot id=8931940625
2026-07-27 17:26:59,449 [INFO] aiogram.event: Update id=226638611 is handled. Duration 339 ms by bot id=8931940625
2026-07-27 17:27:01,395 [INFO] aiogram.event: Update id=226638612 is handled. Duration 349 ms by bot id=8931940625
2026-07-27 17:27:04,910 [INFO] aiogram.event: Update id=226638613 is handled. Duration 336 ms by bot id=8931940625
2026-07-27 17:27:06,227 [INFO] aiogram.event: Update id=226638614 is handled. Duration 284 ms by bot id=8931940625
2026-07-27 17:27:07,324 [INFO] aiogram.event: Update id=226638615 is handled. Duration 298 ms by bot id=8931940625
2026-07-27 17:27:08,290 [INFO] aiogram.event: Update id=226638616 is handled. Duration 314 ms by bot id=8931940625
2026-07-27 17:27:09,284 [INFO] aiogram.event: Update id=226638617 is handled. Duration 331 ms by bot id=8931940625
2026-07-27 17:27:10,539 [INFO] aiogram.event: Update id=226638618 is handled. Duration 383 ms by bot id=8931940625
2026-07-27 17:27:11,692 [INFO] aiogram.event: Update id=226638619 is handled. Duration 324 ms by bot id=8931940625
2026-07-27 17:27:12,888 [INFO] aiogram.event: Update id=226638620 is handled. Duration 282 ms by bot id=8931940625
2026-07-27 17:27:13,782 [INFO] aiogram.event: Update id=226638621 is handled. Duration 313 ms by bot id=8931940625
2026-07-27 17:27:14,954 [INFO] aiogram.event: Update id=226638622 is handled. Duration 309 ms by bot id=8931940625
2026-07-27 17:27:16,042 [INFO] aiogram.event: Update id=226638623 is handled. Duration 316 ms by bot id=8931940625
2026-07-27 17:27:17,021 [INFO] aiogram.event: Update id=226638624 is handled. Duration 415 ms by bot id=8931940625
2026-07-27 17:27:18,085 [INFO] aiogram.event: Update id=226638625 is handled. Duration 339 ms by bot id=8931940625
2026-07-27 17:27:24,278 [INFO] aiogram.event: Update id=226638626 is handled. Duration 191 ms by bot id=8931940625
2026-07-27 17:27:26,476 [INFO] aiogram.event: Update id=226638627 is handled. Duration 162 ms by bot id=8931940625
2026-07-27 17:27:29,321 [INFO] aiogram.event: Update id=226638628 is not handled. Duration 23 ms by bot id=8931940625
2026-07-27 17:27:31,614 [INFO] aiogram.event: Update id=226638629 is handled. Duration 319 ms by bot id=8931940625
2026-07-27 17:27:33,067 [INFO] aiogram.event: Update id=226638630 is handled. Duration 292 ms by bot id=8931940625
2026-07-27 17:27:34,905 [INFO] aiogram.event: Update id=226638631 is handled. Duration 308 ms by bot id=8931940625
2026-07-27 17:28:04,626 [INFO] aiogram.event: Update id=226638632 is handled. Duration 147 ms by bot id=8931940625
2026-07-27 17:28:08,863 [INFO] aiogram.event: Update id=226638633 is handled. Duration 442 ms by bot id=8931940625
2026-07-27 17:28:11,134 [INFO] aiogram.event: Update id=226638634 is handled. Duration 303 ms by bot id=8931940625
2026-07-27 17:28:44,965 [INFO] aiogram.event: Update id=226638635 is handled. Duration 330 ms by bot id=8931940625
2026-07-27 17:28:49,223 [INFO] aiogram.event: Update id=226638636 is handled. Duration 281 ms by bot id=8931940625
2026-07-27 17:28:51,720 [INFO] aiogram.event: Update id=226638637 is handled. Duration 307 ms by bot id=8931940625
2026-07-27 17:28:57,800 [INFO] aiogram.event: Update id=226638638 is handled. Duration 305 ms by bot id=8931940625
2026-07-27 17:29:01,212 [INFO] aiogram.event: Update id=226638639 is handled. Duration 291 ms by bot id=8931940625
2026-07-27 17:29:06,136 [INFO] aiogram.event: Update id=226638640 is handled. Duration 256 ms by bot id=8931940625
2026-07-27 17:29:30,486 [INFO] aiogram.event: Update id=226638641 is handled. Duration 317 ms by bot id=8931940625
2026-07-27 17:29:34,624 [INFO] aiogram.event: Update id=226638642 is handled. Duration 290 ms by bot id=8931940625
2026-07-27 17:29:39,282 [INFO] aiogram.event: Update id=226638643 is handled. Duration 333 ms by bot id=8931940625
2026-07-27 17:29:41,329 [INFO] aiogram.event: Update id=226638644 is handled. Duration 294 ms by bot id=8931940625
2026-07-27 17:30:33,866 [INFO] aiogram.event: Update id=226638645 is handled. Duration 285 ms by bot id=8931940625
2026-07-27 17:30:36,264 [INFO] aiogram.event: Update id=226638646 is handled. Duration 342 ms by bot id=8931940625
2026-07-27 17:30:39,959 [INFO] aiogram.event: Update id=226638647 is handled. Duration 289 ms by bot id=8931940625
2026-07-27 17:35:06,557 [INFO] aiogram.event: Update id=226638648 is handled. Duration 470 ms by bot id=8931940625
2026-07-27 17:35:11,870 [INFO] aiogram.event: Update id=226638649 is handled. Duration 318 ms by bot id=8931940625
2026-07-27 17:35:17,244 [INFO] aiogram.event: Update id=226638650 is handled. Duration 449 ms by bot id=8931940625
2026-07-27 17:35:26,156 [INFO] aiogram.event: Update id=226638651 is handled. Duration 444 ms by bot id=8931940625
2026-07-27 17:35:35,283 [INFO] aiogram.event: Update id=226638652 is handled. Duration 504 ms by bot id=8931940625
2026-07-27 17:36:22,505 [INFO] aiogram.event: Update id=226638653 is handled. Duration 442 ms by bot id=8931940625
2026-07-27 17:36:31,596 [INFO] aiogram.event: Update id=226638654 is handled. Duration 424 ms by bot id=8931940625
2026-07-27 17:46:10,748 [INFO] aiogram.event: Update id=226638655 is handled. Duration 220 ms by bot id=8931940625
2026-07-27 17:46:16,917 [INFO] aiogram.event: Update id=226638656 is handled. Duration 318 ms by bot id=8931940625
2026-07-27 17:46:23,651 [INFO] aiogram.event: Update id=226638657 is handled. Duration 434 ms by bot id=8931940625
2026-07-27 17:49:24,698 [INFO] aiogram.event: Update id=226638658 is handled. Duration 212 ms by bot id=8931940625
2026-07-27 17:49:28,226 [INFO] aiogram.event: Update id=226638659 is handled. Duration 314 ms by bot id=8931940625
2026-07-27 17:49:32,843 [INFO] aiogram.event: Update id=226638660 is handled. Duration 435 ms by bot id=8931940625
2026-07-27 17:51:55,767 [INFO] aiogram.event: Update id=226638661 is not handled. Duration 44 ms by bot id=8931940625
2026-07-27 17:52:00,491 [INFO] aiogram.event: Update id=226638662 is handled. Duration 601 ms by bot id=8931940625
2026-07-27 17:52:02,642 [INFO] aiogram.event: Update id=226638663 is handled. Duration 306 ms by bot id=8931940625
2026-07-27 17:52:28,460 [INFO] aiogram.event: Update id=226638664 is handled. Duration 452 ms by bot id=8931940625
2026-07-27 17:52:33,090 [INFO] aiogram.event: Update id=226638665 is handled. Duration 317 ms by bot id=8931940625
2026-07-27 17:52:39,496 [INFO] aiogram.event: Update id=226638666 is handled. Duration 347 ms by bot id=8931940625
2026-07-27 17:52:47,631 [INFO] aiogram.event: Update id=226638667 is handled. Duration 293 ms by bot id=8931940625
2026-07-27 17:52:49,165 [INFO] aiogram.event: Update id=226638668 is handled. Duration 306 ms by bot id=8931940625
2026-07-27 17:52:53,543 [INFO] aiogram.event: Update id=226638669 is handled. Duration 177 ms by bot id=8931940625
2026-07-27 18:11:25,422 [INFO] aiogram.event: Update id=226638670 is handled. Duration 315 ms by bot id=8931940625
2026-07-27 18:11:26,910 [INFO] aiogram.event: Update id=226638671 is handled. Duration 338 ms by bot id=8931940625
2026-07-27 18:17:54,294 [INFO] aiogram.event: Update id=226638672 is handled. Duration 313 ms by bot id=8931940625
2026-07-27 18:17:55,586 [INFO] aiogram.event: Update id=226638673 is handled. Duration 301 ms by bot id=8931940625
2026-07-27 18:17:57,210 [INFO] aiogram.event: Update id=226638674 is not handled. Duration 17 ms by bot id=8931940625
2026-07-27 18:17:59,761 [INFO] aiogram.event: Update id=226638675 is handled. Duration 313 ms by bot id=8931940625
2026-07-27 18:18:04,449 [INFO] aiogram.event: Update id=226638676 is handled. Duration 172 ms by bot id=8931940625
2026-07-27 18:18:08,090 [INFO] aiogram.event: Update id=226638677 is handled. Duration 315 ms by bot id=8931940625
2026-07-27 18:18:13,216 [INFO] aiogram.event: Update id=226638678 is handled. Duration 422 ms by bot id=8931940625
2026-07-27 18:18:30,781 [INFO] aiogram.event: Update id=226638679 is not handled. Duration 13 ms by bot id=8931940625
2026-07-27 18:24:35,530 [INFO] aiogram.event: Update id=226638680 is handled. Duration 508 ms by bot id=8931940625
2026-07-27 18:24:40,347 [INFO] aiogram.event: Update id=226638681 is handled. Duration 328 ms by bot id=8931940625
2026-07-27 18:24:43,823 [INFO] aiogram.event: Update id=226638682 is handled. Duration 327 ms by bot id=8931940625
2026-07-27 18:24:47,659 [INFO] aiogram.event: Update id=226638683 is handled. Duration 191 ms by bot id=8931940625
2026-07-27 18:25:28,611 [INFO] aiogram.event: Update id=226638684 is handled. Duration 168 ms by bot id=8931940625
2026-07-27 18:25:30,871 [INFO] aiogram.event: Update id=226638685 is handled. Duration 287 ms by bot id=8931940625
2026-07-27 18:25:32,286 [INFO] aiogram.event: Update id=226638686 is handled. Duration 305 ms by bot id=8931940625
2026-07-27 18:25:34,737 [INFO] aiogram.event: Update id=226638687 is handled. Duration 301 ms by bot id=8931940625
2026-07-27 18:25:38,433 [INFO] aiogram.event: Update id=226638688 is handled. Duration 307 ms by bot id=8931940625
2026-07-27 18:25:39,742 [INFO] aiogram.event: Update id=226638689 is handled. Duration 291 ms by bot id=8931940625
2026-07-27 18:25:42,878 [INFO] aiogram.event: Update id=226638690 is handled. Duration 208 ms by bot id=8931940625
2026-07-27 18:25:44,651 [INFO] aiogram.event: Update id=226638691 is handled. Duration 387 ms by bot id=8931940625
2026-07-27 18:25:47,354 [INFO] aiogram.event: Update id=226638692 is handled. Duration 352 ms by bot id=8931940625
2026-07-27 18:25:48,556 [INFO] aiogram.event: Update id=226638693 is handled. Duration 398 ms by bot id=8931940625
2026-07-27 18:25:51,442 [INFO] aiogram.event: Update id=226638694 is handled. Duration 317 ms by bot id=8931940625
2026-07-27 18:25:53,572 [INFO] aiogram.event: Update id=226638695 is not handled. Duration 11 ms by bot id=8931940625
2026-07-27 18:25:56,030 [INFO] aiogram.event: Update id=226638696 is handled. Duration 289 ms by bot id=8931940625
2026-07-27 18:25:57,899 [INFO] aiogram.event: Update id=226638697 is handled. Duration 171 ms by bot id=8931940625
2026-07-27 18:26:00,247 [INFO] aiogram.event: Update id=226638698 is handled. Duration 292 ms by bot id=8931940625
2026-07-27 18:26:01,826 [INFO] aiogram.event: Update id=226638699 is handled. Duration 285 ms by bot id=8931940625
2026-07-27 18:26:03,100 [INFO] aiogram.event: Update id=226638700 is handled. Duration 333 ms by bot id=8931940625
2026-07-27 18:26:06,248 [INFO] aiogram.event: Update id=226638701 is handled. Duration 272 ms by bot id=8931940625
2026-07-27 18:26:07,672 [INFO] aiogram.event: Update id=226638702 is handled. Duration 302 ms by bot id=8931940625
2026-07-27 18:26:08,823 [INFO] aiogram.event: Update id=226638703 is handled. Duration 168 ms by bot id=8931940625
2026-07-27 18:26:10,753 [INFO] aiogram.event: Update id=226638704 is handled. Duration 288 ms by bot id=8931940625
2026-07-27 18:27:59,539 [INFO] aiogram.event: Update id=226638705 is handled. Duration 191 ms by bot id=8931940625
2026-07-27 18:28:02,636 [INFO] aiogram.event: Update id=226638706 is handled. Duration 309 ms by bot id=8931940625
2026-07-27 18:28:05,759 [INFO] aiogram.event: Update id=226638707 is handled. Duration 317 ms by bot id=8931940625
2026-07-27 18:28:06,721 [INFO] aiogram.event: Update id=226638708 is handled. Duration 179 ms by bot id=8931940625
2026-07-27 18:28:08,575 [INFO] aiogram.event: Update id=226638709 is handled. Duration 325 ms by bot id=8931940625
2026-07-27 18:28:09,251 [INFO] aiogram.event: Update id=226638710 is handled. Duration 801 ms by bot id=8931940625
2026-07-27 18:28:11,804 [INFO] aiogram.event: Update id=226638711 is handled. Duration 350 ms by bot id=8931940625
2026-07-27 18:28:12,493 [INFO] aiogram.event: Update id=226638712 is handled. Duration 374 ms by bot id=8931940625
2026-07-27 18:28:15,396 [INFO] aiogram.event: Update id=226638713 is handled. Duration 170 ms by bot id=8931940625
2026-07-27 18:28:19,636 [INFO] aiogram.event: Update id=226638714 is handled. Duration 306 ms by bot id=8931940625
2026-07-27 18:28:21,857 [INFO] aiogram.event: Update id=226638715 is handled. Duration 474 ms by bot id=8931940625
2026-07-27 18:28:23,215 [INFO] aiogram.event: Update id=226638716 is handled. Duration 453 ms by bot id=8931940625
2026-07-27 18:29:02,598 [INFO] aiogram.event: Update id=226638717 is handled. Duration 505 ms by bot id=8931940625
2026-07-27 18:29:11,686 [INFO] aiogram.event: Update id=226638718 is handled. Duration 215 ms by bot id=8931940625
2026-07-27 18:29:13,959 [INFO] aiogram.event: Update id=226638719 is handled. Duration 319 ms by bot id=8931940625
2026-07-27 18:29:20,118 [INFO] aiogram.event: Update id=226638720 is handled. Duration 334 ms by bot id=8931940625
2026-07-27 18:29:21,436 [INFO] aiogram.event: Update id=226638721 is handled. Duration 321 ms by bot id=8931940625
2026-07-27 18:29:24,989 [INFO] aiogram.event: Update id=226638722 is handled. Duration 423 ms by bot id=8931940625
2026-07-27 18:29:31,326 [INFO] aiogram.event: Update id=226638723 is handled. Duration 462 ms by bot id=8931940625
2026-07-27 18:29:33,565 [INFO] aiogram.event: Update id=226638724 is handled. Duration 423 ms by bot id=8931940625
2026-07-27 18:29:35,609 [INFO] aiogram.event: Update id=226638725 is handled. Duration 460 ms by bot id=8931940625
2026-07-27 18:29:43,745 [INFO] aiogram.event: Update id=226638726 is handled. Duration 429 ms by bot id=8931940625
2026-07-27 18:29:51,509 [INFO] aiogram.event: Update id=226638727 is handled. Duration 488 ms by bot id=8931940625
2026-07-27 18:30:28,446 [INFO] aiogram.event: Update id=226638728 is handled. Duration 349 ms by bot id=8931940625
2026-07-27 18:30:30,431 [INFO] aiogram.event: Update id=226638729 is handled. Duration 313 ms by bot id=8931940625
2026-07-27 18:30:35,193 [INFO] aiogram.event: Update id=226638730 is handled. Duration 289 ms by bot id=8931940625
2026-07-27 18:30:39,698 [INFO] aiogram.event: Update id=226638731 is handled. Duration 399 ms by bot id=8931940625
2026-07-27 18:30:46,307 [INFO] aiogram.event: Update id=226638732 is handled. Duration 372 ms by bot id=8931940625
2026-07-27 18:30:48,315 [INFO] aiogram.event: Update id=226638733 is handled. Duration 317 ms by bot id=8931940625
2026-07-27 18:30:51,349 [INFO] aiogram.event: Update id=226638734 is handled. Duration 302 ms by bot id=8931940625
2026-07-27 18:30:59,112 [INFO] aiogram.event: Update id=226638735 is handled. Duration 324 ms by bot id=8931940625
2026-07-27 18:31:02,335 [INFO] aiogram.event: Update id=226638736 is handled. Duration 296 ms by bot id=8931940625
2026-07-27 18:31:06,258 [INFO] aiogram.event: Update id=226638737 is handled. Duration 326 ms by bot id=8931940625
2026-07-27 18:31:09,711 [INFO] aiogram.event: Update id=226638738 is handled. Duration 319 ms by bot id=8931940625
2026-07-27 18:31:12,353 [INFO] aiogram.event: Update id=226638739 is handled. Duration 305 ms by bot id=8931940625
2026-07-27 18:31:15,358 [INFO] aiogram.event: Update id=226638740 is handled. Duration 306 ms by bot id=8931940625
2026-07-27 18:31:26,631 [INFO] aiogram.event: Update id=226638741 is handled. Duration 500 ms by bot id=8931940625
2026-07-27 18:31:28,772 [INFO] aiogram.event: Update id=226638742 is handled. Duration 307 ms by bot id=8931940625
2026-07-27 18:31:35,817 [INFO] aiogram.event: Update id=226638743 is handled. Duration 341 ms by bot id=8931940625
2026-07-27 18:31:37,914 [INFO] aiogram.event: Update id=226638744 is handled. Duration 303 ms by bot id=8931940625
2026-07-27 18:31:40,439 [INFO] aiogram.event: Update id=226638745 is handled. Duration 316 ms by bot id=8931940625
2026-07-27 18:31:48,906 [INFO] aiogram.event: Update id=226638746 is handled. Duration 297 ms by bot id=8931940625
2026-07-27 18:31:50,723 [INFO] aiogram.event: Update id=226638747 is handled. Duration 337 ms by bot id=8931940625
2026-07-27 18:31:53,599 [INFO] aiogram.event: Update id=226638748 is handled. Duration 288 ms by bot id=8931940625
2026-07-27 18:32:02,247 [INFO] aiogram.event: Update id=226638749 is handled. Duration 294 ms by bot id=8931940625
2026-07-27 18:32:07,978 [INFO] aiogram.event: Update id=226638750 is handled. Duration 335 ms by bot id=8931940625
2026-07-27 18:32:09,489 [INFO] aiogram.event: Update id=226638751 is handled. Duration 302 ms by bot id=8931940625
2026-07-27 18:32:13,532 [INFO] aiogram.event: Update id=226638752 is handled. Duration 419 ms by bot id=8931940625
2026-07-27 18:32:17,693 [INFO] aiogram.event: Update id=226638753 is handled. Duration 187 ms by bot id=8931940625
2026-07-27 18:32:19,884 [INFO] aiogram.event: Update id=226638754 is handled. Duration 311 ms by bot id=8931940625
2026-07-27 18:32:21,279 [INFO] aiogram.event: Update id=226638755 is handled. Duration 434 ms by bot id=8931940625
2026-07-27 18:32:23,231 [INFO] aiogram.event: Update id=226638756 is handled. Duration 301 ms by bot id=8931940625
2026-07-27 18:32:24,682 [INFO] aiogram.event: Update id=226638757 is handled. Duration 322 ms by bot id=8931940625
2026-07-27 18:32:29,262 [INFO] aiogram.event: Update id=226638758 is handled. Duration 305 ms by bot id=8931940625
2026-07-27 18:32:31,860 [INFO] aiogram.event: Update id=226638759 is handled. Duration 326 ms by bot id=8931940625
2026-07-27 18:32:33,176 [INFO] aiogram.event: Update id=226638760 is handled. Duration 287 ms by bot id=8931940625
2026-07-27 18:32:35,737 [INFO] aiogram.event: Update id=226638761 is handled. Duration 301 ms by bot id=8931940625
2026-07-27 18:32:37,410 [INFO] aiogram.event: Update id=226638762 is handled. Duration 302 ms by bot id=8931940625
2026-07-27 18:32:39,071 [INFO] aiogram.event: Update id=226638763 is handled. Duration 340 ms by bot id=8931940625
2026-07-27 18:32:41,300 [INFO] aiogram.event: Update id=226638764 is handled. Duration 293 ms by bot id=8931940625
2026-07-27 18:32:43,194 [INFO] aiogram.event: Update id=226638765 is handled. Duration 319 ms by bot id=8931940625
2026-07-27 18:32:44,881 [INFO] aiogram.event: Update id=226638766 is handled. Duration 312 ms by bot id=8931940625
2026-07-27 18:32:46,966 [INFO] aiogram.event: Update id=226638767 is handled. Duration 308 ms by bot id=8931940625
2026-07-27 18:32:48,711 [INFO] aiogram.event: Update id=226638768 is handled. Duration 308 ms by bot id=8931940625
2026-07-27 18:32:54,784 [INFO] aiogram.event: Update id=226638769 is handled. Duration 388 ms by bot id=8931940625
2026-07-27 18:32:56,592 [INFO] aiogram.event: Update id=226638770 is handled. Duration 302 ms by bot id=8931940625
2026-07-27 18:32:58,342 [INFO] aiogram.event: Update id=226638771 is handled. Duration 211 ms by bot id=8931940625
2026-07-27 18:33:04,816 [INFO] aiogram.event: Update id=226638772 is handled. Duration 295 ms by bot id=8931940625
2026-07-27 18:33:06,713 [INFO] aiogram.event: Update id=226638773 is handled. Duration 301 ms by bot id=8931940625
2026-07-27 18:33:09,076 [INFO] aiogram.event: Update id=226638774 is handled. Duration 305 ms by bot id=8931940625
2026-07-27 18:33:11,018 [INFO] aiogram.event: Update id=226638775 is handled. Duration 312 ms by bot id=8931940625
2026-07-27 18:33:12,235 [INFO] aiogram.event: Update id=226638776 is handled. Duration 312 ms by bot id=8931940625
2026-07-27 18:33:40,588 [INFO] aiogram.event: Update id=226638777 is handled. Duration 346 ms by bot id=8931940625
2026-07-27 18:33:48,418 [INFO] aiogram.event: Update id=226638778 is handled. Duration 311 ms by bot id=8931940625
2026-07-27 18:38:01,902 [INFO] aiogram.event: Update id=226638779 is handled. Duration 203 ms by bot id=8931940625
2026-07-27 18:38:04,017 [INFO] aiogram.event: Update id=226638780 is handled. Duration 321 ms by bot id=8931940625
2026-07-27 18:38:09,679 [INFO] aiogram.event: Update id=226638781 is handled. Duration 378 ms by bot id=8931940625
2026-07-27 18:38:13,880 [INFO] aiogram.event: Update id=226638782 is handled. Duration 178 ms by bot id=8931940625
2026-07-27 18:38:48,736 [INFO] aiogram.event: Update id=226638783 is handled. Duration 169 ms by bot id=8931940625
2026-07-27 18:38:55,144 [INFO] aiogram.event: Update id=226638784 is handled. Duration 331 ms by bot id=8931940625
2026-07-27 18:39:06,787 [INFO] aiogram.event: Update id=226638785 is handled. Duration 268 ms by bot id=8931940625
2026-07-27 18:39:07,459 [INFO] aiogram.event: Update id=226638786 is handled. Duration 636 ms by bot id=8931940625
2026-07-27 18:39:09,234 [INFO] aiogram.event: Update id=226638787 is handled. Duration 299 ms by bot id=8931940625
2026-07-27 18:39:14,910 [INFO] aiogram.event: Update id=226638788 is handled. Duration 328 ms by bot id=8931940625
2026-07-27 18:39:15,119 [INFO] aiogram.event: Update id=226638789 is handled. Duration 362 ms by bot id=8931940625
2026-07-27 18:39:16,624 [INFO] aiogram.event: Update id=226638790 is handled. Duration 307 ms by bot id=8931940625
2026-07-27 18:39:17,717 [INFO] aiogram.event: Update id=226638791 is handled. Duration 315 ms by bot id=8931940625
2026-07-27 18:39:18,954 [INFO] aiogram.event: Update id=226638792 is handled. Duration 303 ms by bot id=8931940625
2026-07-27 18:39:21,643 [INFO] aiogram.event: Update id=226638793 is handled. Duration 305 ms by bot id=8931940625
2026-07-27 18:39:28,103 [INFO] aiogram.event: Update id=226638794 is handled. Duration 312 ms by bot id=8931940625
2026-07-27 18:39:31,046 [INFO] aiogram.event: Update id=226638795 is handled. Duration 319 ms by bot id=8931940625
2026-07-27 18:39:32,949 [INFO] aiogram.event: Update id=226638796 is handled. Duration 351 ms by bot id=8931940625
2026-07-27 18:39:35,254 [INFO] aiogram.event: Update id=226638797 is handled. Duration 324 ms by bot id=8931940625
2026-07-27 18:39:37,588 [INFO] aiogram.event: Update id=226638798 is handled. Duration 315 ms by bot id=8931940625
2026-07-27 18:39:39,264 [INFO] aiogram.event: Update id=226638799 is handled. Duration 319 ms by bot id=8931940625
2026-07-27 18:39:40,719 [INFO] aiogram.event: Update id=226638800 is handled. Duration 297 ms by bot id=8931940625
2026-07-27 18:39:42,505 [INFO] aiogram.event: Update id=226638801 is handled. Duration 324 ms by bot id=8931940625
2026-07-27 18:39:44,701 [INFO] aiogram.event: Update id=226638802 is handled. Duration 291 ms by bot id=8931940625
2026-07-27 18:39:52,914 [INFO] aiogram.event: Update id=226638803 is handled. Duration 169 ms by bot id=8931940625
2026-07-27 18:46:41,537 [INFO] aiogram.event: Update id=226638804 is handled. Duration 471 ms by bot id=8931940625
2026-07-27 18:50:17,426 [INFO] aiogram.event: Update id=226638805 is handled. Duration 168 ms by bot id=8931940625
2026-07-27 18:50:21,861 [INFO] aiogram.event: Update id=226638806 is handled. Duration 352 ms by bot id=8931940625
2026-07-27 18:50:30,230 [INFO] aiogram.event: Update id=226638807 is handled. Duration 322 ms by bot id=8931940625
2026-07-27 18:50:32,526 [INFO] aiogram.event: Update id=226638808 is handled. Duration 303 ms by bot id=8931940625
2026-07-27 18:50:46,697 [INFO] aiogram.event: Update id=226638809 is handled. Duration 438 ms by bot id=8931940625
2026-07-27 18:50:51,992 [INFO] aiogram.event: Update id=226638810 is handled. Duration 306 ms by bot id=8931940625
2026-07-27 18:50:59,702 [INFO] aiogram.event: Update id=226638811 is handled. Duration 311 ms by bot id=8931940625
2026-07-27 18:51:02,951 [INFO] aiogram.event: Update id=226638812 is handled. Duration 310 ms by bot id=8931940625
2026-07-27 18:51:11,281 [INFO] aiogram.event: Update id=226638813 is handled. Duration 427 ms by bot id=8931940625
2026-07-27 18:51:16,090 [INFO] aiogram.event: Update id=226638814 is handled. Duration 350 ms by bot id=8931940625
2026-07-27 18:51:18,797 [INFO] aiogram.event: Update id=226638815 is handled. Duration 317 ms by bot id=8931940625
2026-07-27 18:51:21,498 [INFO] aiogram.event: Update id=226638816 is handled. Duration 306 ms by bot id=8931940625
2026-07-27 18:51:27,497 [INFO] aiogram.event: Update id=226638817 is handled. Duration 303 ms by bot id=8931940625
2026-07-27 18:57:25,613 [INFO] aiogram.event: Update id=226638818 is handled. Duration 190 ms by bot id=8931940625
2026-07-27 18:57:29,642 [INFO] aiogram.event: Update id=226638819 is handled. Duration 315 ms by bot id=8931940625
2026-07-27 18:57:35,235 [INFO] aiogram.event: Update id=226638820 is handled. Duration 453 ms by bot id=8931940625
2026-07-27 18:57:56,345 [INFO] aiogram.event: Update id=226638821 is handled. Duration 472 ms by bot id=8931940625
2026-07-27 18:58:02,694 [INFO] aiogram.event: Update id=226638822 is handled. Duration 410 ms by bot id=8931940625
2026-07-27 18:58:19,513 [INFO] aiogram.event: Update id=226638823 is handled. Duration 454 ms by bot id=8931940625
2026-07-27 19:15:26,239 [INFO] aiogram.event: Update id=226638824 is handled. Duration 476 ms by bot id=8931940625
2026-07-27 19:15:28,216 [INFO] aiogram.event: Update id=226638825 is handled. Duration 361 ms by bot id=8931940625
2026-07-27 19:15:32,703 [INFO] aiogram.event: Update id=226638826 is handled. Duration 304 ms by bot id=8931940625
2026-07-27 19:15:41,769 [INFO] aiogram.event: Update id=226638827 is handled. Duration 316 ms by bot id=8931940625
2026-07-27 19:15:43,977 [INFO] aiogram.event: Update id=226638828 is handled. Duration 295 ms by bot id=8931940625
2026-07-27 19:15:47,426 [INFO] aiogram.event: Update id=226638829 is handled. Duration 329 ms by bot id=8931940625
2026-07-27 19:15:50,791 [INFO] aiogram.event: Update id=226638830 is handled. Duration 318 ms by bot id=8931940625
2026-07-27 19:15:53,331 [INFO] aiogram.event: Update id=226638831 is handled. Duration 328 ms by bot id=8931940625
2026-07-27 19:15:55,799 [INFO] aiogram.event: Update id=226638832 is handled. Duration 331 ms by bot id=8931940625
2026-07-27 19:16:03,884 [INFO] aiogram.event: Update id=226638833 is handled. Duration 315 ms by bot id=8931940625
2026-07-27 20:19:49,056 [INFO] aiogram.event: Update id=226638834 is handled. Duration 484 ms by bot id=8931940625
2026-07-27 20:19:50,914 [INFO] aiogram.event: Update id=226638835 is handled. Duration 315 ms by bot id=8931940625
2026-07-27 20:19:53,238 [INFO] aiogram.event: Update id=226638836 is handled. Duration 313 ms by bot id=8931940625
2026-07-27 20:20:00,884 [INFO] aiogram.event: Update id=226638837 is handled. Duration 318 ms by bot id=8931940625
2026-07-27 20:20:35,028 [INFO] aiogram.event: Update id=226638838 is handled. Duration 481 ms by bot id=8931940625
2026-07-27 20:20:39,749 [INFO] aiogram.event: Update id=226638839 is handled. Duration 474 ms by bot id=8931940625
2026-07-27 20:20:41,656 [INFO] aiogram.event: Update id=226638840 is handled. Duration 483 ms by bot id=8931940625
2026-07-27 20:20:46,366 [INFO] aiogram.event: Update id=226638841 is handled. Duration 300 ms by bot id=8931940625
2026-07-27 21:38:17,547 [INFO] aiogram.event: Update id=226638842 is not handled. Duration 24 ms by bot id=8931940625
2026-07-27 21:38:23,824 [INFO] aiogram.event: Update id=226638843 is handled. Duration 482 ms by bot id=8931940625
2026-07-27 21:38:27,785 [INFO] aiogram.event: Update id=226638844 is handled. Duration 328 ms by bot id=8931940625
2026-07-27 21:38:30,422 [INFO] aiogram.event: Update id=226638845 is handled. Duration 399 ms by bot id=8931940625
2026-07-27 21:38:31,960 [INFO] aiogram.event: Update id=226638846 is handled. Duration 316 ms by bot id=8931940625
2026-07-27 21:38:53,945 [INFO] aiogram.event: Update id=226638847 is handled. Duration 357 ms by bot id=8931940625
2026-07-27 21:38:55,821 [INFO] aiogram.event: Update id=226638848 is handled. Duration 316 ms by bot id=8931940625
2026-07-27 21:38:59,238 [INFO] aiogram.event: Update id=226638849 is handled. Duration 317 ms by bot id=8931940625
2026-07-27 21:57:07,696 [INFO] aiogram.event: Update id=226638850 is handled. Duration 181 ms by bot id=8931940625
2026-07-27 21:57:13,410 [INFO] aiogram.event: Update id=226638851 is handled. Duration 464 ms by bot id=8931940625
2026-07-27 21:57:23,029 [INFO] aiogram.event: Update id=226638852 is handled. Duration 316 ms by bot id=8931940625
2026-07-28 01:11:29,405 [ERROR] aiogram.dispatcher: Failed to fetch updates - TelegramRetryAfter: Telegram server says - Flood control exceeded on method 'GetUpdates'. Retry in 5 seconds.
Original description: Too Many Requests: retry after 5
(background on this error at: https://core.telegram.org/bots/faq#my-bot-is-hitting-limits-how-do-i-avoid-this)
2026-07-28 01:11:29,405 [WARNING] aiogram.dispatcher: Sleep for 1.000000 seconds and try again... (tryings = 0, bot id = 8931940625)
2026-07-28 01:11:33,281 [ERROR] aiogram.dispatcher: Failed to fetch updates - TelegramServerError: Telegram server says - Bad Gateway
2026-07-28 01:11:33,281 [WARNING] aiogram.dispatcher: Sleep for 1.398072 seconds and try again... (tryings = 1, bot id = 8931940625)
2026-07-28 01:11:34,701 [ERROR] aiogram.dispatcher: Failed to fetch updates - TelegramServerError: Telegram server says - Bad Gateway
2026-07-28 01:11:34,701 [WARNING] aiogram.dispatcher: Sleep for 1.788152 seconds and try again... (tryings = 2, bot id = 8931940625)
2026-07-28 01:12:47,350 [ERROR] aiogram.dispatcher: Failed to fetch updates - TelegramNetworkError: HTTP Client says - Request timeout error
2026-07-28 01:12:47,351 [WARNING] aiogram.dispatcher: Sleep for 2.521600 seconds and try again... (tryings = 3, bot id = 8931940625)
2026-07-28 01:13:05,443 [INFO] aiogram.dispatcher: Connection established (tryings = 4, bot id = 8931940625)
2026-07-28 03:32:31,754 [INFO] aiogram.event: Update id=226638853 is handled. Duration 624 ms by bot id=8931940625
2026-07-28 03:45:16,332 [INFO] aiogram.event: Update id=226638854 is not handled. Duration 17 ms by bot id=8931940625
2026-07-28 03:45:23,221 [INFO] aiogram.event: Update id=226638855 is handled. Duration 327 ms by bot id=8931940625
2026-07-28 03:45:26,732 [INFO] aiogram.event: Update id=226638856 is handled. Duration 342 ms by bot id=8931940625
2026-07-28 03:45:32,035 [INFO] aiogram.event: Update id=226638857 is handled. Duration 312 ms by bot id=8931940625
2026-07-28 03:45:35,762 [INFO] aiogram.event: Update id=226638858 is handled. Duration 330 ms by bot id=8931940625
2026-07-28 03:45:38,100 [INFO] aiogram.event: Update id=226638859 is handled. Duration 413 ms by bot id=8931940625
2026-07-28 03:45:39,806 [INFO] aiogram.event: Update id=226638860 is handled. Duration 423 ms by bot id=8931940625
2026-07-28 03:45:43,047 [INFO] aiogram.event: Update id=226638861 is handled. Duration 325 ms by bot id=8931940625
2026-07-28 03:45:46,851 [INFO] aiogram.event: Update id=226638862 is handled. Duration 311 ms by bot id=8931940625
2026-07-28 03:45:51,647 [INFO] aiogram.event: Update id=226638863 is handled. Duration 312 ms by bot id=8931940625
2026-07-28 03:50:46,620 [INFO] aiogram.event: Update id=226638864 is handled. Duration 185 ms by bot id=8931940625
2026-07-28 03:50:48,886 [INFO] aiogram.event: Update id=226638865 is handled. Duration 303 ms by bot id=8931940625
2026-07-28 03:50:53,049 [INFO] aiogram.event: Update id=226638866 is handled. Duration 376 ms by bot id=8931940625
2026-07-28 03:50:54,583 [INFO] aiogram.event: Update id=226638867 is handled. Duration 361 ms by bot id=8931940625
2026-07-28 03:50:56,516 [INFO] aiogram.event: Update id=226638868 is handled. Duration 295 ms by bot id=8931940625
2026-07-28 03:50:58,223 [INFO] aiogram.event: Update id=226638869 is handled. Duration 316 ms by bot id=8931940625
2026-07-28 03:51:01,059 [INFO] aiogram.event: Update id=226638870 is handled. Duration 479 ms by bot id=8931940625
2026-07-28 03:51:02,898 [INFO] aiogram.event: Update id=226638871 is handled. Duration 317 ms by bot id=8931940625
2026-07-28 03:51:04,767 [INFO] aiogram.event: Update id=226638872 is handled. Duration 294 ms by bot id=8931940625
2026-07-28 03:51:07,139 [INFO] aiogram.event: Update id=226638873 is handled. Duration 293 ms by bot id=8931940625
2026-07-28 03:51:09,559 [INFO] aiogram.event: Update id=226638874 is handled. Duration 444 ms by bot id=8931940625
2026-07-28 03:51:10,814 [INFO] aiogram.event: Update id=226638875 is handled. Duration 292 ms by bot id=8931940625
2026-07-28 03:51:18,955 [INFO] aiogram.event: Update id=226638876 is handled. Duration 439 ms by bot id=8931940625
2026-07-28 03:51:20,428 [INFO] aiogram.event: Update id=226638877 is handled. Duration 329 ms by bot id=8931940625
2026-07-28 03:51:21,933 [INFO] aiogram.event: Update id=226638878 is handled. Duration 298 ms by bot id=8931940625
2026-07-28 03:51:23,458 [INFO] aiogram.event: Update id=226638879 is handled. Duration 312 ms by bot id=8931940625
2026-07-28 03:51:26,095 [INFO] aiogram.event: Update id=226638880 is handled. Duration 450 ms by bot id=8931940625
2026-07-28 03:51:27,667 [INFO] aiogram.event: Update id=226638881 is handled. Duration 324 ms by bot id=8931940625
2026-07-28 03:51:29,840 [INFO] aiogram.event: Update id=226638882 is handled. Duration 292 ms by bot id=8931940625
2026-07-28 03:51:31,696 [INFO] aiogram.event: Update id=226638883 is handled. Duration 341 ms by bot id=8931940625
2026-07-28 03:51:34,758 [INFO] aiogram.event: Update id=226638884 is handled. Duration 299 ms by bot id=8931940625
2026-07-28 03:51:37,481 [INFO] aiogram.event: Update id=226638885 is handled. Duration 167 ms by bot id=8931940625
2026-07-28 03:51:39,023 [INFO] aiogram.event: Update id=226638886 is handled. Duration 313 ms by bot id=8931940625
2026-07-28 04:20:57,877 [INFO] aiogram.event: Update id=226638887 is handled. Duration 211 ms by bot id=8931940625
2026-07-28 04:21:00,682 [INFO] aiogram.event: Update id=226638888 is handled. Duration 326 ms by bot id=8931940625
2026-07-28 04:21:06,885 [INFO] aiogram.event: Update id=226638889 is handled. Duration 315 ms by bot id=8931940625
2026-07-28 04:34:55,199 [INFO] aiogram.event: Update id=226638890 is handled. Duration 517 ms by bot id=8931940625
2026-07-28 04:34:58,747 [INFO] aiogram.event: Update id=226638891 is handled. Duration 321 ms by bot id=8931940625
2026-07-28 04:35:04,028 [INFO] aiogram.event: Update id=226638892 is handled. Duration 300 ms by bot id=8931940625
2026-07-28 04:35:11,116 [INFO] aiogram.event: Update id=226638893 is handled. Duration 329 ms by bot id=8931940625
2026-07-28 04:35:18,626 [INFO] aiogram.event: Update id=226638894 is handled. Duration 317 ms by bot id=8931940625
2026-07-28 04:35:22,328 [INFO] aiogram.event: Update id=226638895 is handled. Duration 323 ms by bot id=8931940625
2026-07-28 04:35:25,123 [INFO] aiogram.event: Update id=226638896 is handled. Duration 315 ms by bot id=8931940625
2026-07-28 04:35:27,698 [INFO] aiogram.event: Update id=226638897 is handled. Duration 331 ms by bot id=8931940625
2026-07-28 04:35:29,239 [INFO] aiogram.event: Update id=226638898 is handled. Duration 314 ms by bot id=8931940625
2026-07-28 04:35:32,843 [INFO] aiogram.event: Update id=226638899 is handled. Duration 326 ms by bot id=8931940625
2026-07-28 04:35:36,832 [INFO] aiogram.event: Update id=226638900 is handled. Duration 298 ms by bot id=8931940625
2026-07-28 04:35:42,108 [INFO] aiogram.event: Update id=226638901 is handled. Duration 333 ms by bot id=8931940625
2026-07-28 04:35:49,257 [INFO] aiogram.event: Update id=226638902 is handled. Duration 338 ms by bot id=8931940625
2026-07-28 04:39:29,278 [INFO] aiogram.event: Update id=226638903 is handled. Duration 222 ms by bot id=8931940625
2026-07-28 04:39:31,794 [INFO] aiogram.event: Update id=226638904 is handled. Duration 331 ms by bot id=8931940625
2026-07-28 04:39:35,544 [INFO] aiogram.event: Update id=226638905 is handled. Duration 434 ms by bot id=8931940625
2026-07-28 04:39:43,363 [INFO] aiogram.event: Update id=226638906 is handled. Duration 472 ms by bot id=8931940625
2026-07-28 04:39:46,455 [INFO] aiogram.event: Update id=226638907 is handled. Duration 428 ms by bot id=8931940625
2026-07-28 04:39:48,349 [INFO] aiogram.event: Update id=226638908 is handled. Duration 497 ms by bot id=8931940625
2026-07-28 04:39:50,370 [INFO] aiogram.event: Update id=226638909 is handled. Duration 444 ms by bot id=8931940625
2026-07-28 04:39:53,559 [INFO] aiogram.event: Update id=226638910 is handled. Duration 434 ms by bot id=8931940625
2026-07-28 04:39:56,431 [INFO] aiogram.event: Update id=226638911 is handled. Duration 337 ms by bot id=8931940625
2026-07-28 04:39:58,152 [INFO] aiogram.event: Update id=226638912 is handled. Duration 317 ms by bot id=8931940625
2026-07-28 04:40:00,657 [INFO] aiogram.event: Update id=226638913 is handled. Duration 302 ms by bot id=8931940625
2026-07-28 04:40:02,942 [INFO] aiogram.event: Update id=226638914 is handled. Duration 289 ms by bot id=8931940625
2026-07-28 04:59:12,600 [INFO] aiogram.event: Update id=226638915 is handled. Duration 332 ms by bot id=8931940625
2026-07-28 04:59:14,708 [INFO] aiogram.event: Update id=226638916 is handled. Duration 333 ms by bot id=8931940625
2026-07-28 04:59:16,361 [INFO] aiogram.event: Update id=226638917 is handled. Duration 313 ms by bot id=8931940625
2026-07-28 04:59:18,383 [INFO] aiogram.event: Update id=226638918 is handled. Duration 291 ms by bot id=8931940625
2026-07-28 04:59:24,589 [INFO] aiogram.event: Update id=226638919 is handled. Duration 185 ms by bot id=8931940625
2026-07-28 04:59:26,193 [INFO] aiogram.event: Update id=226638920 is handled. Duration 322 ms by bot id=8931940625
2026-07-28 04:59:35,465 [INFO] aiogram.event: Update id=226638921 is handled. Duration 325 ms by bot id=8931940625
2026-07-28 04:59:37,824 [INFO] aiogram.event: Update id=226638922 is handled. Duration 292 ms by bot id=8931940625
2026-07-28 04:59:43,362 [INFO] aiogram.event: Update id=226638923 is handled. Duration 381 ms by bot id=8931940625
2026-07-28 04:59:44,813 [INFO] aiogram.event: Update id=226638924 is handled. Duration 304 ms by bot id=8931940625
2026-07-28 04:59:46,039 [INFO] aiogram.event: Update id=226638925 is handled. Duration 302 ms by bot id=8931940625
2026-07-28 04:59:46,859 [INFO] aiogram.event: Update id=226638926 is handled. Duration 300 ms by bot id=8931940625
2026-07-28 04:59:47,723 [INFO] aiogram.event: Update id=226638927 is handled. Duration 331 ms by bot id=8931940625
2026-07-28 04:59:48,634 [INFO] aiogram.event: Update id=226638928 is handled. Duration 283 ms by bot id=8931940625
2026-07-28 04:59:50,219 [INFO] aiogram.event: Update id=226638929 is handled. Duration 501 ms by bot id=8931940625
2026-07-28 04:59:52,000 [INFO] aiogram.event: Update id=226638930 is handled. Duration 421 ms by bot id=8931940625
2026-07-28 04:59:55,304 [INFO] aiogram.event: Update id=226638931 is handled. Duration 323 ms by bot id=8931940625
2026-07-28 05:04:18,499 [INFO] aiogram.event: Update id=226638932 is handled. Duration 322 ms by bot id=8931940625
2026-07-28 05:04:20,612 [INFO] aiogram.event: Update id=226638933 is handled. Duration 306 ms by bot id=8931940625
2026-07-28 05:07:47,353 [INFO] aiogram.event: Update id=226638934 is handled. Duration 213 ms by bot id=8931940625
2026-07-28 05:07:50,260 [INFO] aiogram.event: Update id=226638935 is handled. Duration 343 ms by bot id=8931940625
2026-07-28 05:07:57,743 [INFO] aiogram.event: Update id=226638936 is handled. Duration 308 ms by bot id=8931940625
2026-07-28 05:07:59,225 [INFO] aiogram.event: Update id=226638937 is handled. Duration 370 ms by bot id=8931940625
2026-07-28 05:08:04,665 [INFO] aiogram.event: Update id=226638938 is handled. Duration 314 ms by bot id=8931940625
2026-07-28 06:04:42,470 [INFO] aiogram.event: Update id=226638939 is handled. Duration 546 ms by bot id=8931940625
2026-07-28 06:04:47,658 [INFO] aiogram.event: Update id=226638940 is handled. Duration 370 ms by bot id=8931940625
2026-07-28 06:05:01,506 [INFO] aiogram.event: Update id=226638941 is handled. Duration 318 ms by bot id=8931940625
2026-07-28 06:05:02,801 [INFO] aiogram.event: Update id=226638942 is handled. Duration 329 ms by bot id=8931940625
2026-07-28 06:05:05,332 [INFO] aiogram.event: Update id=226638943 is handled. Duration 338 ms by bot id=8931940625
2026-07-28 06:05:21,993 [INFO] aiogram.event: Update id=226638944 is handled. Duration 173 ms by bot id=8931940625
2026-07-28 06:05:34,096 [INFO] aiogram.event: Update id=226638945 is handled. Duration 336 ms by bot id=8931940625
2026-07-28 06:05:35,663 [INFO] aiogram.event: Update id=226638946 is handled. Duration 322 ms by bot id=8931940625
2026-07-28 06:05:37,614 [INFO] aiogram.event: Update id=226638947 is handled. Duration 952 ms by bot id=8931940625
2026-07-28 06:19:33,414 [INFO] aiogram.event: Update id=226638948 is handled. Duration 326 ms by bot id=8931940625
2026-07-28 06:19:42,504 [INFO] aiogram.event: Update id=226638949 is handled. Duration 316 ms by bot id=8931940625
2026-07-28 06:19:49,474 [INFO] aiogram.event: Update id=226638950 is handled. Duration 326 ms by bot id=8931940625
2026-07-28 06:19:51,528 [INFO] aiogram.event: Update id=226638951 is handled. Duration 290 ms by bot id=8931940625
2026-07-28 06:19:55,563 [INFO] aiogram.event: Update id=226638952 is handled. Duration 318 ms by bot id=8931940625
2026-07-28 06:19:58,416 [INFO] aiogram.event: Update id=226638953 is handled. Duration 320 ms by bot id=8931940625
2026-07-28 06:20:04,746 [INFO] aiogram.event: Update id=226638954 is handled. Duration 317 ms by bot id=8931940625
2026-07-28 06:20:08,958 [INFO] aiogram.event: Update id=226638955 is handled. Duration 305 ms by bot id=8931940625
2026-07-28 06:20:10,205 [INFO] aiogram.event: Update id=226638956 is handled. Duration 345 ms by bot id=8931940625
2026-07-28 06:20:11,860 [INFO] aiogram.event: Update id=226638957 is handled. Duration 321 ms by bot id=8931940625
2026-07-28 06:48:59,046 [INFO] aiogram.event: Update id=226638958 is handled. Duration 219 ms by bot id=8931940625
2026-07-28 06:49:00,961 [INFO] aiogram.event: Update id=226638959 is handled. Duration 314 ms by bot id=8931940625
2026-07-28 06:49:16,698 [INFO] aiogram.event: Update id=226638960 is handled. Duration 167 ms by bot id=8931940625
2026-07-28 06:49:18,708 [INFO] aiogram.event: Update id=226638961 is handled. Duration 306 ms by bot id=8931940625
2026-07-28 06:49:22,861 [INFO] aiogram.event: Update id=226638962 is handled. Duration 436 ms by bot id=8931940625
2026-07-28 06:49:42,290 [INFO] aiogram.event: Update id=226638963 is not handled. Duration 12 ms by bot id=8931940625
2026-07-28 06:49:48,961 [INFO] aiogram.event: Update id=226638964 is handled. Duration 196 ms by bot id=8931940625
2026-07-28 06:49:52,740 [INFO] aiogram.event: Update id=226638965 is handled. Duration 311 ms by bot id=8931940625
2026-07-28 06:49:56,402 [INFO] aiogram.event: Update id=226638966 is handled. Duration 434 ms by bot id=8931940625
2026-07-28 06:50:21,570 [INFO] aiogram.event: Update id=226638967 is handled. Duration 473 ms by bot id=8931940625
2026-07-28 06:50:24,866 [INFO] aiogram.event: Update id=226638968 is handled. Duration 422 ms by bot id=8931940625
2026-07-28 07:20:20,709 [INFO] aiogram.event: Update id=226638969 is handled. Duration 498 ms by bot id=8931940625
2026-07-28 07:20:24,912 [INFO] aiogram.event: Update id=226638970 is handled. Duration 354 ms by bot id=8931940625
2026-07-28 07:20:28,508 [INFO] aiogram.event: Update id=226638971 is handled. Duration 473 ms by bot id=8931940625
2026-07-28 07:20:31,572 [INFO] aiogram.event: Update id=226638972 is handled. Duration 448 ms by bot id=8931940625
2026-07-28 07:20:35,528 [INFO] aiogram.event: Update id=226638973 is handled. Duration 459 ms by bot id=8931940625
2026-07-28 07:20:37,488 [INFO] aiogram.event: Update id=226638974 is handled. Duration 441 ms by bot id=8931940625
2026-07-28 07:20:38,972 [INFO] aiogram.event: Update id=226638975 is handled. Duration 456 ms by bot id=8931940625
2026-07-28 07:20:40,126 [INFO] aiogram.event: Update id=226638976 is handled. Duration 448 ms by bot id=8931940625
2026-07-28 07:20:41,485 [INFO] aiogram.event: Update id=226638977 is handled. Duration 447 ms by bot id=8931940625
2026-07-28 07:20:42,633 [INFO] aiogram.event: Update id=226638978 is handled. Duration 450 ms by bot id=8931940625
2026-07-28 07:20:44,185 [INFO] aiogram.event: Update id=226638979 is handled. Duration 444 ms by bot id=8931940625
2026-07-28 07:20:46,436 [INFO] aiogram.event: Update id=226638980 is handled. Duration 425 ms by bot id=8931940625
2026-07-28 07:31:22,029 [INFO] aiogram.event: Update id=226638981 is handled. Duration 183 ms by bot id=8931940625
2026-07-28 07:31:30,872 [INFO] aiogram.event: Update id=226638982 is handled. Duration 312 ms by bot id=8931940625
2026-07-28 07:31:34,345 [INFO] aiogram.event: Update id=226638983 is handled. Duration 472 ms by bot id=8931940625
2026-07-28 07:31:38,548 [INFO] aiogram.event: Update id=226638984 is handled. Duration 483 ms by bot id=8931940625
2026-07-28 07:31:45,769 [INFO] aiogram.event: Update id=226638985 is handled. Duration 408 ms by bot id=8931940625
2026-07-28 07:32:02,200 [INFO] aiogram.event: Update id=226638986 is handled. Duration 459 ms by bot id=8931940625
2026-07-28 07:32:07,359 [INFO] aiogram.event: Update id=226638987 is handled. Duration 458 ms by bot id=8931940625
2026-07-28 07:32:22,455 [INFO] aiogram.event: Update id=226638988 is handled. Duration 465 ms by bot id=8931940625
2026-07-28 07:32:26,517 [INFO] aiogram.event: Update id=226638989 is handled. Duration 428 ms by bot id=8931940625
2026-07-28 07:32:31,208 [INFO] aiogram.event: Update id=226638990 is handled. Duration 318 ms by bot id=8931940625
2026-07-28 07:32:32,452 [INFO] aiogram.event: Update id=226638991 is handled. Duration 469 ms by bot id=8931940625
2026-07-28 07:32:33,831 [INFO] aiogram.event: Update id=226638992 is handled. Duration 316 ms by bot id=8931940625
2026-07-28 07:32:37,121 [INFO] aiogram.event: Update id=226638993 is handled. Duration 414 ms by bot id=8931940625
2026-07-28 07:32:37,274 [INFO] aiogram.event: Update id=226638994 is handled. Duration 176 ms by bot id=8931940625
2026-07-28 07:32:48,364 [INFO] aiogram.event: Update id=226638995 is handled. Duration 455 ms by bot id=8931940625
2026-07-28 07:32:54,651 [INFO] aiogram.event: Update id=226638996 is handled. Duration 455 ms by bot id=8931940625
2026-07-28 07:32:57,422 [INFO] aiogram.event: Update id=226638997 is handled. Duration 289 ms by bot id=8931940625
2026-07-28 07:33:00,568 [INFO] aiogram.event: Update id=226638998 is handled. Duration 315 ms by bot id=8931940625
2026-07-28 07:33:05,301 [INFO] aiogram.event: Update id=226638999 is handled. Duration 328 ms by bot id=8931940625
2026-07-28 07:33:09,484 [INFO] aiogram.event: Update id=226639000 is handled. Duration 332 ms by bot id=8931940625
2026-07-28 07:33:18,939 [INFO] aiogram.event: Update id=226639001 is handled. Duration 449 ms by bot id=8931940625
2026-07-28 07:36:47,900 [INFO] aiogram.event: Update id=226639002 is handled. Duration 429 ms by bot id=8931940625
2026-07-28 07:36:54,678 [INFO] aiogram.event: Update id=226639003 is handled. Duration 462 ms by bot id=8931940625
2026-07-28 07:36:56,698 [INFO] aiogram.event: Update id=226639004 is handled. Duration 467 ms by bot id=8931940625
2026-07-28 08:28:01,446 [INFO] aiogram.event: Update id=226639005 is handled. Duration 771 ms by bot id=8931940625
2026-07-28 08:28:12,896 [INFO] aiogram.event: Update id=226639006 is handled. Duration 645 ms by bot id=8931940625
2026-07-28 08:28:19,675 [INFO] aiogram.event: Update id=226639007 is handled. Duration 458 ms by bot id=8931940625
2026-07-28 08:28:27,561 [INFO] aiogram.event: Update id=226639008 is handled. Duration 185 ms by bot id=8931940625
2026-07-28 08:28:41,055 [INFO] aiogram.event: Update id=226639009 is handled. Duration 330 ms by bot id=8931940625
2026-07-28 09:09:13,000 [INFO] aiogram.event: Update id=226639010 is handled. Duration 184 ms by bot id=8931940625
2026-07-28 09:09:16,971 [INFO] aiogram.event: Update id=226639011 is handled. Duration 332 ms by bot id=8931940625
2026-07-28 09:10:44,815 [INFO] aiogram.event: Update id=226639012 is handled. Duration 290 ms by bot id=8931940625
2026-07-28 09:10:47,116 [INFO] aiogram.event: Update id=226639013 is handled. Duration 356 ms by bot id=8931940625
2026-07-28 09:13:29,910 [INFO] aiogram.event: Update id=226639014 is handled. Duration 178 ms by bot id=8931940625
2026-07-28 09:13:32,410 [INFO] aiogram.event: Update id=226639015 is handled. Duration 323 ms by bot id=8931940625
2026-07-28 09:13:36,289 [INFO] aiogram.event: Update id=226639016 is handled. Duration 482 ms by bot id=8931940625
2026-07-28 09:13:45,919 [INFO] aiogram.event: Update id=226639017 is handled. Duration 333 ms by bot id=8931940625
2026-07-28 09:13:55,154 [INFO] aiogram.event: Update id=226639018 is handled. Duration 483 ms by bot id=8931940625
2026-07-28 09:13:56,988 [INFO] aiogram.event: Update id=226639019 is handled. Duration 309 ms by bot id=8931940625
2026-07-28 09:14:24,969 [INFO] aiogram.event: Update id=226639020 is handled. Duration 430 ms by bot id=8931940625
2026-07-28 09:14:26,979 [INFO] aiogram.event: Update id=226639021 is handled. Duration 311 ms by bot id=8931940625
2026-07-28 09:14:35,368 [INFO] aiogram.event: Update id=226639022 is handled. Duration 316 ms by bot id=8931940625
2026-07-28 09:17:02,559 [INFO] aiogram.event: Update id=226639023 is handled. Duration 336 ms by bot id=8931940625
2026-07-28 09:17:04,581 [INFO] aiogram.event: Update id=226639024 is handled. Duration 402 ms by bot id=8931940625
2026-07-28 09:24:58,441 [INFO] aiogram.event: Update id=226639025 is handled. Duration 344 ms by bot id=8931940625
2026-07-28 09:25:00,023 [INFO] aiogram.event: Update id=226639026 is handled. Duration 318 ms by bot id=8931940625
2026-07-28 09:47:25,702 [INFO] aiogram.event: Update id=226639027 is handled. Duration 480 ms by bot id=8931940625
2026-07-28 09:47:27,589 [INFO] aiogram.event: Update id=226639028 is handled. Duration 328 ms by bot id=8931940625
2026-07-28 09:47:29,389 [INFO] aiogram.event: Update id=226639029 is handled. Duration 429 ms by bot id=8931940625
2026-07-28 09:49:51,645 [INFO] aiogram.event: Update id=226639030 is handled. Duration 474 ms by bot id=8931940625
2026-07-28 09:49:54,332 [INFO] aiogram.event: Update id=226639031 is handled. Duration 317 ms by bot id=8931940625
2026-07-28 09:49:55,921 [INFO] aiogram.event: Update id=226639032 is handled. Duration 305 ms by bot id=8931940625
2026-07-28 09:49:57,614 [INFO] aiogram.event: Update id=226639033 is handled. Duration 311 ms by bot id=8931940625
2026-07-28 09:50:02,450 [INFO] aiogram.event: Update id=226639034 is handled. Duration 327 ms by bot id=8931940625
2026-07-28 10:02:11,317 [INFO] aiogram.event: Update id=226639035 is not handled. Duration 11 ms by bot id=8931940625
2026-07-28 10:29:50,274 [INFO] aiogram.event: Update id=226639036 is handled. Duration 220 ms by bot id=8931940625
2026-07-28 10:29:52,341 [INFO] aiogram.event: Update id=226639037 is handled. Duration 309 ms by bot id=8931940625
2026-07-28 10:30:00,369 [INFO] aiogram.event: Update id=226639038 is handled. Duration 278 ms by bot id=8931940625
2026-07-28 10:30:08,738 [INFO] aiogram.event: Update id=226639039 is handled. Duration 168 ms by bot id=8931940625
2026-07-28 11:13:32,456 [INFO] aiogram.event: Update id=226639040 is handled. Duration 511 ms by bot id=8931940625
2026-07-28 11:13:35,410 [INFO] aiogram.event: Update id=226639041 is handled. Duration 345 ms by bot id=8931940625
2026-07-28 11:13:42,834 [INFO] aiogram.event: Update id=226639042 is handled. Duration 564 ms by bot id=8931940625
2026-07-28 11:13:49,073 [INFO] aiogram.event: Update id=226639043 is handled. Duration 440 ms by bot id=8931940625
2026-07-28 11:13:52,459 [INFO] aiogram.event: Update id=226639044 is handled. Duration 473 ms by bot id=8931940625
2026-07-28 11:13:56,304 [INFO] aiogram.event: Update id=226639045 is handled. Duration 490 ms by bot id=8931940625
2026-07-28 11:13:58,880 [INFO] aiogram.event: Update id=226639046 is handled. Duration 497 ms by bot id=8931940625
2026-07-28 11:14:17,630 [INFO] aiogram.event: Update id=226639047 is handled. Duration 531 ms by bot id=8931940625
2026-07-28 11:14:24,607 [INFO] aiogram.event: Update id=226639048 is handled. Duration 421 ms by bot id=8931940625
2026-07-28 11:41:28,768 [INFO] aiogram.event: Update id=226639049 is handled. Duration 497 ms by bot id=8931940625
2026-07-28 11:41:30,758 [INFO] aiogram.event: Update id=226639050 is handled. Duration 345 ms by bot id=8931940625
2026-07-28 11:52:55,741 [INFO] aiogram.event: Update id=226639051 is handled. Duration 184 ms by bot id=8931940625
2026-07-28 12:11:32,437 [INFO] aiogram.event: Update id=226639052 is handled. Duration 325 ms by bot id=8931940625
2026-07-28 12:11:33,725 [INFO] aiogram.event: Update id=226639053 is handled. Duration 331 ms by bot id=8931940625
2026-07-28 12:11:37,388 [INFO] aiogram.event: Update id=226639054 is handled. Duration 486 ms by bot id=8931940625
2026-07-28 12:11:39,317 [INFO] aiogram.event: Update id=226639055 is handled. Duration 524 ms by bot id=8931940625
2026-07-28 12:11:39,641 [INFO] aiogram.event: Update id=226639056 is handled. Duration 343 ms by bot id=8931940625
2026-07-28 12:11:40,418 [INFO] aiogram.event: Update id=226639057 is handled. Duration 201 ms by bot id=8931940625
2026-07-28 12:11:41,992 [INFO] aiogram.event: Update id=226639058 is handled. Duration 320 ms by bot id=8931940625
2026-07-28 12:11:43,051 [INFO] aiogram.event: Update id=226639059 is handled. Duration 331 ms by bot id=8931940625
2026-07-28 12:11:43,274 [INFO] aiogram.event: Update id=226639060 is handled. Duration 465 ms by bot id=8931940625
2026-07-28 12:11:44,550 [INFO] aiogram.event: Update id=226639061 is handled. Duration 333 ms by bot id=8931940625
2026-07-28 12:11:46,564 [INFO] aiogram.event: Update id=226639062 is handled. Duration 323 ms by bot id=8931940625
2026-07-28 12:11:46,693 [INFO] aiogram.event: Update id=226639063 is handled. Duration 334 ms by bot id=8931940625
2026-07-28 12:11:48,514 [INFO] aiogram.event: Update id=226639064 is handled. Duration 429 ms by bot id=8931940625
2026-07-28 12:11:52,500 [INFO] aiogram.event: Update id=226639065 is handled. Duration 444 ms by bot id=8931940625
2026-07-28 12:11:55,477 [INFO] aiogram.event: Update id=226639066 is handled. Duration 441 ms by bot id=8931940625
2026-07-28 12:11:58,271 [INFO] aiogram.event: Update id=226639067 is handled. Duration 448 ms by bot id=8931940625
2026-07-28 12:15:42,364 [INFO] aiogram.event: Update id=226639068 is handled. Duration 217 ms by bot id=8931940625
2026-07-28 12:19:40,449 [INFO] aiogram.event: Update id=226639069 is handled. Duration 331 ms by bot id=8931940625
2026-07-28 12:19:45,845 [INFO] aiogram.event: Update id=226639070 is handled. Duration 298 ms by bot id=8931940625
2026-07-28 12:19:50,485 [INFO] aiogram.event: Update id=226639071 is handled. Duration 343 ms by bot id=8931940625
2026-07-28 12:19:51,689 [INFO] aiogram.event: Update id=226639072 is handled. Duration 281 ms by bot id=8931940625
2026-07-28 12:19:53,333 [INFO] aiogram.event: Update id=226639073 is handled. Duration 322 ms by bot id=8931940625
2026-07-28 12:19:54,644 [INFO] aiogram.event: Update id=226639074 is handled. Duration 295 ms by bot id=8931940625
2026-07-28 12:19:56,656 [INFO] aiogram.event: Update id=226639075 is handled. Duration 310 ms by bot id=8931940625
2026-07-28 12:19:58,112 [INFO] aiogram.event: Update id=226639076 is handled. Duration 307 ms by bot id=8931940625
2026-07-28 12:19:59,517 [INFO] aiogram.event: Update id=226639077 is handled. Duration 329 ms by bot id=8931940625
2026-07-28 12:20:01,121 [INFO] aiogram.event: Update id=226639078 is handled. Duration 296 ms by bot id=8931940625
2026-07-28 12:20:02,638 [INFO] aiogram.event: Update id=226639079 is handled. Duration 303 ms by bot id=8931940625
2026-07-28 12:20:04,220 [INFO] aiogram.event: Update id=226639080 is handled. Duration 279 ms by bot id=8931940625
2026-07-28 12:20:07,581 [INFO] aiogram.event: Update id=226639081 is handled. Duration 309 ms by bot id=8931940625
2026-07-28 12:20:08,891 [INFO] aiogram.event: Update id=226639082 is handled. Duration 287 ms by bot id=8931940625
2026-07-28 12:20:10,704 [INFO] aiogram.event: Update id=226639083 is handled. Duration 288 ms by bot id=8931940625
2026-07-28 12:20:12,076 [INFO] aiogram.event: Update id=226639084 is handled. Duration 294 ms by bot id=8931940625
2026-07-28 12:20:13,049 [INFO] aiogram.event: Update id=226639085 is handled. Duration 340 ms by bot id=8931940625
2026-07-28 12:26:45,671 [INFO] aiogram.event: Update id=226639086 is handled. Duration 315 ms by bot id=8931940625
2026-07-28 12:27:34,101 [INFO] aiogram.event: Update id=226639087 is handled. Duration 182 ms by bot id=8931940625
2026-07-28 12:27:36,405 [INFO] aiogram.event: Update id=226639088 is handled. Duration 347 ms by bot id=8931940625
2026-07-28 12:27:45,342 [INFO] aiogram.event: Update id=226639089 is handled. Duration 331 ms by bot id=8931940625
2026-07-28 12:27:57,831 [INFO] aiogram.event: Update id=226639090 is handled. Duration 305 ms by bot id=8931940625
2026-07-28 12:28:18,727 [WARNING] utils.screen: show_screen edit error: Telegram server says - Bad Request: message is not modified: specified new message content and reply markup are exactly the same as a current content and reply markup of the message
2026-07-28 12:28:19,017 [INFO] aiogram.event: Update id=226639091 is handled. Duration 478 ms by bot id=8931940625
2026-07-28 12:28:21,297 [INFO] aiogram.event: Update id=226639092 is handled. Duration 470 ms by bot id=8931940625
2026-07-28 12:28:23,930 [INFO] aiogram.event: Update id=226639093 is handled. Duration 182 ms by bot id=8931940625
2026-07-28 12:30:30,864 [INFO] aiogram.event: Update id=226639094 is handled. Duration 332 ms by bot id=8931940625
2026-07-28 12:30:36,264 [INFO] aiogram.event: Update id=226639095 is handled. Duration 317 ms by bot id=8931940625
2026-07-28 12:30:41,183 [INFO] aiogram.event: Update id=226639096 is handled. Duration 310 ms by bot id=8931940625
2026-07-28 12:30:45,952 [INFO] aiogram.event: Update id=226639097 is handled. Duration 331 ms by bot id=8931940625
2026-07-28 12:30:48,809 [INFO] aiogram.event: Update id=226639098 is handled. Duration 301 ms by bot id=8931940625
2026-07-28 12:30:50,574 [INFO] aiogram.event: Update id=226639099 is handled. Duration 317 ms by bot id=8931940625
2026-07-28 12:30:53,963 [INFO] aiogram.event: Update id=226639100 is handled. Duration 280 ms by bot id=8931940625
2026-07-28 12:31:01,460 [INFO] aiogram.event: Update id=226639101 is handled. Duration 323 ms by bot id=8931940625
2026-07-28 12:31:03,414 [INFO] aiogram.event: Update id=226639102 is handled. Duration 283 ms by bot id=8931940625
2026-07-28 12:31:05,312 [INFO] aiogram.event: Update id=226639103 is handled. Duration 338 ms by bot id=8931940625
2026-07-28 12:31:07,545 [INFO] aiogram.event: Update id=226639104 is handled. Duration 331 ms by bot id=8931940625
2026-07-28 12:31:09,085 [INFO] aiogram.event: Update id=226639105 is handled. Duration 311 ms by bot id=8931940625
2026-07-28 12:31:13,103 [INFO] aiogram.event: Update id=226639106 is handled. Duration 320 ms by bot id=8931940625
2026-07-28 12:31:16,287 [INFO] aiogram.event: Update id=226639107 is handled. Duration 320 ms by bot id=8931940625
2026-07-28 12:31:17,997 [INFO] aiogram.event: Update id=226639108 is handled. Duration 306 ms by bot id=8931940625
2026-07-28 12:31:19,487 [INFO] aiogram.event: Update id=226639109 is handled. Duration 317 ms by bot id=8931940625
2026-07-28 12:31:20,814 [INFO] aiogram.event: Update id=226639110 is handled. Duration 293 ms by bot id=8931940625
2026-07-28 12:31:23,081 [INFO] aiogram.event: Update id=226639111 is handled. Duration 318 ms by bot id=8931940625
2026-07-28 12:31:25,966 [INFO] aiogram.event: Update id=226639112 is handled. Duration 312 ms by bot id=8931940625
2026-07-28 12:31:27,085 [INFO] aiogram.event: Update id=226639113 is handled. Duration 175 ms by bot id=8931940625
2026-07-28 12:41:35,371 [INFO] aiogram.event: Update id=226639114 is handled. Duration 314 ms by bot id=8931940625
2026-07-28 12:41:37,751 [INFO] aiogram.event: Update id=226639115 is handled. Duration 309 ms by bot id=8931940625
2026-07-28 12:41:41,138 [INFO] aiogram.event: Update id=226639116 is handled. Duration 306 ms by bot id=8931940625
2026-07-28 12:41:46,796 [INFO] aiogram.event: Update id=226639117 is handled. Duration 303 ms by bot id=8931940625
2026-07-28 12:41:48,281 [INFO] aiogram.event: Update id=226639118 is handled. Duration 269 ms by bot id=8931940625
2026-07-28 12:41:50,125 [INFO] aiogram.event: Update id=226639119 is handled. Duration 293 ms by bot id=8931940625
2026-07-28 12:41:52,109 [INFO] aiogram.event: Update id=226639120 is handled. Duration 343 ms by bot id=8931940625
2026-07-28 12:41:53,831 [INFO] aiogram.event: Update id=226639121 is handled. Duration 279 ms by bot id=8931940625
2026-07-28 12:42:22,418 [INFO] aiogram.event: Update id=226639122 is handled. Duration 153 ms by bot id=8931940625
2026-07-28 12:42:32,086 [INFO] aiogram.event: Update id=226639123 is handled. Duration 454 ms by bot id=8931940625
2026-07-28 12:42:33,795 [INFO] aiogram.event: Update id=226639124 is handled. Duration 280 ms by bot id=8931940625
2026-07-28 12:42:57,732 [INFO] aiogram.event: Update id=226639125 is handled. Duration 148 ms by bot id=8931940625
2026-07-28 12:42:59,425 [INFO] aiogram.event: Update id=226639126 is handled. Duration 430 ms by bot id=8931940625
2026-07-28 12:43:01,263 [INFO] aiogram.event: Update id=226639127 is handled. Duration 337 ms by bot id=8931940625
2026-07-28 12:47:54,642 [INFO] aiogram.event: Update id=226639128 is handled. Duration 188 ms by bot id=8931940625
2026-07-28 12:47:56,875 [INFO] aiogram.event: Update id=226639129 is handled. Duration 299 ms by bot id=8931940625
2026-07-28 12:47:58,324 [INFO] aiogram.event: Update id=226639130 is handled. Duration 315 ms by bot id=8931940625
2026-07-28 12:48:05,056 [INFO] aiogram.event: Update id=226639131 is handled. Duration 304 ms by bot id=8931940625
2026-07-28 12:48:06,254 [INFO] aiogram.event: Update id=226639132 is handled. Duration 307 ms by bot id=8931940625
2026-07-28 12:48:07,957 [INFO] aiogram.event: Update id=226639133 is handled. Duration 294 ms by bot id=8931940625
2026-07-28 12:48:09,363 [INFO] aiogram.event: Update id=226639134 is handled. Duration 310 ms by bot id=8931940625
2026-07-28 12:48:12,588 [INFO] aiogram.event: Update id=226639135 is handled. Duration 310 ms by bot id=8931940625
2026-07-28 12:48:19,541 [INFO] aiogram.event: Update id=226639136 is handled. Duration 459 ms by bot id=8931940625
2026-07-28 12:48:20,754 [INFO] aiogram.event: Update id=226639137 is handled. Duration 284 ms by bot id=8931940625
2026-07-28 12:48:25,546 [INFO] aiogram.event: Update id=226639138 is handled. Duration 445 ms by bot id=8931940625
2026-07-28 12:48:26,615 [INFO] aiogram.event: Update id=226639139 is handled. Duration 309 ms by bot id=8931940625
2026-07-28 12:48:29,385 [INFO] aiogram.event: Update id=226639140 is handled. Duration 296 ms by bot id=8931940625
2026-07-28 12:48:30,707 [INFO] aiogram.event: Update id=226639141 is handled. Duration 288 ms by bot id=8931940625
2026-07-28 12:48:32,398 [INFO] aiogram.event: Update id=226639142 is handled. Duration 312 ms by bot id=8931940625
2026-07-28 12:48:33,497 [INFO] aiogram.event: Update id=226639143 is handled. Duration 289 ms by bot id=8931940625
2026-07-28 12:48:34,754 [INFO] aiogram.event: Update id=226639144 is handled. Duration 296 ms by bot id=8931940625
2026-07-28 12:48:38,656 [INFO] aiogram.event: Update id=226639145 is handled. Duration 153 ms by bot id=8931940625
2026-07-28 12:56:43,678 [INFO] aiogram.event: Update id=226639146 is handled. Duration 209 ms by bot id=8931940625
2026-07-28 12:56:47,533 [INFO] aiogram.event: Update id=226639147 is handled. Duration 291 ms by bot id=8931940625
2026-07-28 12:56:56,159 [INFO] aiogram.event: Update id=226639148 is handled. Duration 317 ms by bot id=8931940625
2026-07-28 12:57:02,221 [INFO] aiogram.event: Update id=226639149 is handled. Duration 285 ms by bot id=8931940625
2026-07-28 12:57:14,227 [INFO] aiogram.event: Update id=226639150 is handled. Duration 427 ms by bot id=8931940625
2026-07-28 12:57:19,684 [INFO] aiogram.event: Update id=226639151 is handled. Duration 340 ms by bot id=8931940625
2026-07-28 12:57:35,487 [INFO] aiogram.event: Update id=226639152 is handled. Duration 461 ms by bot id=8931940625
2026-07-28 12:57:39,302 [INFO] aiogram.event: Update id=226639153 is handled. Duration 305 ms by bot id=8931940625
2026-07-28 12:57:41,683 [INFO] aiogram.event: Update id=226639154 is handled. Duration 283 ms by bot id=8931940625
2026-07-28 12:57:50,173 [INFO] aiogram.event: Update id=226639155 is handled. Duration 172 ms by bot id=8931940625
2026-07-28 13:25:25,769 [INFO] aiogram.event: Update id=226639156 is handled. Duration 473 ms by bot id=8931940625
2026-07-28 13:26:02,081 [INFO] aiogram.event: Update id=226639157 is handled. Duration 355 ms by bot id=8931940625
2026-07-28 13:26:11,478 [INFO] aiogram.event: Update id=226639158 is handled. Duration 179 ms by bot id=8931940625
2026-07-28 13:26:14,248 [INFO] aiogram.event: Update id=226639159 is handled. Duration 319 ms by bot id=8931940625
2026-07-28 13:26:18,095 [INFO] aiogram.event: Update id=226639160 is handled. Duration 318 ms by bot id=8931940625
2026-07-28 13:26:19,436 [INFO] aiogram.event: Update id=226639161 is handled. Duration 325 ms by bot id=8931940625
2026-07-28 13:26:33,545 [INFO] aiogram.event: Update id=226639162 is handled. Duration 426 ms by bot id=8931940625
2026-07-28 13:26:45,149 [INFO] aiogram.event: Update id=226639163 is handled. Duration 436 ms by bot id=8931940625
2026-07-28 13:26:47,137 [INFO] aiogram.event: Update id=226639164 is handled. Duration 405 ms by bot id=8931940625
2026-07-28 13:27:03,490 [INFO] aiogram.event: Update id=226639165 is handled. Duration 514 ms by bot id=8931940625
2026-07-28 13:28:38,567 [INFO] aiogram.event: Update id=226639166 is handled. Duration 194 ms by bot id=8931940625
2026-07-28 13:28:41,139 [INFO] aiogram.event: Update id=226639167 is handled. Duration 326 ms by bot id=8931940625
2026-07-28 13:28:44,591 [INFO] aiogram.event: Update id=226639168 is handled. Duration 424 ms by bot id=8931940625
2026-07-28 13:28:49,867 [INFO] aiogram.event: Update id=226639169 is handled. Duration 483 ms by bot id=8931940625
2026-07-28 13:28:52,208 [INFO] aiogram.event: Update id=226639170 is handled. Duration 309 ms by bot id=8931940625
2026-07-28 13:28:53,983 [INFO] aiogram.event: Update id=226639171 is handled. Duration 319 ms by bot id=8931940625
2026-07-28 13:28:56,439 [INFO] aiogram.event: Update id=226639172 is handled. Duration 335 ms by bot id=8931940625
2026-07-28 13:28:58,034 [INFO] aiogram.event: Update id=226639173 is handled. Duration 314 ms by bot id=8931940625
2026-07-28 13:32:08,247 [INFO] aiogram.event: Update id=226639174 is handled. Duration 310 ms by bot id=8931940625
2026-07-28 13:32:15,041 [INFO] aiogram.event: Update id=226639175 is handled. Duration 431 ms by bot id=8931940625
2026-07-28 13:32:22,676 [INFO] aiogram.event: Update id=226639176 is handled. Duration 282 ms by bot id=8931940625
2026-07-28 13:32:31,818 [INFO] aiogram.event: Update id=226639177 is not handled. Duration 5 ms by bot id=8931940625
2026-07-28 13:32:35,660 [INFO] aiogram.event: Update id=226639178 is handled. Duration 170 ms by bot id=8931940625
2026-07-28 13:45:17,208 [INFO] aiogram.event: Update id=226639179 is handled. Duration 212 ms by bot id=8931940625
2026-07-28 13:45:22,157 [INFO] aiogram.event: Update id=226639180 is handled. Duration 332 ms by bot id=8931940625
2026-07-28 13:45:24,377 [INFO] aiogram.event: Update id=226639181 is handled. Duration 294 ms by bot id=8931940625
2026-07-28 13:45:33,092 [INFO] aiogram.event: Update id=226639182 is handled. Duration 187 ms by bot id=8931940625
2026-07-28 13:46:05,062 [INFO] aiogram.event: Update id=226639183 is handled. Duration 323 ms by bot id=8931940625
2026-07-28 13:46:06,957 [INFO] aiogram.event: Update id=226639184 is handled. Duration 336 ms by bot id=8931940625
2026-07-28 13:46:09,233 [INFO] aiogram.event: Update id=226639185 is handled. Duration 169 ms by bot id=8931940625
2026-07-28 13:46:11,609 [INFO] aiogram.event: Update id=226639186 is handled. Duration 339 ms by bot id=8931940625
2026-07-28 14:03:37,046 [INFO] aiogram.event: Update id=226639187 is not handled. Duration 7 ms by bot id=8931940625
2026-07-28 14:03:38,419 [INFO] aiogram.event: Update id=226639188 is handled. Duration 433 ms by bot id=8931940625
2026-07-28 14:03:43,435 [INFO] aiogram.event: Update id=226639189 is handled. Duration 495 ms by bot id=8931940625
2026-07-28 14:07:30,889 [INFO] aiogram.event: Update id=226639190 is handled. Duration 475 ms by bot id=8931940625
2026-07-28 14:08:04,401 [INFO] aiogram.event: Update id=226639191 is handled. Duration 303 ms by bot id=8931940625
2026-07-28 14:08:06,843 [INFO] aiogram.event: Update id=226639192 is handled. Duration 296 ms by bot id=8931940625
2026-07-28 14:08:08,685 [INFO] aiogram.event: Update id=226639193 is handled. Duration 174 ms by bot id=8931940625
2026-07-28 14:08:10,418 [INFO] aiogram.event: Update id=226639194 is handled. Duration 351 ms by bot id=8931940625
2026-07-28 14:08:12,907 [INFO] aiogram.event: Update id=226639195 is handled. Duration 429 ms by bot id=8931940625
2026-07-28 14:08:15,775 [INFO] aiogram.event: Update id=226639196 is handled. Duration 552 ms by bot id=8931940625
2026-07-28 14:25:37,991 [INFO] aiogram.event: Update id=226639197 is handled. Duration 809 ms by bot id=8931940625
2026-07-28 14:32:13,097 [INFO] aiogram.event: Update id=226639198 is handled. Duration 191 ms by bot id=8931940625
2026-07-28 15:02:45,332 [INFO] aiogram.event: Update id=226639199 is handled. Duration 513 ms by bot id=8931940625
2026-07-28 15:02:53,494 [INFO] aiogram.event: Update id=226639200 is handled. Duration 512 ms by bot id=8931940625
2026-07-28 15:02:58,890 [INFO] aiogram.event: Update id=226639201 is handled. Duration 190 ms by bot id=8931940625
2026-07-28 15:03:00,646 [INFO] aiogram.event: Update id=226639202 is handled. Duration 319 ms by bot id=8931940625
2026-07-28 15:03:03,486 [INFO] aiogram.event: Update id=226639203 is handled. Duration 331 ms by bot id=8931940625
2026-07-28 15:03:06,150 [INFO] aiogram.event: Update id=226639204 is handled. Duration 165 ms by bot id=8931940625
2026-07-28 15:23:18,639 [INFO] aiogram.event: Update id=226639205 is handled. Duration 322 ms by bot id=8931940625
2026-07-28 15:23:33,712 [INFO] aiogram.event: Update id=226639206 is handled. Duration 321 ms by bot id=8931940625
2026-07-28 15:23:44,258 [INFO] aiogram.event: Update id=226639207 is handled. Duration 360 ms by bot id=8931940625
2026-07-28 16:13:18,258 [INFO] aiogram.event: Update id=226639208 is handled. Duration 607 ms by bot id=8931940625
2026-07-28 16:13:21,686 [INFO] aiogram.event: Update id=226639209 is handled. Duration 300 ms by bot id=8931940625
2026-07-28 16:13:24,720 [INFO] aiogram.event: Update id=226639210 is handled. Duration 323 ms by bot id=8931940625
2026-07-28 16:13:27,329 [INFO] aiogram.event: Update id=226639211 is handled. Duration 1371 ms by bot id=8931940625
2026-07-28 16:16:06,655 [INFO] aiogram.event: Update id=226639212 is handled. Duration 193 ms by bot id=8931940625
2026-07-28 16:16:11,162 [INFO] aiogram.event: Update id=226639213 is handled. Duration 355 ms by bot id=8931940625
2026-07-28 16:16:15,323 [INFO] aiogram.event: Update id=226639214 is handled. Duration 318 ms by bot id=8931940625
2026-07-28 16:16:22,117 [INFO] aiogram.event: Update id=226639215 is handled. Duration 170 ms by bot id=8931940625
2026-07-28 16:16:44,696 [INFO] aiogram.event: Update id=226639216 is handled. Duration 320 ms by bot id=8931940625
2026-07-28 16:16:47,148 [INFO] aiogram.event: Update id=226639217 is handled. Duration 311 ms by bot id=8931940625
2026-07-28 16:16:55,591 [INFO] aiogram.event: Update id=226639218 is handled. Duration 304 ms by bot id=8931940625
2026-07-28 16:16:57,814 [INFO] aiogram.event: Update id=226639219 is handled. Duration 321 ms by bot id=8931940625
2026-07-28 16:16:59,754 [INFO] aiogram.event: Update id=226639220 is handled. Duration 338 ms by bot id=8931940625
2026-07-28 16:17:02,393 [INFO] aiogram.event: Update id=226639221 is handled. Duration 166 ms by bot id=8931940625
2026-07-28 16:17:11,854 [INFO] aiogram.event: Update id=226639222 is handled. Duration 327 ms by bot id=8931940625
2026-07-28 16:17:16,420 [INFO] aiogram.event: Update id=226639223 is handled. Duration 177 ms by bot id=8931940625
2026-07-28 16:17:26,739 [INFO] aiogram.event: Update id=226639224 is handled. Duration 315 ms by bot id=8931940625
2026-07-28 16:17:29,560 [INFO] aiogram.event: Update id=226639225 is handled. Duration 323 ms by bot id=8931940625
2026-07-28 16:17:33,141 [INFO] aiogram.event: Update id=226639226 is handled. Duration 329 ms by bot id=8931940625
2026-07-28 16:17:35,808 [INFO] aiogram.event: Update id=226639227 is handled. Duration 340 ms by bot id=8931940625
2026-07-28 16:17:40,142 [INFO] aiogram.event: Update id=226639228 is handled. Duration 293 ms by bot id=8931940625
2026-07-28 16:17:43,023 [INFO] aiogram.event: Update id=226639229 is handled. Duration 299 ms by bot id=8931940625
2026-07-28 16:17:52,326 [INFO] aiogram.event: Update id=226639230 is handled. Duration 434 ms by bot id=8931940625
2026-07-28 16:17:54,391 [INFO] aiogram.event: Update id=226639231 is handled. Duration 297 ms by bot id=8931940625
2026-07-28 17:11:35,699 [INFO] aiogram.event: Update id=226639232 is handled. Duration 219 ms by bot id=8931940625
2026-07-28 17:11:41,850 [INFO] aiogram.event: Update id=226639233 is handled. Duration 314 ms by bot id=8931940625
2026-07-28 17:13:17,416 [INFO] aiogram.event: Update id=226639234 is handled. Duration 205 ms by bot id=8931940625
2026-07-28 17:13:21,197 [INFO] aiogram.event: Update id=226639235 is handled. Duration 338 ms by bot id=8931940625
2026-07-28 17:13:26,108 [INFO] aiogram.event: Update id=226639236 is handled. Duration 839 ms by bot id=8931940625
2026-07-28 17:27:11,548 [INFO] aiogram.event: Update id=226639237 is handled. Duration 360 ms by bot id=8931940625
2026-07-28 17:27:13,595 [INFO] aiogram.event: Update id=226639238 is handled. Duration 315 ms by bot id=8931940625
2026-07-28 17:33:41,757 [INFO] aiogram.event: Update id=226639239 is handled. Duration 302 ms by bot id=8931940625
2026-07-28 17:33:43,764 [INFO] aiogram.event: Update id=226639240 is handled. Duration 353 ms by bot id=8931940625
2026-07-28 17:51:05,856 [INFO] aiogram.event: Update id=226639241 is handled. Duration 206 ms by bot id=8931940625
2026-07-28 17:51:15,440 [INFO] aiogram.event: Update id=226639242 is handled. Duration 320 ms by bot id=8931940625
2026-07-28 17:51:25,506 [INFO] aiogram.event: Update id=226639243 is handled. Duration 305 ms by bot id=8931940625
2026-07-28 17:51:38,811 [INFO] aiogram.event: Update id=226639244 is handled. Duration 302 ms by bot id=8931940625
2026-07-28 17:51:40,381 [INFO] aiogram.event: Update id=226639245 is handled. Duration 346 ms by bot id=8931940625
2026-07-28 17:51:42,214 [INFO] aiogram.event: Update id=226639246 is handled. Duration 330 ms by bot id=8931940625
2026-07-28 17:51:45,485 [INFO] aiogram.event: Update id=226639247 is handled. Duration 468 ms by bot id=8931940625
2026-07-28 17:52:13,177 [INFO] aiogram.event: Update id=226639248 is not handled. Duration 15 ms by bot id=8931940625
2026-07-28 17:52:23,983 [INFO] aiogram.event: Update id=226639249 is handled. Duration 464 ms by bot id=8931940625
2026-07-28 17:52:29,580 [INFO] aiogram.event: Update id=226639250 is handled. Duration 471 ms by bot id=8931940625
2026-07-28 17:54:17,897 [INFO] aiogram.event: Update id=226639251 is handled. Duration 370 ms by bot id=8931940625
2026-07-28 17:54:20,253 [INFO] aiogram.event: Update id=226639252 is handled. Duration 332 ms by bot id=8931940625
2026-07-28 17:54:24,523 [INFO] aiogram.event: Update id=226639253 is handled. Duration 305 ms by bot id=8931940625
2026-07-28 18:12:30,919 [INFO] aiogram.event: Update id=226639254 is handled. Duration 750 ms by bot id=8931940625
2026-07-28 18:12:33,432 [INFO] aiogram.event: Update id=226639255 is handled. Duration 453 ms by bot id=8931940625
2026-07-28 18:12:36,649 [INFO] aiogram.event: Update id=226639256 is handled. Duration 486 ms by bot id=8931940625
2026-07-28 18:12:41,372 [INFO] aiogram.event: Update id=226639257 is handled. Duration 473 ms by bot id=8931940625
2026-07-28 18:12:44,293 [INFO] aiogram.event: Update id=226639258 is handled. Duration 487 ms by bot id=8931940625
2026-07-28 18:12:50,874 [INFO] aiogram.event: Update id=226639259 is handled. Duration 571 ms by bot id=8931940625
2026-07-28 18:13:45,327 [INFO] aiogram.event: Update id=226639260 is handled. Duration 480 ms by bot id=8931940625
2026-07-28 18:13:56,998 [INFO] aiogram.event: Update id=226639261 is handled. Duration 340 ms by bot id=8931940625
2026-07-28 18:13:58,807 [INFO] aiogram.event: Update id=226639262 is handled. Duration 303 ms by bot id=8931940625
2026-07-28 18:14:00,637 [INFO] aiogram.event: Update id=226639263 is handled. Duration 304 ms by bot id=8931940625
2026-07-28 18:14:03,896 [INFO] aiogram.event: Update id=226639264 is handled. Duration 307 ms by bot id=8931940625
2026-07-28 18:14:05,161 [INFO] aiogram.event: Update id=226639265 is handled. Duration 304 ms by bot id=8931940625
2026-07-28 18:14:07,839 [INFO] aiogram.event: Update id=226639266 is handled. Duration 298 ms by bot id=8931940625
2026-07-28 18:14:09,388 [INFO] aiogram.event: Update id=226639267 is handled. Duration 299 ms by bot id=8931940625
2026-07-28 18:14:10,748 [INFO] aiogram.event: Update id=226639268 is handled. Duration 303 ms by bot id=8931940625
2026-07-28 18:14:15,301 [INFO] aiogram.event: Update id=226639269 is handled. Duration 327 ms by bot id=8931940625
2026-07-28 18:14:18,351 [INFO] aiogram.event: Update id=226639270 is handled. Duration 339 ms by bot id=8931940625
2026-07-28 18:14:20,704 [INFO] aiogram.event: Update id=226639271 is handled. Duration 324 ms by bot id=8931940625
2026-07-28 18:14:26,040 [INFO] aiogram.event: Update id=226639272 is handled. Duration 329 ms by bot id=8931940625
2026-07-28 18:14:27,828 [INFO] aiogram.event: Update id=226639273 is handled. Duration 366 ms by bot id=8931940625
2026-07-28 18:14:34,627 [INFO] aiogram.event: Update id=226639274 is handled. Duration 491 ms by bot id=8931940625
2026-07-28 18:18:00,884 [INFO] aiogram.event: Update id=226639275 is handled. Duration 266 ms by bot id=8931940625
2026-07-28 18:18:03,280 [INFO] aiogram.event: Update id=226639276 is handled. Duration 327 ms by bot id=8931940625
2026-07-28 18:18:08,133 [INFO] aiogram.event: Update id=226639277 is handled. Duration 316 ms by bot id=8931940625
2026-07-28 18:18:12,111 [INFO] aiogram.event: Update id=226639278 is handled. Duration 185 ms by bot id=8931940625
2026-07-28 18:19:11,943 [INFO] aiogram.event: Update id=226639279 is handled. Duration 310 ms by bot id=8931940625
2026-07-28 18:19:16,573 [INFO] aiogram.event: Update id=226639280 is handled. Duration 311 ms by bot id=8931940625
2026-07-28 18:19:28,846 [INFO] aiogram.event: Update id=226639281 is handled. Duration 471 ms by bot id=8931940625
2026-07-28 18:19:33,960 [INFO] aiogram.event: Update id=226639282 is handled. Duration 187 ms by bot id=8931940625
2026-07-28 18:42:30,588 [INFO] aiogram.event: Update id=226639283 is handled. Duration 294 ms by bot id=8931940625
2026-07-28 18:42:32,194 [INFO] aiogram.event: Update id=226639284 is handled. Duration 358 ms by bot id=8931940625
2026-07-28 18:42:33,975 [INFO] aiogram.event: Update id=226639285 is handled. Duration 346 ms by bot id=8931940625
2026-07-28 18:42:36,193 [INFO] aiogram.event: Update id=226639286 is handled. Duration 348 ms by bot id=8931940625
2026-07-28 18:54:14,401 [INFO] aiogram.event: Update id=226639287 is handled. Duration 342 ms by bot id=8931940625
2026-07-28 18:54:31,895 [INFO] aiogram.event: Update id=226639288 is handled. Duration 315 ms by bot id=8931940625
2026-07-28 18:54:34,818 [INFO] aiogram.event: Update id=226639289 is handled. Duration 300 ms by bot id=8931940625
2026-07-28 19:09:26,354 [INFO] aiogram.event: Update id=226639290 is handled. Duration 315 ms by bot id=8931940625
2026-07-28 19:33:11,174 [INFO] aiogram.event: Update id=226639291 is handled. Duration 639 ms by bot id=8931940625
2026-07-28 19:33:13,565 [INFO] aiogram.event: Update id=226639292 is handled. Duration 348 ms by bot id=8931940625
2026-07-28 19:33:17,965 [INFO] aiogram.event: Update id=226639293 is handled. Duration 182 ms by bot id=8931940625
2026-07-28 19:33:40,292 [INFO] aiogram.event: Update id=226639294 is handled. Duration 319 ms by bot id=8931940625
2026-07-28 20:17:37,834 [INFO] aiogram.event: Update id=226639295 is handled. Duration 228 ms by bot id=8931940625
2026-07-28 20:17:40,902 [INFO] aiogram.event: Update id=226639296 is handled. Duration 329 ms by bot id=8931940625
2026-07-28 20:17:53,651 [INFO] aiogram.event: Update id=226639297 is handled. Duration 314 ms by bot id=8931940625
2026-07-28 20:18:02,276 [INFO] aiogram.event: Update id=226639298 is handled. Duration 307 ms by bot id=8931940625
2026-07-28 20:18:10,920 [INFO] aiogram.event: Update id=226639299 is handled. Duration 303 ms by bot id=8931940625
2026-07-28 20:18:13,320 [INFO] aiogram.event: Update id=226639300 is handled. Duration 374 ms by bot id=8931940625
2026-07-28 20:18:14,917 [INFO] aiogram.event: Update id=226639301 is handled. Duration 318 ms by bot id=8931940625
2026-07-28 20:18:16,947 [INFO] aiogram.event: Update id=226639302 is handled. Duration 340 ms by bot id=8931940625
2026-07-28 20:19:18,016 [INFO] aiogram.event: Update id=226639303 is handled. Duration 469 ms by bot id=8931940625
2026-07-28 20:19:28,155 [INFO] aiogram.event: Update id=226639304 is handled. Duration 495 ms by bot id=8931940625
2026-07-28 20:19:33,373 [INFO] aiogram.event: Update id=226639305 is handled. Duration 457 ms by bot id=8931940625
2026-07-28 20:19:48,643 [INFO] aiogram.event: Update id=226639306 is handled. Duration 475 ms by bot id=8931940625
2026-07-28 20:19:55,515 [INFO] aiogram.event: Update id=226639307 is handled. Duration 432 ms by bot id=8931940625
2026-07-28 20:20:05,683 [INFO] aiogram.event: Update id=226639308 is handled. Duration 459 ms by bot id=8931940625
2026-07-28 20:20:20,171 [INFO] aiogram.event: Update id=226639309 is handled. Duration 437 ms by bot id=8931940625
2026-07-28 20:45:03,215 [INFO] aiogram.event: Update id=226639310 is handled. Duration 455 ms by bot id=8931940625
2026-07-28 20:45:05,418 [INFO] aiogram.event: Update id=226639311 is handled. Duration 309 ms by bot id=8931940625
2026-07-28 20:45:08,903 [INFO] aiogram.event: Update id=226639312 is handled. Duration 291 ms by bot id=8931940625
2026-07-28 20:45:11,133 [INFO] aiogram.event: Update id=226639313 is handled. Duration 293 ms by bot id=8931940625
2026-07-28 20:58:32,077 [INFO] aiogram.event: Update id=226639314 is handled. Duration 199 ms by bot id=8931940625
2026-07-28 20:58:41,933 [INFO] aiogram.event: Update id=226639315 is handled. Duration 323 ms by bot id=8931940625
2026-07-28 20:58:45,505 [INFO] aiogram.event: Update id=226639316 is handled. Duration 297 ms by bot id=8931940625
2026-07-28 20:59:00,045 [INFO] aiogram.event: Update id=226639317 is handled. Duration 299 ms by bot id=8931940625
2026-07-28 20:59:41,809 [INFO] aiogram.event: Update id=226639318 is handled. Duration 513 ms by bot id=8931940625
2026-07-28 20:59:50,817 [INFO] aiogram.event: Update id=226639319 is handled. Duration 428 ms by bot id=8931940625
2026-07-28 21:00:04,005 [INFO] aiogram.event: Update id=226639320 is handled. Duration 488 ms by bot id=8931940625
2026-07-28 21:14:16,526 [INFO] aiogram.event: Update id=226639321 is handled. Duration 185 ms by bot id=8931940625
2026-07-28 21:14:19,458 [INFO] aiogram.event: Update id=226639322 is handled. Duration 325 ms by bot id=8931940625
2026-07-28 21:14:26,313 [INFO] aiogram.event: Update id=226639323 is handled. Duration 302 ms by bot id=8931940625
2026-07-28 21:14:38,865 [INFO] aiogram.event: Update id=226639324 is handled. Duration 169 ms by bot id=8931940625
2026-07-28 22:06:15,680 [INFO] aiogram.event: Update id=226639325 is handled. Duration 752 ms by bot id=8931940625
2026-07-28 22:06:19,437 [INFO] aiogram.event: Update id=226639326 is handled. Duration 308 ms by bot id=8931940625
2026-07-28 22:06:26,086 [INFO] aiogram.event: Update id=226639327 is handled. Duration 339 ms by bot id=8931940625
2026-07-28 22:06:27,502 [INFO] aiogram.event: Update id=226639328 is handled. Duration 300 ms by bot id=8931940625
2026-07-28 22:06:28,415 [INFO] aiogram.event: Update id=226639329 is handled. Duration 307 ms by bot id=8931940625
2026-07-28 22:06:30,426 [INFO] aiogram.event: Update id=226639330 is handled. Duration 292 ms by bot id=8931940625
2026-07-28 22:06:31,890 [INFO] aiogram.event: Update id=226639331 is handled. Duration 299 ms by bot id=8931940625
2026-07-28 22:06:34,432 [INFO] aiogram.event: Update id=226639332 is handled. Duration 457 ms by bot id=8931940625
2026-07-28 23:17:50,112 [INFO] aiogram.event: Update id=226639333 is handled. Duration 454 ms by bot id=8931940625
2026-07-28 23:17:52,104 [INFO] aiogram.event: Update id=226639334 is handled. Duration 331 ms by bot id=8931940625
2026-07-28 23:17:54,315 [INFO] aiogram.event: Update id=226639335 is handled. Duration 307 ms by bot id=8931940625
2026-07-28 23:17:56,169 [INFO] aiogram.event: Update id=226639336 is handled. Duration 307 ms by bot id=8931940625
2026-07-29 01:11:29,997 [ERROR] aiogram.dispatcher: Failed to fetch updates - TelegramServerError: Telegram server says - Bad Gateway
2026-07-29 01:11:29,998 [WARNING] aiogram.dispatcher: Sleep for 1.000000 seconds and try again... (tryings = 0, bot id = 8931940625)
2026-07-29 01:11:31,016 [ERROR] aiogram.dispatcher: Failed to fetch updates - TelegramServerError: Telegram server says - Bad Gateway
2026-07-29 01:11:31,017 [WARNING] aiogram.dispatcher: Sleep for 1.375776 seconds and try again... (tryings = 1, bot id = 8931940625)
2026-07-29 01:12:43,369 [ERROR] aiogram.dispatcher: Failed to fetch updates - TelegramNetworkError: HTTP Client says - Request timeout error
2026-07-29 01:12:43,369 [WARNING] aiogram.dispatcher: Sleep for 1.768800 seconds and try again... (tryings = 2, bot id = 8931940625)
2026-07-29 01:13:27,207 [INFO] aiogram.dispatcher: Connection established (tryings = 3, bot id = 8931940625)
2026-07-29 01:19:42,184 [INFO] aiogram.event: Update id=226639337 is handled. Duration 240 ms by bot id=8931940625
2026-07-29 01:19:48,053 [INFO] aiogram.event: Update id=226639338 is handled. Duration 340 ms by bot id=8931940625
2026-07-29 01:19:49,916 [INFO] aiogram.event: Update id=226639339 is handled. Duration 451 ms by bot id=8931940625
2026-07-29 01:19:52,630 [INFO] aiogram.event: Update id=226639340 is handled. Duration 506 ms by bot id=8931940625
2026-07-29 01:44:25,225 [INFO] aiogram.event: Update id=226639341 is handled. Duration 214 ms by bot id=8931940625
2026-07-29 01:44:27,786 [INFO] aiogram.event: Update id=226639342 is handled. Duration 345 ms by bot id=8931940625
2026-07-29 01:44:30,258 [INFO] aiogram.event: Update id=226639343 is handled. Duration 312 ms by bot id=8931940625
2026-07-29 01:44:32,150 [INFO] aiogram.event: Update id=226639344 is handled. Duration 410 ms by bot id=8931940625
2026-07-29 01:44:33,640 [INFO] aiogram.event: Update id=226639345 is handled. Duration 328 ms by bot id=8931940625
2026-07-29 01:44:34,951 [INFO] aiogram.event: Update id=226639346 is handled. Duration 348 ms by bot id=8931940625
2026-07-29 01:44:37,844 [INFO] aiogram.event: Update id=226639347 is handled. Duration 323 ms by bot id=8931940625
2026-07-29 01:44:40,484 [INFO] aiogram.event: Update id=226639348 is handled. Duration 336 ms by bot id=8931940625
2026-07-29 01:44:42,431 [INFO] aiogram.event: Update id=226639349 is handled. Duration 316 ms by bot id=8931940625
2026-07-29 01:44:44,480 [INFO] aiogram.event: Update id=226639350 is handled. Duration 364 ms by bot id=8931940625
2026-07-29 01:44:48,145 [INFO] aiogram.event: Update id=226639351 is handled. Duration 329 ms by bot id=8931940625
2026-07-29 01:44:55,353 [INFO] aiogram.event: Update id=226639352 is handled. Duration 229 ms by bot id=8931940625
2026-07-29 01:45:07,911 [INFO] aiogram.event: Update id=226639353 is handled. Duration 328 ms by bot id=8931940625
2026-07-29 01:45:12,767 [INFO] aiogram.event: Update id=226639354 is handled. Duration 175 ms by bot id=8931940625
2026-07-29 03:05:57,729 [INFO] aiogram.event: Update id=226639355 is handled. Duration 504 ms by bot id=8931940625
2026-07-29 03:06:04,100 [INFO] aiogram.event: Update id=226639356 is handled. Duration 393 ms by bot id=8931940625
2026-07-29 04:09:20,938 [INFO] aiogram.event: Update id=226639357 is handled. Duration 595 ms by bot id=8931940625
2026-07-29 05:34:01,386 [INFO] aiogram.event: Update id=226639358 is handled. Duration 504 ms by bot id=8931940625
2026-07-29 05:34:10,628 [INFO] aiogram.event: Update id=226639359 is handled. Duration 355 ms by bot id=8931940625
2026-07-29 05:34:20,403 [INFO] aiogram.event: Update id=226639360 is handled. Duration 212 ms by bot id=8931940625
2026-07-29 05:34:27,482 [INFO] aiogram.event: Update id=226639361 is handled. Duration 362 ms by bot id=8931940625
2026-07-29 05:34:42,293 [INFO] aiogram.event: Update id=226639362 is handled. Duration 323 ms by bot id=8931940625
2026-07-29 05:49:40,302 [INFO] aiogram.event: Update id=226639363 is handled. Duration 340 ms by bot id=8931940625
2026-07-29 05:49:48,126 [INFO] aiogram.event: Update id=226639364 is handled. Duration 399 ms by bot id=8931940625
2026-07-29 05:49:50,835 [INFO] aiogram.event: Update id=226639365 is handled. Duration 370 ms by bot id=8931940625
2026-07-29 05:49:53,568 [INFO] aiogram.event: Update id=226639366 is handled. Duration 381 ms by bot id=8931940625
2026-07-29 05:49:56,564 [INFO] aiogram.event: Update id=226639367 is handled. Duration 355 ms by bot id=8931940625
2026-07-29 05:49:58,240 [INFO] aiogram.event: Update id=226639368 is handled. Duration 507 ms by bot id=8931940625
2026-07-29 05:50:04,112 [INFO] aiogram.event: Update id=226639369 is handled. Duration 185 ms by bot id=8931940625
2026-07-29 05:50:29,085 [INFO] aiogram.event: Update id=226639370 is handled. Duration 336 ms by bot id=8931940625
2026-07-29 05:50:32,705 [INFO] aiogram.event: Update id=226639371 is handled. Duration 389 ms by bot id=8931940625
2026-07-29 05:50:36,985 [INFO] aiogram.event: Update id=226639372 is handled. Duration 478 ms by bot id=8931940625
2026-07-29 05:50:59,809 [INFO] aiogram.event: Update id=226639373 is handled. Duration 348 ms by bot id=8931940625
2026-07-29 05:51:06,478 [INFO] aiogram.event: Update id=226639374 is handled. Duration 329 ms by bot id=8931940625
2026-07-29 05:51:21,286 [INFO] aiogram.event: Update id=226639375 is handled. Duration 343 ms by bot id=8931940625
2026-07-29 05:51:30,232 [INFO] aiogram.event: Update id=226639376 is handled. Duration 382 ms by bot id=8931940625
2026-07-29 05:51:38,350 [INFO] aiogram.event: Update id=226639377 is handled. Duration 331 ms by bot id=8931940625
2026-07-29 06:09:55,631 [INFO] aiogram.event: Update id=226639378 is handled. Duration 265 ms by bot id=8931940625
2026-07-29 06:10:04,347 [INFO] aiogram.event: Update id=226639379 is handled. Duration 331 ms by bot id=8931940625
2026-07-29 06:10:15,841 [INFO] aiogram.event: Update id=226639380 is handled. Duration 660 ms by bot id=8931940625
2026-07-29 06:10:22,703 [INFO] aiogram.event: Update id=226639381 is handled. Duration 367 ms by bot id=8931940625
2026-07-29 06:10:24,239 [INFO] aiogram.event: Update id=226639382 is handled. Duration 333 ms by bot id=8931940625
2026-07-29 06:10:25,646 [INFO] aiogram.event: Update id=226639383 is handled. Duration 344 ms by bot id=8931940625
2026-07-29 06:10:28,813 [INFO] aiogram.event: Update id=226639384 is handled. Duration 954 ms by bot id=8931940625
2026-07-29 06:10:33,506 [INFO] aiogram.event: Update id=226639385 is handled. Duration 526 ms by bot id=8931940625
2026-07-29 06:17:00,924 [INFO] aiogram.event: Update id=226639386 is handled. Duration 198 ms by bot id=8931940625
2026-07-29 06:17:06,430 [INFO] aiogram.event: Update id=226639387 is handled. Duration 347 ms by bot id=8931940625
2026-07-29 06:17:14,488 [INFO] aiogram.event: Update id=226639388 is handled. Duration 323 ms by bot id=8931940625
2026-07-29 06:17:18,234 [INFO] aiogram.event: Update id=226639389 is handled. Duration 191 ms by bot id=8931940625
2026-07-29 06:17:22,251 [INFO] aiogram.event: Update id=226639390 is handled. Duration 368 ms by bot id=8931940625
2026-07-29 06:17:28,642 [INFO] aiogram.event: Update id=226639391 is handled. Duration 474 ms by bot id=8931940625
2026-07-29 06:23:18,007 [INFO] aiogram.event: Update id=226639392 is handled. Duration 616 ms by bot id=8931940625
2026-07-29 07:11:12,494 [INFO] aiogram.event: Update id=226639393 is handled. Duration 477 ms by bot id=8931940625
2026-07-29 07:11:18,934 [INFO] aiogram.event: Update id=226639394 is handled. Duration 362 ms by bot id=8931940625
2026-07-29 07:11:22,681 [INFO] aiogram.event: Update id=226639395 is handled. Duration 318 ms by bot id=8931940625
2026-07-29 07:11:36,721 [INFO] aiogram.event: Update id=226639396 is handled. Duration 375 ms by bot id=8931940625
2026-07-29 07:40:45,871 [INFO] aiogram.event: Update id=226639397 is handled. Duration 211 ms by bot id=8931940625
2026-07-29 07:40:53,301 [INFO] aiogram.event: Update id=226639398 is handled. Duration 357 ms by bot id=8931940625
2026-07-29 07:40:56,590 [INFO] aiogram.event: Update id=226639399 is handled. Duration 333 ms by bot id=8931940625
2026-07-29 07:41:05,699 [INFO] aiogram.event: Update id=226639400 is handled. Duration 343 ms by bot id=8931940625
2026-07-29 07:41:17,452 [INFO] aiogram.event: Update id=226639401 is handled. Duration 320 ms by bot id=8931940625
2026-07-29 07:41:19,175 [INFO] aiogram.event: Update id=226639402 is handled. Duration 384 ms by bot id=8931940625
2026-07-29 07:41:22,369 [INFO] aiogram.event: Update id=226639403 is handled. Duration 322 ms by bot id=8931940625
2026-07-29 07:41:25,703 [INFO] aiogram.event: Update id=226639404 is handled. Duration 314 ms by bot id=8931940625
2026-07-29 08:03:34,364 [INFO] aiogram.event: Update id=226639405 is handled. Duration 186 ms by bot id=8931940625
2026-07-29 08:03:36,505 [INFO] aiogram.event: Update id=226639406 is handled. Duration 369 ms by bot id=8931940625
2026-07-29 08:03:39,087 [INFO] aiogram.event: Update id=226639407 is handled. Duration 318 ms by bot id=8931940625
2026-07-29 08:03:41,778 [INFO] aiogram.event: Update id=226639408 is handled. Duration 329 ms by bot id=8931940625
2026-07-29 08:03:57,729 [INFO] aiogram.event: Update id=226639409 is handled. Duration 495 ms by bot id=8931940625
2026-07-29 08:04:07,710 [INFO] aiogram.event: Update id=226639410 is handled. Duration 469 ms by bot id=8931940625
2026-07-29 08:06:25,930 [INFO] aiogram.event: Update id=226639411 is handled. Duration 664 ms by bot id=8931940625
2026-07-29 08:06:48,987 [INFO] aiogram.event: Update id=226639412 is handled. Duration 194 ms by bot id=8931940625
2026-07-29 08:06:53,070 [INFO] aiogram.event: Update id=226639413 is handled. Duration 321 ms by bot id=8931940625
2026-07-29 08:06:54,630 [INFO] aiogram.event: Update id=226639414 is handled. Duration 373 ms by bot id=8931940625
2026-07-29 08:06:55,975 [INFO] aiogram.event: Update id=226639415 is handled. Duration 393 ms by bot id=8931940625
2026-07-29 08:06:57,634 [INFO] aiogram.event: Update id=226639416 is handled. Duration 342 ms by bot id=8931940625
2026-07-29 08:20:33,010 [INFO] aiogram.event: Update id=226639417 is handled. Duration 816 ms by bot id=8931940625
2026-07-29 09:15:12,026 [INFO] aiogram.event: Update id=226639418 is handled. Duration 213 ms by bot id=8931940625
2026-07-29 09:15:17,173 [INFO] aiogram.event: Update id=226639419 is handled. Duration 309 ms by bot id=8931940625
2026-07-29 09:15:19,145 [INFO] aiogram.event: Update id=226639420 is handled. Duration 312 ms by bot id=8931940625
2026-07-29 09:15:20,726 [INFO] aiogram.event: Update id=226639421 is handled. Duration 317 ms by bot id=8931940625
2026-07-29 09:15:22,328 [INFO] aiogram.event: Update id=226639422 is handled. Duration 309 ms by bot id=8931940625
2026-07-29 09:55:01,899 [INFO] aiogram.event: Update id=226639423 is handled. Duration 626 ms by bot id=8931940625
2026-07-29 09:55:14,366 [INFO] aiogram.event: Update id=226639424 is handled. Duration 313 ms by bot id=8931940625
2026-07-29 09:55:15,905 [INFO] aiogram.event: Update id=226639425 is handled. Duration 353 ms by bot id=8931940625
2026-07-29 09:55:17,329 [INFO] aiogram.event: Update id=226639426 is handled. Duration 302 ms by bot id=8931940625
2026-07-29 09:55:18,740 [INFO] aiogram.event: Update id=226639427 is not handled. Duration 22 ms by bot id=8931940625
2026-07-29 10:26:26,921 [INFO] aiogram.event: Update id=226639428 is handled. Duration 240 ms by bot id=8931940625
2026-07-29 10:26:29,757 [INFO] aiogram.event: Update id=226639429 is handled. Duration 331 ms by bot id=8931940625
2026-07-29 10:26:38,628 [INFO] aiogram.event: Update id=226639430 is handled. Duration 663 ms by bot id=8931940625
2026-07-29 10:26:53,880 [INFO] aiogram.event: Update id=226639431 is handled. Duration 461 ms by bot id=8931940625
2026-07-29 10:26:58,565 [INFO] aiogram.event: Update id=226639432 is handled. Duration 471 ms by bot id=8931940625
2026-07-29 11:02:05,412 [INFO] aiogram.event: Update id=226639433 is handled. Duration 645 ms by bot id=8931940625
2026-07-29 11:33:25,380 [INFO] aiogram.event: Update id=226639434 is handled. Duration 267 ms by bot id=8931940625
2026-07-29 11:33:30,576 [INFO] aiogram.event: Update id=226639435 is handled. Duration 360 ms by bot id=8931940625
2026-07-29 11:33:39,031 [INFO] aiogram.event: Update id=226639436 is handled. Duration 324 ms by bot id=8931940625
2026-07-29 11:33:40,821 [INFO] aiogram.event: Update id=226639437 is handled. Duration 395 ms by bot id=8931940625
2026-07-29 11:33:47,042 [INFO] aiogram.event: Update id=226639438 is handled. Duration 311 ms by bot id=8931940625
2026-07-29 12:24:19,252 [INFO] aiogram.event: Update id=226639439 is handled. Duration 507 ms by bot id=8931940625
2026-07-29 12:24:28,727 [INFO] aiogram.event: Update id=226639440 is handled. Duration 309 ms by bot id=8931940625
2026-07-29 12:24:33,426 [INFO] aiogram.event: Update id=226639441 is handled. Duration 376 ms by bot id=8931940625
2026-07-29 12:24:39,199 [INFO] aiogram.event: Update id=226639442 is handled. Duration 308 ms by bot id=8931940625
2026-07-29 13:36:38,360 [INFO] aiogram.event: Update id=226639443 is handled. Duration 489 ms by bot id=8931940625
2026-07-29 13:36:40,666 [INFO] aiogram.event: Update id=226639444 is handled. Duration 378 ms by bot id=8931940625
2026-07-29 13:36:42,905 [INFO] aiogram.event: Update id=226639445 is handled. Duration 461 ms by bot id=8931940625
2026-07-29 15:10:55,397 [INFO] aiogram.event: Update id=226639446 is handled. Duration 502 ms by bot id=8931940625
2026-07-29 15:11:02,219 [INFO] aiogram.event: Update id=226639447 is handled. Duration 335 ms by bot id=8931940625
2026-07-29 18:51:44,854 [INFO] aiogram.event: Update id=226639448 is handled. Duration 506 ms by bot id=8931940625
2026-07-29 18:51:48,780 [INFO] aiogram.event: Update id=226639449 is handled. Duration 173 ms by bot id=8931940625
2026-07-29 18:51:51,246 [INFO] aiogram.event: Update id=226639450 is handled. Duration 336 ms by bot id=8931940625
2026-07-29 18:51:54,258 [INFO] aiogram.event: Update id=226639451 is handled. Duration 304 ms by bot id=8931940625
2026-07-29 18:51:56,770 [INFO] aiogram.event: Update id=226639452 is handled. Duration 298 ms by bot id=8931940625
2026-07-29 18:52:17,846 [INFO] aiogram.event: Update id=226639453 is handled. Duration 453 ms by bot id=8931940625
2026-07-29 18:52:22,148 [INFO] aiogram.event: Update id=226639454 is handled. Duration 323 ms by bot id=8931940625
2026-07-29 18:52:38,715 [INFO] aiogram.event: Update id=226639455 is handled. Duration 605 ms by bot id=8931940625
2026-07-29 18:52:42,558 [INFO] aiogram.event: Update id=226639456 is handled. Duration 376 ms by bot id=8931940625
2026-07-29 18:52:46,603 [INFO] aiogram.event: Update id=226639457 is handled. Duration 497 ms by bot id=8931940625
2026-07-29 18:55:27,408 [INFO] aiogram.event: Update id=226639458 is handled. Duration 437 ms by bot id=8931940625
2026-07-29 18:55:47,891 [INFO] aiogram.event: Update id=226639459 is handled. Duration 537 ms by bot id=8931940625
2026-07-29 19:03:29,686 [INFO] aiogram.event: Update id=226639460 is handled. Duration 582 ms by bot id=8931940625
2026-07-29 19:19:46,149 [INFO] aiogram.event: Update id=226639461 is handled. Duration 228 ms by bot id=8931940625
2026-07-29 19:19:54,270 [INFO] aiogram.event: Update id=226639462 is handled. Duration 353 ms by bot id=8931940625
2026-07-29 19:19:57,559 [INFO] aiogram.event: Update id=226639463 is handled. Duration 309 ms by bot id=8931940625
2026-07-29 20:32:37,138 [INFO] aiogram.event: Update id=226639464 is not handled. Duration 16 ms by bot id=8931940625
2026-07-30 01:11:35,971 [ERROR] aiogram.dispatcher: Failed to fetch updates - TelegramRetryAfter: Telegram server says - Flood control exceeded on method 'GetUpdates'. Retry in 5 seconds.
Original description: Too Many Requests: retry after 5
(background on this error at: https://core.telegram.org/bots/faq#my-bot-is-hitting-limits-how-do-i-avoid-this)
2026-07-30 01:11:35,973 [WARNING] aiogram.dispatcher: Sleep for 1.000000 seconds and try again... (tryings = 0, bot id = 8931940625)
2026-07-30 01:11:39,759 [ERROR] aiogram.dispatcher: Failed to fetch updates - TelegramServerError: Telegram server says - Bad Gateway
2026-07-30 01:11:39,760 [WARNING] aiogram.dispatcher: Sleep for 1.269917 seconds and try again... (tryings = 1, bot id = 8931940625)
2026-07-30 01:12:12,461 [INFO] aiogram.dispatcher: Connection established (tryings = 2, bot id = 8931940625)
2026-07-30 03:00:24,377 [INFO] aiogram.event: Update id=226639465 is handled. Duration 478 ms by bot id=8931940625
2026-07-30 03:00:27,628 [INFO] aiogram.event: Update id=226639466 is handled. Duration 325 ms by bot id=8931940625
2026-07-30 03:00:33,151 [INFO] aiogram.event: Update id=226639467 is handled. Duration 312 ms by bot id=8931940625
2026-07-30 03:00:35,942 [INFO] aiogram.event: Update id=226639468 is handled. Duration 171 ms by bot id=8931940625
2026-07-30 13:13:12,508 [INFO] aiogram.event: Update id=226639469 is handled. Duration 580 ms by bot id=8931940625
2026-07-30 13:13:14,348 [INFO] aiogram.event: Update id=226639470 is handled. Duration 333 ms by bot id=8931940625
2026-07-30 13:13:17,073 [INFO] aiogram.event: Update id=226639471 is handled. Duration 305 ms by bot id=8931940625
2026-07-30 13:13:22,327 [INFO] aiogram.event: Update id=226639472 is handled. Duration 341 ms by bot id=8931940625
2026-07-30 13:13:26,678 [INFO] aiogram.event: Update id=226639473 is handled. Duration 291 ms by bot id=8931940625
2026-07-30 13:13:29,724 [INFO] aiogram.event: Update id=226639474 is handled. Duration 324 ms by bot id=8931940625
2026-07-30 13:42:31,460 [INFO] aiogram.event: Update id=226639475 is handled. Duration 196 ms by bot id=8931940625
2026-07-30 13:42:33,650 [INFO] aiogram.event: Update id=226639476 is handled. Duration 303 ms by bot id=8931940625
2026-07-30 13:42:35,323 [INFO] aiogram.event: Update id=226639477 is handled. Duration 312 ms by bot id=8931940625
2026-07-30 14:24:20,948 [INFO] aiogram.event: Update id=226639478 is handled. Duration 497 ms by bot id=8931940625
2026-07-30 14:24:25,121 [INFO] aiogram.event: Update id=226639479 is handled. Duration 359 ms by bot id=8931940625
2026-07-30 14:24:35,381 [INFO] aiogram.event: Update id=226639480 is handled. Duration 347 ms by bot id=8931940625
2026-07-30 14:24:45,965 [INFO] aiogram.event: Update id=226639481 is handled. Duration 335 ms by bot id=8931940625
2026-07-30 14:24:47,782 [INFO] aiogram.event: Update id=226639482 is handled. Duration 305 ms by bot id=8931940625
2026-07-30 14:24:49,841 [INFO] aiogram.event: Update id=226639483 is handled. Duration 313 ms by bot id=8931940625
2026-07-30 14:24:52,648 [INFO] aiogram.event: Update id=226639484 is handled. Duration 480 ms by bot id=8931940625
2026-07-30 14:25:08,766 [INFO] aiogram.event: Update id=226639485 is handled. Duration 460 ms by bot id=8931940625
2026-07-30 14:25:14,804 [INFO] aiogram.event: Update id=226639486 is handled. Duration 354 ms by bot id=8931940625
2026-07-30 14:25:16,424 [INFO] aiogram.event: Update id=226639487 is handled. Duration 330 ms by bot id=8931940625
2026-07-30 14:25:18,950 [INFO] aiogram.event: Update id=226639488 is handled. Duration 316 ms by bot id=8931940625
2026-07-30 14:25:23,223 [INFO] aiogram.event: Update id=226639489 is handled. Duration 176 ms by bot id=8931940625
2026-07-31 01:11:35,456 [ERROR] aiogram.dispatcher: Failed to fetch updates - TelegramServerError: Telegram server says - Bad Gateway
2026-07-31 01:11:35,457 [WARNING] aiogram.dispatcher: Sleep for 1.000000 seconds and try again... (tryings = 0, bot id = 8931940625)
2026-07-31 01:11:36,468 [ERROR] aiogram.dispatcher: Failed to fetch updates - TelegramServerError: Telegram server says - Bad Gateway
2026-07-31 01:11:36,469 [WARNING] aiogram.dispatcher: Sleep for 1.210076 seconds and try again... (tryings = 1, bot id = 8931940625)
2026-07-31 01:12:39,967 [INFO] aiogram.dispatcher: Connection established (tryings = 2, bot id = 8931940625)
2026-07-31 07:36:02,040 [INFO] aiogram.event: Update id=226639490 is handled. Duration 468 ms by bot id=8931940625
2026-07-31 07:36:03,569 [INFO] aiogram.event: Update id=226639491 is handled. Duration 313 ms by bot id=8931940625
2026-07-31 07:38:15,290 [INFO] aiogram.event: Update id=226639492 is handled. Duration 327 ms by bot id=8931940625
2026-07-31 07:38:17,154 [INFO] aiogram.event: Update id=226639493 is handled. Duration 298 ms by bot id=8931940625
2026-07-31 07:46:15,002 [INFO] aiogram.event: Update id=226639494 is handled. Duration 181 ms by bot id=8931940625
2026-07-31 07:46:16,463 [INFO] aiogram.event: Update id=226639495 is handled. Duration 351 ms by bot id=8931940625
2026-07-31 07:46:17,900 [INFO] aiogram.event: Update id=226639496 is handled. Duration 314 ms by bot id=8931940625
2026-07-31 10:53:07,705 [INFO] aiogram.event: Update id=226639497 is handled. Duration 462 ms by bot id=8931940625
2026-07-31 10:53:10,621 [INFO] aiogram.event: Update id=226639498 is handled. Duration 315 ms by bot id=8931940625
2026-07-31 10:53:17,017 [INFO] aiogram.event: Update id=226639499 is handled. Duration 385 ms by bot id=8931940625
2026-07-31 10:53:20,435 [INFO] aiogram.event: Update id=226639500 is handled. Duration 312 ms by bot id=8931940625
2026-07-31 10:53:31,773 [INFO] aiogram.event: Update id=226639501 is handled. Duration 278 ms by bot id=8931940625
2026-07-31 13:57:00,009 [INFO] aiogram.event: Update id=226639502 is handled. Duration 511 ms by bot id=8931940625
2026-07-31 15:45:20,461 [INFO] aiogram.event: Update id=226639503 is handled. Duration 457 ms by bot id=8931940625
2026-07-31 15:45:33,765 [INFO] aiogram.event: Update id=226639504 is handled. Duration 329 ms by bot id=8931940625
2026-07-31 15:45:42,824 [INFO] aiogram.event: Update id=226639505 is handled. Duration 302 ms by bot id=8931940625
2026-07-31 15:45:56,451 [INFO] aiogram.event: Update id=226639506 is handled. Duration 303 ms by bot id=8931940625
2026-07-31 15:46:08,151 [INFO] aiogram.event: Update id=226639507 is handled. Duration 487 ms by bot id=8931940625
2026-07-31 15:47:43,530 [INFO] aiogram.event: Update id=226639508 is handled. Duration 345 ms by bot id=8931940625
2026-07-31 15:47:46,698 [INFO] aiogram.event: Update id=226639509 is handled. Duration 327 ms by bot id=8931940625
2026-07-31 15:47:50,210 [INFO] aiogram.event: Update id=226639510 is handled. Duration 367 ms by bot id=8931940625
2026-07-31 15:47:52,016 [INFO] aiogram.event: Update id=226639511 is handled. Duration 322 ms by bot id=8931940625
2026-07-31 15:47:59,709 [INFO] aiogram.event: Update id=226639512 is handled. Duration 226 ms by bot id=8931940625
2026-07-31 15:48:29,994 [INFO] aiogram.event: Update id=226639513 is handled. Duration 326 ms by bot id=8931940625
2026-07-31 16:49:06,012 [INFO] aiogram.event: Update id=226639514 is handled. Duration 678 ms by bot id=8931940625
2026-07-31 16:49:07,583 [INFO] aiogram.event: Update id=226639515 is handled. Duration 312 ms by bot id=8931940625
2026-07-31 16:49:09,303 [INFO] aiogram.event: Update id=226639516 is handled. Duration 354 ms by bot id=8931940625
2026-07-31 16:49:11,119 [INFO] aiogram.event: Update id=226639517 is handled. Duration 331 ms by bot id=8931940625
2026-07-31 16:49:12,287 [INFO] aiogram.event: Update id=226639518 is handled. Duration 305 ms by bot id=8931940625
2026-07-31 16:49:14,584 [WARNING] utils.screen: show_screen edit error: Telegram server says - Bad Request: message can't be deleted for everyone
2026-07-31 16:49:14,719 [INFO] aiogram.event: Update id=226639519 is handled. Duration 173 ms by bot id=8931940625
2026-07-31 16:50:50,873 [INFO] aiogram.event: Update id=226639520 is handled. Duration 438 ms by bot id=8931940625
2026-07-31 16:50:53,049 [INFO] aiogram.event: Update id=226639521 is handled. Duration 463 ms by bot id=8931940625
2026-07-31 16:50:54,828 [INFO] aiogram.event: Update id=226639522 is handled. Duration 282 ms by bot id=8931940625
2026-07-31 16:50:56,259 [INFO] aiogram.event: Update id=226639523 is handled. Duration 397 ms by bot id=8931940625
2026-07-31 16:50:57,811 [INFO] aiogram.event: Update id=226639524 is handled. Duration 305 ms by bot id=8931940625
2026-07-31 16:50:59,123 [INFO] aiogram.event: Update id=226639525 is handled. Duration 390 ms by bot id=8931940625
2026-07-31 16:51:01,183 [INFO] aiogram.event: Update id=226639526 is handled. Duration 403 ms by bot id=8931940625
2026-07-31 16:51:02,410 [INFO] aiogram.event: Update id=226639527 is handled. Duration 417 ms by bot id=8931940625
2026-07-31 16:51:03,543 [INFO] aiogram.event: Update id=226639528 is handled. Duration 317 ms by bot id=8931940625
2026-07-31 16:51:05,872 [INFO] aiogram.event: Update id=226639529 is handled. Duration 349 ms by bot id=8931940625
2026-07-31 16:51:07,627 [INFO] aiogram.event: Update id=226639530 is handled. Duration 301 ms by bot id=8931940625
2026-07-31 16:51:08,787 [INFO] aiogram.event: Update id=226639531 is handled. Duration 357 ms by bot id=8931940625
2026-07-31 23:53:38,035 [WARNING] aiogram.dispatcher: Received SIGINT signal
2026-07-31 23:53:38,039 [INFO] aiogram.dispatcher: Polling stopped for bot @ObunaHub_bot id=8931940625 - 'ObunaHub_Bot'
2026-07-31 23:53:38,040 [INFO] aiogram.dispatcher: Polling stopped
2026-07-31 23:53:38,293 [INFO] __main__: Бот остановлен.
2026-08-01 10:07:14,461 [INFO] __main__: Запуск бота ObunaHub...
2026-08-01 10:07:14,513 [INFO] __main__: Все роутеры зарегистрированы. Администраторы: [8563966849]
2026-08-01 10:07:14,807 [INFO] __main__: Бот запущен, ожидаю сообщения...
2026-08-01 10:07:14,808 [INFO] aiogram.dispatcher: Start polling
2026-08-01 10:07:14,822 [INFO] aiogram.dispatcher: Run polling for bot @ObunaHub_bot id=8931940625 - 'ObunaHub_Bot'
2026-08-01 10:07:14,894 [INFO] aiogram.event: Update id=226639534 is handled. Duration 49 ms by bot id=8931940625
2026-08-01 10:07:14,894 [INFO] aiogram.event: Update id=226639536 is handled. Duration 49 ms by bot id=8931940625
2026-08-01 10:07:14,895 [INFO] aiogram.event: Update id=226639538 is handled. Duration 48 ms by bot id=8931940625
2026-08-01 10:07:14,895 [INFO] aiogram.event: Update id=226639532 is handled. Duration 51 ms by bot id=8931940625
2026-08-01 10:07:15,160 [INFO] aiogram.event: Update id=226639535 is handled. Duration 314 ms by bot id=8931940625
2026-08-01 10:07:15,160 [INFO] aiogram.event: Update id=226639533 is handled. Duration 316 ms by bot id=8931940625
2026-08-01 10:07:15,207 [INFO] aiogram.event: Update id=226639537 is handled. Duration 361 ms by bot id=8931940625
2026-08-01 10:07:15,210 [INFO] aiogram.event: Update id=226639539 is handled. Duration 364 ms by bot id=8931940625
2026-08-01 10:07:15,309 [INFO] aiogram.event: Update id=226639540 is handled. Duration 5 ms by bot id=8931940625
2026-08-01 10:07:28,184 [INFO] aiogram.event: Update id=226639541 is handled. Duration 201 ms by bot id=8931940625
2026-08-01 10:07:32,604 [INFO] aiogram.event: Update id=226639542 is handled. Duration 350 ms by bot id=8931940625
2026-08-01 10:07:33,974 [INFO] aiogram.event: Update id=226639543 is handled. Duration 323 ms by bot id=8931940625
2026-08-01 10:07:34,963 [INFO] aiogram.event: Update id=226639544 is handled. Duration 346 ms by bot id=8931940625
2026-08-01 10:07:37,878 [INFO] aiogram.event: Update id=226639545 is handled. Duration 342 ms by bot id=8931940625
2026-08-01 10:07:39,594 [INFO] aiogram.event: Update id=226639546 is handled. Duration 212 ms by bot id=8931940625
2026-08-01 10:07:41,760 [INFO] aiogram.event: Update id=226639547 is handled. Duration 320 ms by bot id=8931940625
2026-08-01 10:07:43,223 [INFO] aiogram.event: Update id=226639548 is handled. Duration 334 ms by bot id=8931940625
2026-08-01 10:07:44,410 [INFO] aiogram.event: Update id=226639549 is handled. Duration 351 ms by bot id=8931940625
2026-08-01 10:07:49,844 [INFO] aiogram.event: Update id=226639550 is handled. Duration 301 ms by bot id=8931940625
2026-08-01 10:07:50,790 [INFO] aiogram.event: Update id=226639551 is handled. Duration 322 ms by bot id=8931940625
2026-08-01 10:07:54,630 [INFO] aiogram.event: Update id=226639552 is handled. Duration 214 ms by bot id=8931940625
2026-08-01 10:08:03,071 [INFO] aiogram.event: Update id=226639553 is handled. Duration 348 ms by bot id=8931940625
2026-08-01 10:08:06,511 [INFO] aiogram.event: Update id=226639554 is handled. Duration 317 ms by bot id=8931940625
2026-08-01 10:08:07,753 [INFO] aiogram.event: Update id=226639555 is handled. Duration 324 ms by bot id=8931940625
2026-08-01 10:08:13,334 [INFO] aiogram.event: Update id=226639556 is handled. Duration 305 ms by bot id=8931940625
2026-08-01 10:08:17,911 [INFO] aiogram.event: Update id=226639557 is handled. Duration 304 ms by bot id=8931940625
2026-08-01 10:08:20,370 [INFO] aiogram.event: Update id=226639558 is handled. Duration 223 ms by bot id=8931940625
2026-08-01 10:08:21,682 [INFO] aiogram.event: Update id=226639560 is handled. Duration 184 ms by bot id=8931940625
2026-08-01 10:08:21,738 [INFO] aiogram.event: Update id=226639559 is handled. Duration 334 ms by bot id=8931940625
2026-08-01 10:08:23,221 [INFO] aiogram.event: Update id=226639561 is handled. Duration 290 ms by bot id=8931940625
2026-08-01 10:08:24,932 [INFO] aiogram.event: Update id=226639562 is handled. Duration 343 ms by bot id=8931940625
2026-08-01 10:08:25,856 [INFO] aiogram.event: Update id=226639563 is handled. Duration 321 ms by bot id=8931940625
2026-08-01 10:08:26,094 [INFO] aiogram.event: Update id=226639564 is handled. Duration 296 ms by bot id=8931940625
2026-08-01 10:08:27,344 [INFO] aiogram.event: Update id=226639565 is handled. Duration 325 ms by bot id=8931940625
2026-08-01 10:08:28,153 [INFO] aiogram.event: Update id=226639566 is handled. Duration 316 ms by bot id=8931940625
2026-08-01 10:08:29,077 [INFO] aiogram.event: Update id=226639567 is handled. Duration 356 ms by bot id=8931940625
2026-08-01 10:08:32,936 [INFO] aiogram.event: Update id=226639568 is handled. Duration 305 ms by bot id=8931940625
2026-08-01 10:08:33,744 [INFO] aiogram.event: Update id=226639569 is handled. Duration 347 ms by bot id=8931940625
2026-08-01 10:08:37,543 [INFO] aiogram.event: Update id=226639570 is handled. Duration 292 ms by bot id=8931940625
2026-08-01 10:08:41,708 [INFO] aiogram.event: Update id=226639571 is handled. Duration 166 ms by bot id=8931940625
2026-08-01 10:08:43,899 [INFO] aiogram.event: Update id=226639572 is handled. Duration 316 ms by bot id=8931940625
2026-08-01 10:08:50,269 [INFO] aiogram.event: Update id=226639573 is handled. Duration 302 ms by bot id=8931940625
2026-08-01 10:09:43,878 [INFO] aiogram.event: Update id=226639574 is handled. Duration 321 ms by bot id=8931940625
2026-08-01 10:09:46,947 [INFO] aiogram.event: Update id=226639575 is handled. Duration 306 ms by bot id=8931940625
2026-08-01 10:11:16,111 [INFO] aiogram.event: Update id=226639576 is handled. Duration 361 ms by bot id=8931940625
2026-08-01 10:11:18,237 [INFO] aiogram.event: Update id=226639577 is handled. Duration 302 ms by bot id=8931940625
2026-08-01 10:11:25,088 [INFO] aiogram.event: Update id=226639578 is handled. Duration 373 ms by bot id=8931940625
2026-08-01 10:11:28,271 [INFO] aiogram.event: Update id=226639579 is handled. Duration 337 ms by bot id=8931940625
2026-08-01 10:11:29,567 [INFO] aiogram.event: Update id=226639580 is handled. Duration 161 ms by bot id=8931940625
2026-08-01 10:11:30,754 [INFO] aiogram.event: Update id=226639581 is handled. Duration 193 ms by bot id=8931940625
2026-08-01 10:11:33,688 [INFO] aiogram.event: Update id=226639582 is handled. Duration 155 ms by bot id=8931940625
2026-08-01 10:11:36,063 [INFO] aiogram.event: Update id=226639583 is handled. Duration 367 ms by bot id=8931940625
2026-08-01 10:11:37,097 [INFO] aiogram.event: Update id=226639584 is handled. Duration 401 ms by bot id=8931940625
2026-08-01 10:11:51,163 [INFO] aiogram.event: Update id=226639585 is handled. Duration 310 ms by bot id=8931940625
2026-08-01 10:11:57,556 [INFO] aiogram.event: Update id=226639586 is handled. Duration 335 ms by bot id=8931940625
2026-08-01 10:12:01,745 [INFO] aiogram.event: Update id=226639587 is handled. Duration 217 ms by bot id=8931940625
2026-08-01 10:12:04,072 [INFO] aiogram.event: Update id=226639588 is handled. Duration 344 ms by bot id=8931940625
2026-08-01 10:12:13,689 [INFO] aiogram.event: Update id=226639589 is handled. Duration 300 ms by bot id=8931940625
2026-08-01 10:12:29,853 [INFO] aiogram.event: Update id=226639590 is handled. Duration 352 ms by bot id=8931940625
2026-08-01 10:13:30,982 [INFO] aiogram.event: Update id=226639591 is handled. Duration 191 ms by bot id=8931940625
2026-08-01 10:13:32,378 [INFO] aiogram.event: Update id=226639592 is handled. Duration 249 ms by bot id=8931940625
2026-08-01 10:13:35,052 [INFO] aiogram.event: Update id=226639593 is handled. Duration 360 ms by bot id=8931940625
2026-08-01 10:13:35,366 [INFO] aiogram.event: Update id=226639594 is handled. Duration 374 ms by bot id=8931940625
2026-08-01 10:13:38,896 [INFO] aiogram.event: Update id=226639595 is handled. Duration 348 ms by bot id=8931940625
2026-08-01 10:13:45,046 [INFO] aiogram.event: Update id=226639596 is handled. Duration 447 ms by bot id=8931940625
2026-08-01 10:13:48,041 [INFO] aiogram.event: Update id=226639597 is handled. Duration 161 ms by bot id=8931940625
2026-08-01 10:14:00,636 [INFO] aiogram.event: Update id=226639598 is handled. Duration 299 ms by bot id=8931940625
2026-08-01 10:14:02,493 [INFO] aiogram.event: Update id=226639599 is handled. Duration 328 ms by bot id=8931940625
2026-08-01 10:14:04,225 [INFO] aiogram.event: Update id=226639600 is handled. Duration 297 ms by bot id=8931940625
2026-08-01 10:14:08,141 [INFO] aiogram.event: Update id=226639601 is handled. Duration 342 ms by bot id=8931940625
2026-08-01 10:14:10,004 [INFO] aiogram.event: Update id=226639602 is handled. Duration 309 ms by bot id=8931940625
2026-08-01 10:14:11,731 [INFO] aiogram.event: Update id=226639603 is handled. Duration 329 ms by bot id=8931940625
2026-08-01 10:15:05,237 [INFO] aiogram.event: Update id=226639604 is handled. Duration 205 ms by bot id=8931940625
2026-08-01 10:15:10,324 [INFO] aiogram.event: Update id=226639605 is handled. Duration 340 ms by bot id=8931940625
2026-08-01 10:15:24,078 [INFO] aiogram.event: Update id=226639606 is handled. Duration 311 ms by bot id=8931940625
2026-08-01 10:15:29,669 [INFO] aiogram.event: Update id=226639607 is handled. Duration 380 ms by bot id=8931940625
2026-08-01 10:15:32,713 [INFO] aiogram.event: Update id=226639608 is handled. Duration 302 ms by bot id=8931940625
2026-08-01 10:15:37,076 [INFO] aiogram.event: Update id=226639609 is handled. Duration 333 ms by bot id=8931940625
2026-08-01 10:15:42,238 [INFO] aiogram.event: Update id=226639610 is handled. Duration 318 ms by bot id=8931940625
2026-08-01 10:15:48,683 [INFO] aiogram.event: Update id=226639611 is handled. Duration 334 ms by bot id=8931940625
2026-08-01 10:17:38,940 [INFO] aiogram.event: Update id=226639612 is handled. Duration 359 ms by bot id=8931940625
2026-08-01 10:17:40,750 [INFO] aiogram.event: Update id=226639613 is handled. Duration 304 ms by bot id=8931940625
2026-08-01 10:17:42,879 [INFO] aiogram.event: Update id=226639614 is handled. Duration 338 ms by bot id=8931940625
2026-08-01 10:17:44,173 [INFO] aiogram.event: Update id=226639615 is handled. Duration 298 ms by bot id=8931940625
2026-08-01 10:17:45,421 [INFO] aiogram.event: Update id=226639616 is handled. Duration 320 ms by bot id=8931940625
2026-08-01 10:17:47,181 [INFO] aiogram.event: Update id=226639617 is handled. Duration 292 ms by bot id=8931940625
2026-08-01 10:17:48,552 [INFO] aiogram.event: Update id=226639618 is handled. Duration 326 ms by bot id=8931940625
2026-08-01 10:17:50,205 [INFO] aiogram.event: Update id=226639619 is handled. Duration 298 ms by bot id=8931940625
2026-08-01 10:17:54,381 [INFO] aiogram.event: Update id=226639620 is handled. Duration 161 ms by bot id=8931940625
2026-08-01 10:17:56,902 [INFO] aiogram.event: Update id=226639621 is handled. Duration 296 ms by bot id=8931940625
2026-08-01 10:17:59,160 [INFO] aiogram.event: Update id=226639622 is handled. Duration 349 ms by bot id=8931940625
2026-08-01 10:19:31,715 [INFO] aiogram.event: Update id=226639623 is handled. Duration 209 ms by bot id=8931940625
2026-08-01 10:19:35,184 [INFO] aiogram.event: Update id=226639624 is handled. Duration 577 ms by bot id=8931940625
2026-08-01 10:19:44,159 [INFO] aiogram.event: Update id=226639625 is handled. Duration 357 ms by bot id=8931940625
2026-08-01 10:24:44,855 [INFO] aiogram.event: Update id=226639626 is handled. Duration 340 ms by bot id=8931940625
2026-08-01 10:24:48,697 [INFO] aiogram.event: Update id=226639627 is handled. Duration 314 ms by bot id=8931940625
2026-08-01 10:24:58,474 [INFO] aiogram.event: Update id=226639628 is handled. Duration 325 ms by bot id=8931940625
2026-08-01 10:26:39,497 [INFO] aiogram.event: Update id=226639629 is handled. Duration 206 ms by bot id=8931940625
2026-08-01 10:26:42,401 [INFO] aiogram.event: Update id=226639630 is handled. Duration 343 ms by bot id=8931940625
2026-08-01 10:26:51,628 [INFO] aiogram.event: Update id=226639631 is handled. Duration 474 ms by bot id=8931940625
2026-08-01 10:27:07,468 [INFO] aiogram.event: Update id=226639632 is handled. Duration 496 ms by bot id=8931940625
2026-08-01 10:27:13,706 [INFO] aiogram.event: Update id=226639633 is handled. Duration 327 ms by bot id=8931940625
2026-08-01 10:27:15,605 [INFO] aiogram.event: Update id=226639634 is handled. Duration 344 ms by bot id=8931940625
2026-08-01 10:27:17,298 [INFO] aiogram.event: Update id=226639635 is handled. Duration 368 ms by bot id=8931940625
2026-08-01 10:27:18,977 [INFO] aiogram.event: Update id=226639636 is handled. Duration 328 ms by bot id=8931940625
2026-08-01 10:27:21,581 [INFO] aiogram.event: Update id=226639637 is handled. Duration 317 ms by bot id=8931940625
2026-08-01 10:27:25,091 [INFO] aiogram.event: Update id=226639638 is handled. Duration 359 ms by bot id=8931940625
2026-08-01 10:27:26,740 [INFO] aiogram.event: Update id=226639639 is handled. Duration 329 ms by bot id=8931940625
2026-08-01 10:27:28,019 [INFO] aiogram.event: Update id=226639640 is handled. Duration 335 ms by bot id=8931940625
2026-08-01 10:28:00,793 [INFO] aiogram.event: Update id=226639641 is handled. Duration 228 ms by bot id=8931940625
2026-08-01 10:28:03,004 [INFO] aiogram.event: Update id=226639642 is handled. Duration 502 ms by bot id=8931940625
2026-08-01 10:28:05,042 [INFO] aiogram.event: Update id=226639643 is handled. Duration 301 ms by bot id=8931940625
2026-08-01 10:32:13,237 [INFO] aiogram.event: Update id=226639644 is handled. Duration 191 ms by bot id=8931940625
2026-08-01 10:32:15,565 [INFO] aiogram.event: Update id=226639645 is handled. Duration 325 ms by bot id=8931940625
2026-08-01 10:32:19,239 [INFO] aiogram.event: Update id=226639646 is handled. Duration 301 ms by bot id=8931940625
2026-08-01 10:32:21,945 [INFO] aiogram.event: Update id=226639647 is handled. Duration 301 ms by bot id=8931940625
2026-08-01 10:32:34,356 [WARNING] utils.screen: show_screen edit error: Telegram server says - Bad Request: message is not modified: specified new message content and reply markup are exactly the same as a current content and reply markup of the message
2026-08-01 10:32:34,643 [INFO] aiogram.event: Update id=226639648 is handled. Duration 450 ms by bot id=8931940625
2026-08-01 10:32:37,642 [WARNING] utils.screen: show_screen edit error: Telegram server says - Bad Request: message is not modified: specified new message content and reply markup are exactly the same as a current content and reply markup of the message
2026-08-01 10:32:37,953 [INFO] aiogram.event: Update id=226639649 is handled. Duration 468 ms by bot id=8931940625
2026-08-01 10:32:39,135 [INFO] aiogram.event: Update id=226639650 is handled. Duration 462 ms by bot id=8931940625
2026-08-01 10:32:41,027 [INFO] aiogram.event: Update id=226639651 is handled. Duration 304 ms by bot id=8931940625
2026-08-01 10:32:56,028 [INFO] aiogram.event: Update id=226639652 is handled. Duration 469 ms by bot id=8931940625
2026-08-01 10:32:57,220 [INFO] aiogram.event: Update id=226639653 is handled. Duration 349 ms by bot id=8931940625
2026-08-01 10:32:59,635 [INFO] aiogram.event: Update id=226639654 is handled. Duration 401 ms by bot id=8931940625
2026-08-01 10:33:02,208 [INFO] aiogram.event: Update id=226639655 is handled. Duration 333 ms by bot id=8931940625
2026-08-01 10:33:14,740 [INFO] aiogram.event: Update id=226639656 is handled. Duration 434 ms by bot id=8931940625
2026-08-01 10:34:43,678 [INFO] aiogram.event: Update id=226639657 is handled. Duration 208 ms by bot id=8931940625
2026-08-01 10:34:48,180 [INFO] aiogram.event: Update id=226639658 is handled. Duration 319 ms by bot id=8931940625
2026-08-01 10:34:57,298 [INFO] aiogram.event: Update id=226639659 is handled. Duration 297 ms by bot id=8931940625
2026-08-01 10:35:04,835 [INFO] aiogram.event: Update id=226639660 is handled. Duration 157 ms by bot id=8931940625
2026-08-01 10:36:05,292 [INFO] aiogram.event: Update id=226639661 is handled. Duration 518 ms by bot id=8931940625
2026-08-01 10:36:07,236 [INFO] aiogram.event: Update id=226639662 is handled. Duration 436 ms by bot id=8931940625
2026-08-01 10:36:19,660 [INFO] aiogram.event: Update id=226639663 is handled. Duration 491 ms by bot id=8931940625
2026-08-01 10:36:23,126 [INFO] aiogram.event: Update id=226639664 is handled. Duration 444 ms by bot id=8931940625
2026-08-01 10:36:25,029 [INFO] aiogram.event: Update id=226639665 is handled. Duration 481 ms by bot id=8931940625
2026-08-01 10:36:25,912 [INFO] aiogram.event: Update id=226639666 is handled. Duration 330 ms by bot id=8931940625
2026-08-01 10:36:27,322 [INFO] aiogram.event: Update id=226639667 is handled. Duration 323 ms by bot id=8931940625
2026-08-01 10:36:29,604 [INFO] aiogram.event: Update id=226639668 is handled. Duration 295 ms by bot id=8931940625
2026-08-01 10:36:31,331 [INFO] aiogram.event: Update id=226639669 is handled. Duration 298 ms by bot id=8931940625
2026-08-01 10:36:41,553 [INFO] aiogram.event: Update id=226639670 is handled. Duration 502 ms by bot id=8931940625
2026-08-01 10:37:03,412 [INFO] aiogram.event: Update id=226639671 is handled. Duration 466 ms by bot id=8931940625
2026-08-01 10:41:19,374 [INFO] aiogram.event: Update id=226639672 is handled. Duration 415 ms by bot id=8931940625
2026-08-01 10:46:00,966 [INFO] aiogram.event: Update id=226639673 is handled. Duration 196 ms by bot id=8931940625
2026-08-01 10:46:05,330 [INFO] aiogram.event: Update id=226639674 is handled. Duration 331 ms by bot id=8931940625
2026-08-01 10:46:13,599 [INFO] aiogram.event: Update id=226639675 is handled. Duration 317 ms by bot id=8931940625
2026-08-01 10:46:14,919 [INFO] aiogram.event: Update id=226639676 is handled. Duration 337 ms by bot id=8931940625
2026-08-01 10:46:15,933 [INFO] aiogram.event: Update id=226639677 is handled. Duration 318 ms by bot id=8931940625
2026-08-01 10:46:17,072 [INFO] aiogram.event: Update id=226639678 is handled. Duration 343 ms by bot id=8931940625
2026-08-01 10:46:19,044 [INFO] aiogram.event: Update id=226639679 is handled. Duration 296 ms by bot id=8931940625
2026-08-01 10:46:23,812 [INFO] aiogram.event: Update id=226639680 is handled. Duration 193 ms by bot id=8931940625
2026-08-01 10:46:25,978 [INFO] aiogram.event: Update id=226639681 is handled. Duration 361 ms by bot id=8931940625
2026-08-01 10:46:30,854 [INFO] aiogram.event: Update id=226639682 is handled. Duration 164 ms by bot id=8931940625
2026-08-01 10:46:32,362 [INFO] aiogram.event: Update id=226639683 is handled. Duration 326 ms by bot id=8931940625
2026-08-01 10:46:33,642 [INFO] aiogram.event: Update id=226639684 is handled. Duration 335 ms by bot id=8931940625
2026-08-01 10:46:35,874 [INFO] aiogram.event: Update id=226639685 is handled. Duration 302 ms by bot id=8931940625
2026-08-01 10:46:37,310 [INFO] aiogram.event: Update id=226639686 is handled. Duration 171 ms by bot id=8931940625
2026-08-01 10:46:38,089 [INFO] aiogram.event: Update id=226639687 is handled. Duration 444 ms by bot id=8931940625
2026-08-01 10:46:44,099 [INFO] aiogram.event: Update id=226639688 is handled. Duration 336 ms by bot id=8931940625
2026-08-01 10:46:44,430 [INFO] aiogram.event: Update id=226639689 is handled. Duration 505 ms by bot id=8931940625
2026-08-01 10:46:46,208 [INFO] aiogram.event: Update id=226639690 is handled. Duration 434 ms by bot id=8931940625
2026-08-01 10:46:53,313 [INFO] aiogram.event: Update id=226639691 is handled. Duration 204 ms by bot id=8931940625
2026-08-01 10:46:58,559 [INFO] aiogram.event: Update id=226639692 is handled. Duration 333 ms by bot id=8931940625
2026-08-01 10:47:02,783 [INFO] aiogram.event: Update id=226639693 is handled. Duration 439 ms by bot id=8931940625
2026-08-01 10:47:10,657 [INFO] aiogram.event: Update id=226639694 is handled. Duration 466 ms by bot id=8931940625
2026-08-01 10:47:24,467 [INFO] aiogram.event: Update id=226639695 is handled. Duration 441 ms by bot id=8931940625
2026-08-01 10:47:38,845 [INFO] aiogram.event: Update id=226639696 is handled. Duration 484 ms by bot id=8931940625
2026-08-01 10:47:47,906 [INFO] aiogram.event: Update id=226639697 is handled. Duration 438 ms by bot id=8931940625
2026-08-01 11:00:20,632 [INFO] aiogram.event: Update id=226639698 is handled. Duration 309 ms by bot id=8931940625
2026-08-01 11:00:21,818 [INFO] aiogram.event: Update id=226639699 is handled. Duration 365 ms by bot id=8931940625
2026-08-01 11:00:24,701 [INFO] aiogram.event: Update id=226639700 is handled. Duration 312 ms by bot id=8931940625
2026-08-01 11:00:32,390 [INFO] aiogram.event: Update id=226639701 is handled. Duration 299 ms by bot id=8931940625
2026-08-01 11:00:34,531 [INFO] aiogram.event: Update id=226639702 is handled. Duration 350 ms by bot id=8931940625
2026-08-01 11:00:38,525 [INFO] aiogram.event: Update id=226639703 is handled. Duration 480 ms by bot id=8931940625
2026-08-01 11:00:40,734 [INFO] aiogram.event: Update id=226639704 is handled. Duration 408 ms by bot id=8931940625
2026-08-01 11:00:44,447 [INFO] aiogram.event: Update id=226639705 is handled. Duration 298 ms by bot id=8931940625
2026-08-01 11:00:45,867 [INFO] aiogram.event: Update id=226639706 is handled. Duration 315 ms by bot id=8931940625
2026-08-01 11:08:19,219 [INFO] aiogram.event: Update id=226639707 is handled. Duration 375 ms by bot id=8931940625
2026-08-01 11:26:36,384 [INFO] aiogram.event: Update id=226639708 is handled. Duration 322 ms by bot id=8931940625
2026-08-01 11:26:40,669 [INFO] aiogram.event: Update id=226639709 is handled. Duration 307 ms by bot id=8931940625
2026-08-01 11:26:44,360 [INFO] aiogram.event: Update id=226639710 is handled. Duration 371 ms by bot id=8931940625
2026-08-01 11:26:45,901 [INFO] aiogram.event: Update id=226639711 is handled. Duration 316 ms by bot id=8931940625
2026-08-01 11:26:50,706 [INFO] aiogram.event: Update id=226639712 is handled. Duration 437 ms by bot id=8931940625
2026-08-01 11:26:51,334 [INFO] aiogram.event: Update id=226639713 is handled. Duration 382 ms by bot id=8931940625
2026-08-01 11:27:01,980 [INFO] aiogram.event: Update id=226639714 is handled. Duration 474 ms by bot id=8931940625
2026-08-01 11:27:04,409 [INFO] aiogram.event: Update id=226639715 is handled. Duration 446 ms by bot id=8931940625
2026-08-01 11:27:11,492 [INFO] aiogram.event: Update id=226639716 is handled. Duration 305 ms by bot id=8931940625
2026-08-01 11:27:13,130 [INFO] aiogram.event: Update id=226639717 is handled. Duration 310 ms by bot id=8931940625
2026-08-01 11:27:18,083 [INFO] aiogram.event: Update id=226639718 is handled. Duration 304 ms by bot id=8931940625
2026-08-01 11:27:27,097 [INFO] aiogram.event: Update id=226639719 is handled. Duration 213 ms by bot id=8931940625
2026-08-01 11:27:28,815 [INFO] aiogram.event: Update id=226639720 is handled. Duration 340 ms by bot id=8931940625
2026-08-01 11:27:32,155 [INFO] aiogram.event: Update id=226639721 is handled. Duration 325 ms by bot id=8931940625
2026-08-01 11:44:11,302 [INFO] aiogram.event: Update id=226639722 is handled. Duration 211 ms by bot id=8931940625
2026-08-01 11:44:14,532 [INFO] aiogram.event: Update id=226639723 is handled. Duration 326 ms by bot id=8931940625
2026-08-01 11:44:58,343 [INFO] aiogram.event: Update id=226639724 is handled. Duration 201 ms by bot id=8931940625
2026-08-01 11:45:00,980 [INFO] aiogram.event: Update id=226639725 is handled. Duration 320 ms by bot id=8931940625
2026-08-01 11:45:12,118 [INFO] aiogram.event: Update id=226639726 is handled. Duration 291 ms by bot id=8931940625
2026-08-01 11:45:24,241 [INFO] aiogram.event: Update id=226639727 is handled. Duration 187 ms by bot id=8931940625
2026-08-01 11:45:26,431 [INFO] aiogram.event: Update id=226639728 is handled. Duration 338 ms by bot id=8931940625
2026-08-01 11:45:33,244 [INFO] aiogram.event: Update id=226639729 is handled. Duration 312 ms by bot id=8931940625
2026-08-01 11:45:48,705 [INFO] aiogram.event: Update id=226639730 is handled. Duration 163 ms by bot id=8931940625
2026-08-01 11:46:20,471 [INFO] aiogram.event: Update id=226639731 is handled. Duration 297 ms by bot id=8931940625
2026-08-01 11:46:29,969 [INFO] aiogram.event: Update id=226639732 is handled. Duration 159 ms by bot id=8931940625
2026-08-01 11:46:45,197 [INFO] aiogram.event: Update id=226639733 is handled. Duration 202 ms by bot id=8931940625
2026-08-01 11:46:49,039 [INFO] aiogram.event: Update id=226639734 is handled. Duration 410 ms by bot id=8931940625
2026-08-01 11:46:49,320 [INFO] aiogram.event: Update id=226639735 is handled. Duration 332 ms by bot id=8931940625
2026-08-01 11:46:50,764 [INFO] aiogram.event: Update id=226639736 is handled. Duration 372 ms by bot id=8931940625
2026-08-01 11:46:54,260 [INFO] aiogram.event: Update id=226639737 is handled. Duration 160 ms by bot id=8931940625
2026-08-01 11:47:02,823 [INFO] aiogram.event: Update id=226639738 is handled. Duration 314 ms by bot id=8931940625
2026-08-01 11:47:04,915 [INFO] aiogram.event: Update id=226639739 is handled. Duration 342 ms by bot id=8931940625
2026-08-01 11:47:05,985 [INFO] aiogram.event: Update id=226639740 is handled. Duration 327 ms by bot id=8931940625
2026-08-01 11:47:06,403 [INFO] aiogram.event: Update id=226639741 is handled. Duration 339 ms by bot id=8931940625
2026-08-01 11:47:07,997 [INFO] aiogram.event: Update id=226639742 is handled. Duration 348 ms by bot id=8931940625
2026-08-01 11:47:09,226 [INFO] aiogram.event: Update id=226639743 is handled. Duration 321 ms by bot id=8931940625
2026-08-01 11:47:13,501 [INFO] aiogram.event: Update id=226639744 is handled. Duration 452 ms by bot id=8931940625
2026-08-01 11:47:15,049 [INFO] aiogram.event: Update id=226639745 is handled. Duration 336 ms by bot id=8931940625
2026-08-01 11:47:15,216 [INFO] aiogram.event: Update id=226639746 is handled. Duration 178 ms by bot id=8931940625
2026-08-01 11:47:16,009 [INFO] aiogram.event: Update id=226639747 is handled. Duration 304 ms by bot id=8931940625
2026-08-01 11:47:17,753 [INFO] aiogram.event: Update id=226639748 is handled. Duration 358 ms by bot id=8931940625
2026-08-01 11:47:18,775 [INFO] aiogram.event: Update id=226639749 is handled. Duration 321 ms by bot id=8931940625
2026-08-01 11:47:20,147 [INFO] aiogram.event: Update id=226639751 is handled. Duration 298 ms by bot id=8931940625
2026-08-01 11:47:20,191 [INFO] aiogram.event: Update id=226639750 is handled. Duration 432 ms by bot id=8931940625
2026-08-01 11:47:22,171 [INFO] aiogram.event: Update id=226639752 is handled. Duration 328 ms by bot id=8931940625
2026-08-01 11:47:24,141 [INFO] aiogram.event: Update id=226639753 is handled. Duration 354 ms by bot id=8931940625
2026-08-01 11:47:26,052 [INFO] aiogram.event: Update id=226639754 is handled. Duration 328 ms by bot id=8931940625
2026-08-01 11:47:28,836 [INFO] aiogram.event: Update id=226639755 is handled. Duration 300 ms by bot id=8931940625
2026-08-01 11:47:29,567 [INFO] aiogram.event: Update id=226639756 is handled. Duration 339 ms by bot id=8931940625
2026-08-01 11:47:31,466 [INFO] aiogram.event: Update id=226639757 is handled. Duration 322 ms by bot id=8931940625
2026-08-01 11:47:33,902 [INFO] aiogram.event: Update id=226639758 is handled. Duration 295 ms by bot id=8931940625
2026-08-01 11:47:34,428 [INFO] aiogram.event: Update id=226639759 is handled. Duration 340 ms by bot id=8931940625
2026-08-01 11:47:37,002 [INFO] aiogram.event: Update id=226639760 is handled. Duration 318 ms by bot id=8931940625
2026-08-01 11:47:39,276 [INFO] aiogram.event: Update id=226639761 is handled. Duration 311 ms by bot id=8931940625
2026-08-01 11:47:40,995 [INFO] aiogram.event: Update id=226639762 is handled. Duration 358 ms by bot id=8931940625
2026-08-01 11:47:44,394 [INFO] aiogram.event: Update id=226639763 is handled. Duration 387 ms by bot id=8931940625
2026-08-01 11:47:46,239 [INFO] aiogram.event: Update id=226639764 is handled. Duration 336 ms by bot id=8931940625
2026-08-01 11:47:48,556 [INFO] aiogram.event: Update id=226639765 is handled. Duration 327 ms by bot id=8931940625
2026-08-01 11:52:02,163 [INFO] aiogram.event: Update id=226639766 is handled. Duration 207 ms by bot id=8931940625
2026-08-01 11:52:10,754 [INFO] aiogram.event: Update id=226639767 is handled. Duration 321 ms by bot id=8931940625
2026-08-01 11:52:21,835 [INFO] aiogram.event: Update id=226639768 is handled. Duration 436 ms by bot id=8931940625
2026-08-01 11:52:40,656 [INFO] aiogram.event: Update id=226639769 is handled. Duration 459 ms by bot id=8931940625
2026-08-01 11:52:43,379 [INFO] aiogram.event: Update id=226639770 is handled. Duration 439 ms by bot id=8931940625
2026-08-01 11:53:04,140 [INFO] aiogram.event: Update id=226639771 is handled. Duration 460 ms by bot id=8931940625
2026-08-01 11:53:06,880 [INFO] aiogram.event: Update id=226639772 is handled. Duration 430 ms by bot id=8931940625
2026-08-01 11:53:12,031 [INFO] aiogram.event: Update id=226639773 is handled. Duration 481 ms by bot id=8931940625
2026-08-01 11:53:14,803 [INFO] aiogram.event: Update id=226639774 is handled. Duration 431 ms by bot id=8931940625
2026-08-01 11:53:24,969 [INFO] aiogram.event: Update id=226639775 is handled. Duration 493 ms by bot id=8931940625
2026-08-01 11:53:27,703 [INFO] aiogram.event: Update id=226639776 is handled. Duration 433 ms by bot id=8931940625
2026-08-01 11:53:32,870 [INFO] aiogram.event: Update id=226639777 is handled. Duration 498 ms by bot id=8931940625
2026-08-01 11:53:36,116 [INFO] aiogram.event: Update id=226639778 is handled. Duration 429 ms by bot id=8931940625
2026-08-01 11:53:38,882 [INFO] aiogram.event: Update id=226639779 is handled. Duration 457 ms by bot id=8931940625
2026-08-01 11:53:41,709 [INFO] aiogram.event: Update id=226639780 is handled. Duration 428 ms by bot id=8931940625
2026-08-01 11:53:46,895 [INFO] aiogram.event: Update id=226639781 is handled. Duration 668 ms by bot id=8931940625
2026-08-01 11:53:48,615 [INFO] aiogram.event: Update id=226639782 is handled. Duration 313 ms by bot id=8931940625
2026-08-01 11:53:51,394 [INFO] aiogram.event: Update id=226639783 is handled. Duration 341 ms by bot id=8931940625
2026-08-01 11:53:56,218 [INFO] aiogram.event: Update id=226639784 is handled. Duration 302 ms by bot id=8931940625
2026-08-01 11:53:58,327 [INFO] aiogram.event: Update id=226639785 is handled. Duration 330 ms by bot id=8931940625
2026-08-01 11:54:00,579 [INFO] aiogram.event: Update id=226639786 is handled. Duration 315 ms by bot id=8931940625
2026-08-01 11:54:02,006 [INFO] aiogram.event: Update id=226639787 is handled. Duration 334 ms by bot id=8931940625
2026-08-01 12:00:38,965 [INFO] aiogram.event: Update id=226639788 is handled. Duration 494 ms by bot id=8931940625
2026-08-01 12:54:31,369 [INFO] aiogram.event: Update id=226639789 is handled. Duration 221 ms by bot id=8931940625
2026-08-01 12:54:34,024 [INFO] aiogram.event: Update id=226639790 is handled. Duration 322 ms by bot id=8931940625
2026-08-01 12:54:39,779 [INFO] aiogram.event: Update id=226639791 is handled. Duration 327 ms by bot id=8931940625
2026-08-01 12:58:12,437 [INFO] aiogram.event: Update id=226639792 is handled. Duration 194 ms by bot id=8931940625
2026-08-01 12:58:20,930 [INFO] aiogram.event: Update id=226639793 is handled. Duration 332 ms by bot id=8931940625
2026-08-01 12:58:27,365 [INFO] aiogram.event: Update id=226639794 is handled. Duration 283 ms by bot id=8931940625
2026-08-01 12:58:47,929 [INFO] aiogram.event: Update id=226639795 is handled. Duration 333 ms by bot id=8931940625
2026-08-01 12:58:51,223 [INFO] aiogram.event: Update id=226639796 is handled. Duration 304 ms by bot id=8931940625
2026-08-01 12:58:58,418 [INFO] aiogram.event: Update id=226639797 is handled. Duration 295 ms by bot id=8931940625
2026-08-01 12:59:43,880 [INFO] aiogram.event: Update id=226639798 is handled. Duration 441 ms by bot id=8931940625
2026-08-01 12:59:48,587 [INFO] aiogram.event: Update id=226639799 is handled. Duration 336 ms by bot id=8931940625
2026-08-01 13:00:26,369 [INFO] aiogram.event: Update id=226639800 is handled. Duration 334 ms by bot id=8931940625
2026-08-01 13:00:28,631 [INFO] aiogram.event: Update id=226639801 is handled. Duration 299 ms by bot id=8931940625
2026-08-01 13:03:42,947 [INFO] aiogram.event: Update id=226639802 is handled. Duration 204 ms by bot id=8931940625
2026-08-01 13:03:44,574 [INFO] aiogram.event: Update id=226639803 is handled. Duration 322 ms by bot id=8931940625
2026-08-01 13:03:51,425 [INFO] aiogram.event: Update id=226639804 is handled. Duration 331 ms by bot id=8931940625
2026-08-01 13:03:52,999 [INFO] aiogram.event: Update id=226639805 is handled. Duration 333 ms by bot id=8931940625
2026-08-01 13:03:57,458 [INFO] aiogram.event: Update id=226639806 is handled. Duration 331 ms by bot id=8931940625
2026-08-01 13:58:14,644 [INFO] aiogram.event: Update id=226639807 is handled. Duration 466 ms by bot id=8931940625
2026-08-01 13:58:15,806 [INFO] aiogram.event: Update id=226639808 is handled. Duration 304 ms by bot id=8931940625
2026-08-01 14:02:23,400 [INFO] aiogram.event: Update id=226639809 is handled. Duration 213 ms by bot id=8931940625
2026-08-01 14:02:25,084 [INFO] aiogram.event: Update id=226639810 is handled. Duration 415 ms by bot id=8931940625
2026-08-01 14:02:26,495 [INFO] aiogram.event: Update id=226639811 is handled. Duration 487 ms by bot id=8931940625
2026-08-01 14:02:29,243 [INFO] aiogram.event: Update id=226639812 is handled. Duration 391 ms by bot id=8931940625
2026-08-01 14:03:11,982 [INFO] aiogram.event: Update id=226639813 is handled. Duration 204 ms by bot id=8931940625
2026-08-01 14:03:14,190 [INFO] aiogram.event: Update id=226639814 is handled. Duration 336 ms by bot id=8931940625
2026-08-01 14:03:27,898 [INFO] aiogram.event: Update id=226639815 is handled. Duration 300 ms by bot id=8931940625
2026-08-01 14:03:32,379 [INFO] aiogram.event: Update id=226639816 is handled. Duration 352 ms by bot id=8931940625
2026-08-01 14:03:34,748 [INFO] aiogram.event: Update id=226639817 is handled. Duration 314 ms by bot id=8931940625
2026-08-01 14:03:37,349 [INFO] aiogram.event: Update id=226639818 is handled. Duration 338 ms by bot id=8931940625
2026-08-01 14:03:43,334 [INFO] aiogram.event: Update id=226639819 is handled. Duration 296 ms by bot id=8931940625
2026-08-01 14:03:52,906 [INFO] aiogram.event: Update id=226639820 is handled. Duration 165 ms by bot id=8931940625
2026-08-01 14:04:36,027 [INFO] aiogram.event: Update id=226639821 is handled. Duration 307 ms by bot id=8931940625
2026-08-01 14:04:37,969 [INFO] aiogram.event: Update id=226639822 is handled. Duration 313 ms by bot id=8931940625
2026-08-01 14:04:38,935 [INFO] aiogram.event: Update id=226639823 is handled. Duration 303 ms by bot id=8931940625
2026-08-01 14:04:39,005 [INFO] aiogram.event: Update id=226639824 is handled. Duration 164 ms by bot id=8931940625
2026-08-01 14:04:42,549 [INFO] aiogram.event: Update id=226639825 is handled. Duration 309 ms by bot id=8931940625
2026-08-01 14:04:43,682 [INFO] aiogram.event: Update id=226639826 is handled. Duration 295 ms by bot id=8931940625
2026-08-01 14:04:44,782 [INFO] aiogram.event: Update id=226639827 is handled. Duration 311 ms by bot id=8931940625
2026-08-01 14:04:46,711 [INFO] aiogram.event: Update id=226639828 is handled. Duration 312 ms by bot id=8931940625
2026-08-01 14:04:47,907 [INFO] aiogram.event: Update id=226639829 is handled. Duration 307 ms by bot id=8931940625
2026-08-01 14:04:50,286 [INFO] aiogram.event: Update id=226639830 is handled. Duration 291 ms by bot id=8931940625
2026-08-01 14:04:52,660 [INFO] aiogram.event: Update id=226639831 is handled. Duration 313 ms by bot id=8931940625
2026-08-01 14:04:57,819 [INFO] aiogram.event: Update id=226639832 is handled. Duration 368 ms by bot id=8931940625
2026-08-01 14:04:59,415 [INFO] aiogram.event: Update id=226639833 is handled. Duration 327 ms by bot id=8931940625
2026-08-01 14:05:01,158 [INFO] aiogram.event: Update id=226639834 is handled. Duration 342 ms by bot id=8931940625
2026-08-01 14:05:08,652 [INFO] aiogram.event: Update id=226639835 is handled. Duration 446 ms by bot id=8931940625
2026-08-01 14:15:12,468 [INFO] aiogram.event: Update id=226639836 is handled. Duration 185 ms by bot id=8931940625
2026-08-01 14:15:16,080 [INFO] aiogram.event: Update id=226639837 is handled. Duration 336 ms by bot id=8931940625
2026-08-01 14:15:24,451 [INFO] aiogram.event: Update id=226639838 is handled. Duration 421 ms by bot id=8931940625
2026-08-01 14:15:42,718 [INFO] aiogram.event: Update id=226639839 is handled. Duration 460 ms by bot id=8931940625
2026-08-01 14:15:51,527 [INFO] aiogram.event: Update id=226639840 is handled. Duration 1073 ms by bot id=8931940625
2026-08-01 14:16:16,471 [INFO] aiogram.event: Update id=226639841 is handled. Duration 471 ms by bot id=8931940625
2026-08-01 14:16:21,575 [INFO] aiogram.event: Update id=226639842 is handled. Duration 439 ms by bot id=8931940625
2026-08-01 14:16:28,661 [INFO] aiogram.event: Update id=226639843 is handled. Duration 477 ms by bot id=8931940625
2026-08-01 14:19:04,228 [INFO] aiogram.event: Update id=226639844 is handled. Duration 202 ms by bot id=8931940625
2026-08-01 14:19:06,138 [INFO] aiogram.event: Update id=226639845 is handled. Duration 318 ms by bot id=8931940625
2026-08-01 14:19:08,228 [INFO] aiogram.event: Update id=226639846 is handled. Duration 296 ms by bot id=8931940625
2026-08-01 14:19:14,549 [INFO] aiogram.event: Update id=226639847 is handled. Duration 301 ms by bot id=8931940625
2026-08-01 14:38:00,838 [WARNING] utils.screen: show_screen edit error: Telegram server says - Bad Request: message can't be deleted for everyone
2026-08-01 14:38:01,119 [INFO] aiogram.event: Update id=226639848 is handled. Duration 340 ms by bot id=8931940625
2026-08-01 14:38:03,755 [INFO] aiogram.event: Update id=226639849 is handled. Duration 448 ms by bot id=8931940625
2026-08-01 14:38:06,083 [WARNING] utils.screen: show_screen edit error: Telegram server says - Bad Request: message can't be deleted for everyone
2026-08-01 14:38:06,361 [INFO] aiogram.event: Update id=226639850 is handled. Duration 337 ms by bot id=8931940625
2026-08-01 14:38:08,385 [INFO] aiogram.event: Update id=226639851 is handled. Duration 429 ms by bot id=8931940625
2026-08-01 14:38:21,014 [INFO] aiogram.event: Update id=226639852 is handled. Duration 195 ms by bot id=8931940625
2026-08-01 14:38:27,422 [INFO] aiogram.event: Update id=226639853 is handled. Duration 318 ms by bot id=8931940625
2026-08-01 14:38:31,766 [INFO] aiogram.event: Update id=226639854 is handled. Duration 304 ms by bot id=8931940625
2026-08-01 14:38:41,159 [INFO] aiogram.event: Update id=226639855 is handled. Duration 300 ms by bot id=8931940625
2026-08-01 14:39:05,197 [INFO] aiogram.event: Update id=226639856 is handled. Duration 306 ms by bot id=8931940625
2026-08-01 15:18:15,973 [INFO] aiogram.event: Update id=226639857 is handled. Duration 226 ms by bot id=8931940625
2026-08-01 15:18:23,596 [INFO] aiogram.event: Update id=226639858 is handled. Duration 318 ms by bot id=8931940625
2026-08-01 15:18:55,718 [INFO] aiogram.event: Update id=226639859 is handled. Duration 316 ms by bot id=8931940625
2026-08-01 15:19:12,303 [INFO] aiogram.event: Update id=226639860 is handled. Duration 329 ms by bot id=8931940625
2026-08-01 15:19:15,085 [INFO] aiogram.event: Update id=226639861 is handled. Duration 299 ms by bot id=8931940625
2026-08-01 15:19:29,914 [INFO] aiogram.event: Update id=226639862 is handled. Duration 172 ms by bot id=8931940625
2026-08-01 15:20:50,836 [INFO] aiogram.event: Update id=226639863 is handled. Duration 342 ms by bot id=8931940625
2026-08-01 15:21:03,227 [INFO] aiogram.event: Update id=226639864 is handled. Duration 437 ms by bot id=8931940625
2026-08-01 15:21:23,489 [INFO] aiogram.event: Update id=226639865 is handled. Duration 318 ms by bot id=8931940625
2026-08-01 15:21:46,812 [INFO] aiogram.event: Update id=226639866 is handled. Duration 505 ms by bot id=8931940625
2026-08-01 15:21:49,552 [INFO] aiogram.event: Update id=226639867 is handled. Duration 353 ms by bot id=8931940625
2026-08-01 15:21:55,454 [INFO] aiogram.event: Update id=226639868 is handled. Duration 426 ms by bot id=8931940625
2026-08-01 15:22:42,391 [INFO] aiogram.event: Update id=226639869 is handled. Duration 478 ms by bot id=8931940625
2026-08-01 15:22:49,581 [INFO] aiogram.event: Update id=226639870 is handled. Duration 427 ms by bot id=8931940625
2026-08-01 15:24:18,588 [INFO] aiogram.event: Update id=226639871 is handled. Duration 188 ms by bot id=8931940625
2026-08-01 15:24:20,956 [INFO] aiogram.event: Update id=226639872 is handled. Duration 327 ms by bot id=8931940625
2026-08-01 16:22:26,976 [INFO] aiogram.event: Update id=226639873 is handled. Duration 219 ms by bot id=8931940625
2026-08-01 16:22:30,158 [INFO] aiogram.event: Update id=226639874 is handled. Duration 357 ms by bot id=8931940625
2026-08-01 16:22:46,825 [INFO] aiogram.event: Update id=226639875 is handled. Duration 193 ms by bot id=8931940625
2026-08-01 16:22:50,251 [INFO] aiogram.event: Update id=226639876 is handled. Duration 350 ms by bot id=8931940625
2026-08-01 16:32:54,626 [INFO] aiogram.event: Update id=226639877 is handled. Duration 189 ms by bot id=8931940625
2026-08-01 16:32:59,263 [INFO] aiogram.event: Update id=226639878 is handled. Duration 422 ms by bot id=8931940625
2026-08-01 16:33:04,127 [INFO] aiogram.event: Update id=226639879 is handled. Duration 301 ms by bot id=8931940625
2026-08-01 16:33:10,686 [INFO] aiogram.event: Update id=226639880 is handled. Duration 157 ms by bot id=8931940625
2026-08-01 16:33:24,723 [INFO] aiogram.event: Update id=226639881 is handled. Duration 308 ms by bot id=8931940625
2026-08-01 16:33:26,578 [INFO] aiogram.event: Update id=226639882 is handled. Duration 300 ms by bot id=8931940625
2026-08-01 16:33:38,890 [INFO] aiogram.event: Update id=226639883 is handled. Duration 300 ms by bot id=8931940625
2026-08-01 16:33:42,132 [INFO] aiogram.event: Update id=226639884 is handled. Duration 295 ms by bot id=8931940625
2026-08-01 16:33:53,444 [INFO] aiogram.event: Update id=226639885 is handled. Duration 198 ms by bot id=8931940625
2026-08-01 16:33:55,137 [INFO] aiogram.event: Update id=226639886 is handled. Duration 340 ms by bot id=8931940625
2026-08-01 16:33:59,056 [INFO] aiogram.event: Update id=226639887 is handled. Duration 471 ms by bot id=8931940625
2026-08-01 16:33:59,256 [INFO] aiogram.event: Update id=226639888 is handled. Duration 400 ms by bot id=8931940625
2026-08-01 16:34:01,945 [INFO] aiogram.event: Update id=226639889 is handled. Duration 518 ms by bot id=8931940625
2026-08-01 16:34:08,255 [INFO] aiogram.event: Update id=226639890 is handled. Duration 305 ms by bot id=8931940625
2026-08-01 16:34:10,275 [INFO] aiogram.event: Update id=226639891 is handled. Duration 166 ms by bot id=8931940625
2026-08-01 16:34:24,801 [INFO] aiogram.event: Update id=226639892 is handled. Duration 300 ms by bot id=8931940625
2026-08-01 16:34:26,596 [INFO] aiogram.event: Update id=226639893 is handled. Duration 327 ms by bot id=8931940625
2026-08-01 16:34:28,504 [INFO] aiogram.event: Update id=226639894 is handled. Duration 297 ms by bot id=8931940625
2026-08-01 16:34:30,765 [INFO] aiogram.event: Update id=226639895 is handled. Duration 322 ms by bot id=8931940625
2026-08-01 16:34:32,489 [INFO] aiogram.event: Update id=226639896 is handled. Duration 315 ms by bot id=8931940625
2026-08-01 16:34:34,757 [INFO] aiogram.event: Update id=226639897 is handled. Duration 294 ms by bot id=8931940625
2026-08-01 16:34:39,702 [INFO] aiogram.event: Update id=226639898 is handled. Duration 456 ms by bot id=8931940625
2026-08-01 16:34:40,959 [INFO] aiogram.event: Update id=226639899 is handled. Duration 320 ms by bot id=8931940625
2026-08-01 16:34:44,387 [INFO] aiogram.event: Update id=226639900 is handled. Duration 303 ms by bot id=8931940625
2026-08-01 16:34:46,092 [INFO] aiogram.event: Update id=226639901 is handled. Duration 174 ms by bot id=8931940625
2026-08-01 16:34:54,736 [INFO] aiogram.event: Update id=226639902 is handled. Duration 299 ms by bot id=8931940625
2026-08-01 16:34:56,029 [INFO] aiogram.event: Update id=226639903 is handled. Duration 328 ms by bot id=8931940625
2026-08-01 16:34:58,801 [INFO] aiogram.event: Update id=226639904 is handled. Duration 296 ms by bot id=8931940625
2026-08-01 16:35:02,723 [INFO] aiogram.event: Update id=226639905 is handled. Duration 167 ms by bot id=8931940625
2026-08-01 16:35:08,922 [INFO] aiogram.event: Update id=226639906 is handled. Duration 311 ms by bot id=8931940625
2026-08-01 16:35:12,233 [INFO] aiogram.event: Update id=226639907 is handled. Duration 255 ms by bot id=8931940625
2026-08-01 16:35:17,407 [INFO] aiogram.event: Update id=226639908 is handled. Duration 306 ms by bot id=8931940625
2026-08-01 16:35:18,580 [INFO] aiogram.event: Update id=226639909 is handled. Duration 331 ms by bot id=8931940625
2026-08-01 16:35:20,822 [INFO] aiogram.event: Update id=226639910 is handled. Duration 304 ms by bot id=8931940625
2026-08-01 16:35:22,493 [INFO] aiogram.event: Update id=226639911 is handled. Duration 336 ms by bot id=8931940625
2026-08-01 16:35:23,627 [INFO] aiogram.event: Update id=226639912 is handled. Duration 334 ms by bot id=8931940625
2026-08-01 16:35:25,328 [INFO] aiogram.event: Update id=226639913 is handled. Duration 350 ms by bot id=8931940625
2026-08-01 16:35:27,315 [INFO] aiogram.event: Update id=226639914 is handled. Duration 325 ms by bot id=8931940625
2026-08-01 16:35:28,524 [INFO] aiogram.event: Update id=226639915 is handled. Duration 325 ms by bot id=8931940625
2026-08-01 16:51:43,407 [INFO] aiogram.event: Update id=226639916 is handled. Duration 197 ms by bot id=8931940625
2026-08-01 16:51:45,754 [INFO] aiogram.event: Update id=226639917 is handled. Duration 317 ms by bot id=8931940625
2026-08-01 16:51:47,055 [INFO] aiogram.event: Update id=226639918 is handled. Duration 333 ms by bot id=8931940625
2026-08-01 16:51:47,965 [INFO] aiogram.event: Update id=226639919 is handled. Duration 327 ms by bot id=8931940625
2026-08-01 16:51:49,928 [INFO] aiogram.event: Update id=226639920 is handled. Duration 445 ms by bot id=8931940625
2026-08-01 16:51:55,508 [INFO] aiogram.event: Update id=226639921 is handled. Duration 162 ms by bot id=8931940625
2026-08-01 16:52:00,147 [INFO] aiogram.event: Update id=226639922 is handled. Duration 295 ms by bot id=8931940625
2026-08-01 16:52:03,336 [INFO] aiogram.event: Update id=226639923 is handled. Duration 162 ms by bot id=8931940625
2026-08-01 16:52:09,949 [INFO] aiogram.event: Update id=226639924 is handled. Duration 319 ms by bot id=8931940625
2026-08-01 16:52:11,720 [INFO] aiogram.event: Update id=226639925 is handled. Duration 329 ms by bot id=8931940625
2026-08-01 16:52:15,811 [INFO] aiogram.event: Update id=226639926 is handled. Duration 316 ms by bot id=8931940625
2026-08-01 16:52:16,847 [INFO] aiogram.event: Update id=226639927 is handled. Duration 329 ms by bot id=8931940625
2026-08-01 16:53:56,653 [INFO] aiogram.event: Update id=226639928 is handled. Duration 296 ms by bot id=8931940625
2026-08-01 16:54:04,269 [INFO] aiogram.event: Update id=226639929 is handled. Duration 321 ms by bot id=8931940625
2026-08-01 16:59:30,613 [INFO] aiogram.event: Update id=226639930 is handled. Duration 337 ms by bot id=8931940625
2026-08-01 18:46:21,575 [INFO] aiogram.event: Update id=226639931 is handled. Duration 226 ms by bot id=8931940625
2026-08-01 18:46:26,095 [INFO] aiogram.event: Update id=226639932 is handled. Duration 334 ms by bot id=8931940625
2026-08-01 18:46:32,614 [INFO] aiogram.event: Update id=226639933 is handled. Duration 449 ms by bot id=8931940625
2026-08-01 18:46:43,571 [INFO] aiogram.event: Update id=226639934 is handled. Duration 485 ms by bot id=8931940625
2026-08-01 18:46:45,667 [INFO] aiogram.event: Update id=226639935 is handled. Duration 304 ms by bot id=8931940625
2026-08-01 18:46:47,680 [INFO] aiogram.event: Update id=226639936 is handled. Duration 378 ms by bot id=8931940625
2026-08-01 18:46:49,093 [INFO] aiogram.event: Update id=226639937 is handled. Duration 310 ms by bot id=8931940625
2026-08-01 18:46:50,547 [INFO] aiogram.event: Update id=226639938 is handled. Duration 342 ms by bot id=8931940625
2026-08-01 18:46:52,052 [INFO] aiogram.event: Update id=226639939 is handled. Duration 328 ms by bot id=8931940625
2026-08-01 20:21:12,852 [INFO] aiogram.event: Update id=226639940 is handled. Duration 236 ms by bot id=8931940625
2026-08-01 20:21:15,604 [INFO] aiogram.event: Update id=226639941 is handled. Duration 324 ms by bot id=8931940625
2026-08-01 20:21:24,491 [INFO] aiogram.event: Update id=226639942 is handled. Duration 328 ms by bot id=8931940625
2026-08-01 20:21:25,856 [INFO] aiogram.event: Update id=226639943 is handled. Duration 331 ms by bot id=8931940625
2026-08-01 20:21:31,436 [INFO] aiogram.event: Update id=226639944 is handled. Duration 460 ms by bot id=8931940625
2026-08-01 21:07:55,790 [INFO] aiogram.event: Update id=226639945 is handled. Duration 226 ms by bot id=8931940625
2026-08-01 21:07:59,214 [INFO] aiogram.event: Update id=226639946 is handled. Duration 375 ms by bot id=8931940625
2026-08-01 21:08:02,596 [INFO] aiogram.event: Update id=226639947 is handled. Duration 316 ms by bot id=8931940625
2026-08-01 21:08:04,111 [INFO] aiogram.event: Update id=226639948 is handled. Duration 341 ms by bot id=8931940625
2026-08-01 21:08:05,423 [INFO] aiogram.event: Update id=226639949 is handled. Duration 319 ms by bot id=8931940625
2026-08-01 21:08:06,505 [INFO] aiogram.event: Update id=226639950 is handled. Duration 356 ms by bot id=8931940625
2026-08-02 01:11:33,264 [ERROR] aiogram.dispatcher: Failed to fetch updates - TelegramServerError: Telegram server says - Bad Gateway
2026-08-02 01:11:33,264 [WARNING] aiogram.dispatcher: Sleep for 1.000000 seconds and try again... (tryings = 0, bot id = 8931940625)
2026-08-02 01:11:34,284 [ERROR] aiogram.dispatcher: Failed to fetch updates - TelegramServerError: Telegram server says - Bad Gateway
2026-08-02 01:11:34,284 [WARNING] aiogram.dispatcher: Sleep for 1.201556 seconds and try again... (tryings = 1, bot id = 8931940625)
2026-08-02 01:12:46,014 [ERROR] aiogram.dispatcher: Failed to fetch updates - TelegramNetworkError: HTTP Client says - Request timeout error
2026-08-02 01:12:46,014 [WARNING] aiogram.dispatcher: Sleep for 1.491839 seconds and try again... (tryings = 2, bot id = 8931940625)
2026-08-02 01:13:57,996 [ERROR] aiogram.dispatcher: Failed to fetch updates - TelegramNetworkError: HTTP Client says - Request timeout error
2026-08-02 01:13:57,996 [WARNING] aiogram.dispatcher: Sleep for 1.927372 seconds and try again... (tryings = 3, bot id = 8931940625)
2026-08-02 01:14:09,962 [INFO] aiogram.dispatcher: Connection established (tryings = 4, bot id = 8931940625)
2026-08-02 01:42:49,074 [INFO] aiogram.event: Update id=226639951 is handled. Duration 231 ms by bot id=8931940625
2026-08-02 01:42:55,496 [INFO] aiogram.event: Update id=226639952 is handled. Duration 306 ms by bot id=8931940625
2026-08-02 01:43:04,950 [INFO] aiogram.event: Update id=226639953 is handled. Duration 482 ms by bot id=8931940625
2026-08-02 01:43:11,244 [INFO] aiogram.event: Update id=226639954 is handled. Duration 447 ms by bot id=8931940625
2026-08-02 01:43:20,547 [INFO] aiogram.event: Update id=226639955 is handled. Duration 548 ms by bot id=8931940625
2026-08-02 03:41:26,450 [INFO] aiogram.event: Update id=226639956 is handled. Duration 365 ms by bot id=8931940625
2026-08-02 03:41:29,148 [INFO] aiogram.event: Update id=226639957 is handled. Duration 292 ms by bot id=8931940625
2026-08-02 03:41:33,073 [INFO] aiogram.event: Update id=226639958 is handled. Duration 318 ms by bot id=8931940625
2026-08-02 04:29:33,830 [INFO] aiogram.event: Update id=226639959 is handled. Duration 345 ms by bot id=8931940625
2026-08-02 04:29:36,246 [INFO] aiogram.event: Update id=226639960 is handled. Duration 324 ms by bot id=8931940625
2026-08-02 04:29:39,092 [INFO] aiogram.event: Update id=226639961 is handled. Duration 305 ms by bot id=8931940625
2026-08-02 04:29:41,789 [WARNING] utils.screen: show_screen edit error: Telegram server says - Bad Request: message can't be deleted for everyone
2026-08-02 04:29:41,933 [INFO] aiogram.event: Update id=226639962 is handled. Duration 174 ms by bot id=8931940625
2026-08-02 04:29:46,790 [INFO] aiogram.event: Update id=226639963 is handled. Duration 429 ms by bot id=8931940625
2026-08-02 04:29:48,696 [INFO] aiogram.event: Update id=226639964 is handled. Duration 290 ms by bot id=8931940625
2026-08-02 04:29:52,088 [INFO] aiogram.event: Update id=226639965 is handled. Duration 486 ms by bot id=8931940625
2026-08-02 04:29:53,603 [INFO] aiogram.event: Update id=226639966 is handled. Duration 329 ms by bot id=8931940625
2026-08-02 04:29:58,142 [INFO] aiogram.event: Update id=226639967 is handled. Duration 292 ms by bot id=8931940625
2026-08-02 04:30:00,037 [INFO] aiogram.event: Update id=226639968 is handled. Duration 337 ms by bot id=8931940625
2026-08-02 04:30:01,619 [INFO] aiogram.event: Update id=226639969 is handled. Duration 327 ms by bot id=8931940625
2026-08-02 04:30:03,489 [INFO] aiogram.event: Update id=226639970 is handled. Duration 347 ms by bot id=8931940625
2026-08-02 04:30:05,346 [INFO] aiogram.event: Update id=226639971 is handled. Duration 283 ms by bot id=8931940625
2026-08-02 04:30:06,864 [INFO] aiogram.event: Update id=226639972 is handled. Duration 330 ms by bot id=8931940625
2026-08-02 04:30:07,992 [INFO] aiogram.event: Update id=226639973 is handled. Duration 287 ms by bot id=8931940625
2026-08-02 04:30:10,376 [INFO] aiogram.event: Update id=226639974 is handled. Duration 320 ms by bot id=8931940625
2026-08-02 04:30:11,816 [INFO] aiogram.event: Update id=226639975 is handled. Duration 304 ms by bot id=8931940625
2026-08-02 04:30:20,089 [INFO] aiogram.event: Update id=226639976 is handled. Duration 333 ms by bot id=8931940625
2026-08-02 04:30:25,040 [INFO] aiogram.event: Update id=226639977 is handled. Duration 333 ms by bot id=8931940625
2026-08-02 04:30:26,446 [INFO] aiogram.event: Update id=226639978 is handled. Duration 353 ms by bot id=8931940625
2026-08-02 06:06:19,932 [INFO] aiogram.event: Update id=226639979 is handled. Duration 240 ms by bot id=8931940625
2026-08-02 06:06:26,586 [INFO] aiogram.event: Update id=226639980 is handled. Duration 309 ms by bot id=8931940625
2026-08-02 06:06:28,673 [INFO] aiogram.event: Update id=226639981 is handled. Duration 328 ms by bot id=8931940625
2026-08-02 06:06:29,572 [INFO] aiogram.event: Update id=226639982 is handled. Duration 310 ms by bot id=8931940625
2026-08-02 06:06:34,095 [INFO] aiogram.event: Update id=226639983 is handled. Duration 330 ms by bot id=8931940625
2026-08-02 06:06:35,033 [INFO] aiogram.event: Update id=226639984 is handled. Duration 313 ms by bot id=8931940625
2026-08-02 06:06:42,449 [INFO] aiogram.event: Update id=226639985 is handled. Duration 299 ms by bot id=8931940625
2026-08-02 06:06:46,961 [INFO] aiogram.event: Update id=226639986 is handled. Duration 278 ms by bot id=8931940625
2026-08-02 06:06:52,142 [INFO] aiogram.event: Update id=226639987 is handled. Duration 475 ms by bot id=8931940625
2026-08-02 06:06:53,158 [INFO] aiogram.event: Update id=226639988 is handled. Duration 285 ms by bot id=8931940625
2026-08-02 06:07:09,889 [INFO] aiogram.event: Update id=226639989 is handled. Duration 419 ms by bot id=8931940625
2026-08-02 06:07:11,201 [INFO] aiogram.event: Update id=226639990 is handled. Duration 337 ms by bot id=8931940625
2026-08-02 06:07:12,995 [INFO] aiogram.event: Update id=226639991 is handled. Duration 287 ms by bot id=8931940625
2026-08-02 06:07:16,033 [INFO] aiogram.event: Update id=226639992 is handled. Duration 168 ms by bot id=8931940625
2026-08-02 06:07:24,993 [INFO] aiogram.event: Update id=226639993 is handled. Duration 315 ms by bot id=8931940625
2026-08-02 06:07:28,472 [INFO] aiogram.event: Update id=226639994 is handled. Duration 163 ms by bot id=8931940625
2026-08-02 06:07:37,294 [INFO] aiogram.event: Update id=226639995 is handled. Duration 298 ms by bot id=8931940625
2026-08-02 06:48:22,861 [INFO] aiogram.event: Update id=226639996 is handled. Duration 340 ms by bot id=8931940625
2026-08-02 06:48:32,273 [INFO] aiogram.event: Update id=226639997 is handled. Duration 159 ms by bot id=8931940625
2026-08-02 07:09:54,385 [INFO] aiogram.event: Update id=226639998 is handled. Duration 233 ms by bot id=8931940625
2026-08-02 07:09:58,773 [INFO] aiogram.event: Update id=226639999 is handled. Duration 303 ms by bot id=8931940625
2026-08-02 07:10:08,270 [INFO] aiogram.event: Update id=226640000 is handled. Duration 481 ms by bot id=8931940625
2026-08-02 07:10:19,767 [INFO] aiogram.event: Update id=226640001 is handled. Duration 464 ms by bot id=8931940625
2026-08-02 07:10:24,556 [INFO] aiogram.event: Update id=226640002 is handled. Duration 433 ms by bot id=8931940625
2026-08-02 07:44:32,595 [INFO] aiogram.event: Update id=226640003 is handled. Duration 303 ms by bot id=8931940625
2026-08-02 07:44:34,016 [INFO] aiogram.event: Update id=226640004 is handled. Duration 178 ms by bot id=8931940625
2026-08-02 07:44:43,180 [INFO] aiogram.event: Update id=226640005 is handled. Duration 317 ms by bot id=8931940625
2026-08-02 07:44:53,630 [INFO] aiogram.event: Update id=226640006 is handled. Duration 300 ms by bot id=8931940625
2026-08-02 07:44:59,143 [INFO] aiogram.event: Update id=226640007 is handled. Duration 149 ms by bot id=8931940625
2026-08-02 08:52:30,432 [INFO] aiogram.event: Update id=226640008 is handled. Duration 231 ms by bot id=8931940625
2026-08-02 08:52:32,838 [INFO] aiogram.event: Update id=226640009 is handled. Duration 308 ms by bot id=8931940625
2026-08-02 08:52:37,692 [INFO] aiogram.event: Update id=226640010 is handled. Duration 438 ms by bot id=8931940625
2026-08-02 08:52:44,881 [INFO] aiogram.event: Update id=226640011 is handled. Duration 454 ms by bot id=8931940625
2026-08-02 08:52:48,872 [INFO] aiogram.event: Update id=226640012 is handled. Duration 419 ms by bot id=8931940625
2026-08-02 08:52:54,051 [INFO] aiogram.event: Update id=226640013 is handled. Duration 435 ms by bot id=8931940625
2026-08-02 08:52:59,677 [INFO] aiogram.event: Update id=226640014 is handled. Duration 425 ms by bot id=8931940625
2026-08-02 08:53:05,170 [INFO] aiogram.event: Update id=226640015 is handled. Duration 446 ms by bot id=8931940625
2026-08-02 08:53:10,083 [INFO] aiogram.event: Update id=226640016 is handled. Duration 434 ms by bot id=8931940625
2026-08-02 08:53:14,239 [INFO] aiogram.event: Update id=226640017 is handled. Duration 436 ms by bot id=8931940625
2026-08-02 08:53:23,535 [INFO] aiogram.event: Update id=226640018 is handled. Duration 333 ms by bot id=8931940625
2026-08-02 08:53:25,283 [INFO] aiogram.event: Update id=226640019 is handled. Duration 303 ms by bot id=8931940625
2026-08-02 08:53:28,950 [INFO] aiogram.event: Update id=226640020 is handled. Duration 295 ms by bot id=8931940625
2026-08-02 08:53:33,373 [INFO] aiogram.event: Update id=226640021 is handled. Duration 283 ms by bot id=8931940625
2026-08-02 08:53:43,573 [INFO] aiogram.event: Update id=226640022 is handled. Duration 409 ms by bot id=8931940625
2026-08-02 08:53:47,663 [INFO] aiogram.event: Update id=226640023 is handled. Duration 325 ms by bot id=8931940625
2026-08-02 09:14:19,638 [WARNING] utils.screen: show_screen edit error: Telegram server says - Bad Request: message can't be deleted for everyone
2026-08-02 09:14:19,909 [INFO] aiogram.event: Update id=226640024 is handled. Duration 368 ms by bot id=8931940625
2026-08-02 09:14:32,508 [INFO] aiogram.event: Update id=226640025 is handled. Duration 310 ms by bot id=8931940625
2026-08-02 09:24:35,741 [INFO] aiogram.event: Update id=226640026 is handled. Duration 187 ms by bot id=8931940625
2026-08-02 09:24:40,639 [INFO] aiogram.event: Update id=226640027 is handled. Duration 306 ms by bot id=8931940625
2026-08-02 09:24:43,558 [INFO] aiogram.event: Update id=226640028 is handled. Duration 467 ms by bot id=8931940625
2026-08-02 11:20:31,102 [INFO] aiogram.event: Update id=226640029 is handled. Duration 220 ms by bot id=8931940625
2026-08-02 11:20:33,181 [INFO] aiogram.event: Update id=226640030 is handled. Duration 483 ms by bot id=8931940625
2026-08-02 11:20:45,804 [INFO] aiogram.event: Update id=226640031 is handled. Duration 315 ms by bot id=8931940625
2026-08-02 11:20:48,075 [INFO] aiogram.event: Update id=226640032 is handled. Duration 318 ms by bot id=8931940625
2026-08-02 11:20:54,643 [INFO] aiogram.event: Update id=226640033 is handled. Duration 408 ms by bot id=8931940625
2026-08-02 11:21:13,522 [INFO] aiogram.event: Update id=226640034 is handled. Duration 444 ms by bot id=8931940625
2026-08-02 11:21:15,213 [INFO] aiogram.event: Update id=226640035 is handled. Duration 436 ms by bot id=8931940625
2026-08-02 11:21:19,652 [INFO] aiogram.event: Update id=226640036 is handled. Duration 440 ms by bot id=8931940625
2026-08-02 11:21:22,331 [INFO] aiogram.event: Update id=226640037 is handled. Duration 512 ms by bot id=8931940625
2026-08-02 11:21:25,928 [INFO] aiogram.event: Update id=226640038 is handled. Duration 569 ms by bot id=8931940625
2026-08-02 11:21:27,898 [INFO] aiogram.event: Update id=226640039 is handled. Duration 411 ms by bot id=8931940625
2026-08-02 11:21:31,824 [INFO] aiogram.event: Update id=226640040 is handled. Duration 424 ms by bot id=8931940625
2026-08-02 11:21:34,152 [INFO] aiogram.event: Update id=226640041 is handled. Duration 445 ms by bot id=8931940625
2026-08-02 11:21:51,264 [INFO] aiogram.event: Update id=226640042 is handled. Duration 466 ms by bot id=8931940625
2026-08-02 11:21:53,910 [INFO] aiogram.event: Update id=226640043 is handled. Duration 406 ms by bot id=8931940625
2026-08-02 11:22:03,393 [INFO] aiogram.event: Update id=226640044 is handled. Duration 613 ms by bot id=8931940625
2026-08-02 11:22:09,284 [INFO] aiogram.event: Update id=226640045 is handled. Duration 409 ms by bot id=8931940625
2026-08-02 11:22:13,841 [INFO] aiogram.event: Update id=226640046 is handled. Duration 485 ms by bot id=8931940625
2026-08-02 13:25:03,768 [INFO] aiogram.event: Update id=226640047 is handled. Duration 226 ms by bot id=8931940625
2026-08-02 13:25:06,197 [INFO] aiogram.event: Update id=226640048 is handled. Duration 310 ms by bot id=8931940625
2026-08-02 13:25:13,570 [INFO] aiogram.event: Update id=226640049 is handled. Duration 325 ms by bot id=8931940625
2026-08-02 13:25:15,135 [INFO] aiogram.event: Update id=226640050 is handled. Duration 319 ms by bot id=8931940625
2026-08-02 13:25:18,245 [INFO] aiogram.event: Update id=226640051 is handled. Duration 310 ms by bot id=8931940625
2026-08-02 13:25:19,435 [INFO] aiogram.event: Update id=226640052 is handled. Duration 314 ms by bot id=8931940625
2026-08-02 13:25:20,954 [INFO] aiogram.event: Update id=226640053 is handled. Duration 306 ms by bot id=8931940625
2026-08-02 13:25:22,848 [INFO] aiogram.event: Update id=226640054 is handled. Duration 306 ms by bot id=8931940625
2026-08-02 13:46:15,645 [INFO] aiogram.event: Update id=226640055 is not handled. Duration 4 ms by bot id=8931940625
2026-08-02 15:18:22,642 [INFO] aiogram.event: Update id=226640056 is handled. Duration 242 ms by bot id=8931940625
2026-08-02 15:18:24,506 [INFO] aiogram.event: Update id=226640057 is handled. Duration 326 ms by bot id=8931940625
2026-08-02 16:36:11,195 [INFO] aiogram.event: Update id=226640058 is handled. Duration 228 ms by bot id=8931940625
2026-08-02 16:36:13,222 [INFO] aiogram.event: Update id=226640059 is handled. Duration 331 ms by bot id=8931940625
2026-08-02 16:36:16,638 [INFO] aiogram.event: Update id=226640060 is handled. Duration 303 ms by bot id=8931940625
2026-08-02 16:36:19,546 [INFO] aiogram.event: Update id=226640061 is handled. Duration 291 ms by bot id=8931940625
2026-08-02 16:36:29,043 [WARNING] utils.screen: show_screen edit error: Telegram server says - Bad Request: message is not modified: specified new message content and reply markup are exactly the same as a current content and reply markup of the message
2026-08-02 16:36:29,334 [INFO] aiogram.event: Update id=226640062 is handled. Duration 453 ms by bot id=8931940625
2026-08-02 16:36:32,391 [INFO] aiogram.event: Update id=226640063 is handled. Duration 438 ms by bot id=8931940625
2026-08-02 16:36:34,680 [INFO] aiogram.event: Update id=226640064 is handled. Duration 555 ms by bot id=8931940625
2026-08-02 16:36:36,634 [INFO] aiogram.event: Update id=226640065 is handled. Duration 297 ms by bot id=8931940625
2026-08-02 16:36:44,156 [INFO] aiogram.event: Update id=226640066 is handled. Duration 447 ms by bot id=8931940625
2026-08-02 16:36:49,494 [INFO] aiogram.event: Update id=226640067 is handled. Duration 329 ms by bot id=8931940625
2026-08-02 16:36:54,030 [INFO] aiogram.event: Update id=226640068 is handled. Duration 315 ms by bot id=8931940625
2026-08-02 16:37:08,882 [INFO] aiogram.event: Update id=226640069 is handled. Duration 347 ms by bot id=8931940625
2026-08-02 16:37:19,174 [INFO] aiogram.event: Update id=226640070 is handled. Duration 299 ms by bot id=8931940625
2026-08-02 16:37:20,536 [INFO] aiogram.event: Update id=226640071 is handled. Duration 170 ms by bot id=8931940625
2026-08-02 22:18:42,940 [INFO] aiogram.event: Update id=226640072 is handled. Duration 223 ms by bot id=8931940625
2026-08-02 22:18:45,494 [INFO] aiogram.event: Update id=226640073 is handled. Duration 319 ms by bot id=8931940625
2026-08-02 22:18:52,759 [INFO] aiogram.event: Update id=226640074 is handled. Duration 290 ms by bot id=8931940625
2026-08-02 22:18:58,968 [INFO] aiogram.event: Update id=226640075 is handled. Duration 160 ms by bot id=8931940625
2026-08-02 22:19:31,994 [INFO] aiogram.event: Update id=226640076 is handled. Duration 137 ms by bot id=8931940625
2026-08-02 22:19:33,516 [INFO] aiogram.event: Update id=226640077 is handled. Duration 377 ms by bot id=8931940625
2026-08-03 01:11:39,037 [ERROR] aiogram.dispatcher: Failed to fetch updates - TelegramRetryAfter: Telegram server says - Flood control exceeded on method 'GetUpdates'. Retry in 5 seconds.
Original description: Too Many Requests: retry after 5
(background on this error at: https://core.telegram.org/bots/faq#my-bot-is-hitting-limits-how-do-i-avoid-this)
2026-08-03 01:11:39,037 [WARNING] aiogram.dispatcher: Sleep for 1.000000 seconds and try again... (tryings = 0, bot id = 8931940625)
2026-08-03 01:11:40,050 [ERROR] aiogram.dispatcher: Failed to fetch updates - TelegramRetryAfter: Telegram server says - Flood control exceeded on method 'GetUpdates'. Retry in 5 seconds.
Original description: Too Many Requests: retry after 5
(background on this error at: https://core.telegram.org/bots/faq#my-bot-is-hitting-limits-how-do-i-avoid-this)
2026-08-03 01:11:40,050 [WARNING] aiogram.dispatcher: Sleep for 1.223523 seconds and try again... (tryings = 1, bot id = 8931940625)
2026-08-03 01:11:43,849 [ERROR] aiogram.dispatcher: Failed to fetch updates - TelegramServerError: Telegram server says - Bad Gateway
2026-08-03 01:11:43,850 [WARNING] aiogram.dispatcher: Sleep for 1.514975 seconds and try again... (tryings = 2, bot id = 8931940625)
2026-08-03 01:12:56,011 [ERROR] aiogram.dispatcher: Failed to fetch updates - TelegramNetworkError: HTTP Client says - Request timeout error
2026-08-03 01:12:56,011 [WARNING] aiogram.dispatcher: Sleep for 2.168013 seconds and try again... (tryings = 3, bot id = 8931940625)
2026-08-03 01:13:13,779 [INFO] aiogram.dispatcher: Connection established (tryings = 4, bot id = 8931940625)
2026-08-03 04:38:54,966 [INFO] aiogram.event: Update id=226640078 is handled. Duration 231 ms by bot id=8931940625
2026-08-03 04:38:59,818 [INFO] aiogram.event: Update id=226640079 is handled. Duration 351 ms by bot id=8931940625
2026-08-03 04:39:04,720 [INFO] aiogram.event: Update id=226640080 is handled. Duration 436 ms by bot id=8931940625
2026-08-03 04:39:12,428 [INFO] aiogram.event: Update id=226640081 is handled. Duration 464 ms by bot id=8931940625
2026-08-03 04:39:14,684 [INFO] aiogram.event: Update id=226640082 is handled. Duration 315 ms by bot id=8931940625
2026-08-03 04:39:17,714 [INFO] aiogram.event: Update id=226640083 is handled. Duration 313 ms by bot id=8931940625
2026-08-03 04:39:20,425 [INFO] aiogram.event: Update id=226640084 is handled. Duration 406 ms by bot id=8931940625
2026-08-03 04:39:22,016 [INFO] aiogram.event: Update id=226640085 is handled. Duration 321 ms by bot id=8931940625
2026-08-03 04:39:24,715 [INFO] aiogram.event: Update id=226640086 is handled. Duration 440 ms by bot id=8931940625
2026-08-03 04:39:26,799 [INFO] aiogram.event: Update id=226640087 is handled. Duration 319 ms by bot id=8931940625
2026-08-03 04:39:29,294 [INFO] aiogram.event: Update id=226640088 is handled. Duration 318 ms by bot id=8931940625
2026-08-03 04:39:31,002 [INFO] aiogram.event: Update id=226640089 is handled. Duration 316 ms by bot id=8931940625
2026-08-03 04:39:33,553 [INFO] aiogram.event: Update id=226640090 is handled. Duration 318 ms by bot id=8931940625
2026-08-03 04:39:36,633 [INFO] aiogram.event: Update id=226640091 is handled. Duration 301 ms by bot id=8931940625
2026-08-03 04:39:38,434 [INFO] aiogram.event: Update id=226640092 is handled. Duration 291 ms by bot id=8931940625
2026-08-03 04:39:53,558 [INFO] aiogram.event: Update id=226640093 is handled. Duration 159 ms by bot id=8931940625
2026-08-03 04:39:58,875 [INFO] aiogram.event: Update id=226640094 is handled. Duration 337 ms by bot id=8931940625
2026-08-03 04:40:02,553 [INFO] aiogram.event: Update id=226640095 is handled. Duration 433 ms by bot id=8931940625
2026-08-03 04:40:09,171 [INFO] aiogram.event: Update id=226640096 is handled. Duration 301 ms by bot id=8931940625
2026-08-03 05:25:15,716 [INFO] aiogram.event: Update id=226640097 is handled. Duration 327 ms by bot id=8931940625
2026-08-03 05:25:18,448 [INFO] aiogram.event: Update id=226640098 is handled. Duration 285 ms by bot id=8931940625
2026-08-03 05:35:32,054 [INFO] aiogram.event: Update id=226640099 is handled. Duration 303 ms by bot id=8931940625
2026-08-03 05:35:40,349 [INFO] aiogram.event: Update id=226640100 is handled. Duration 149 ms by bot id=8931940625
2026-08-03 05:51:59,918 [INFO] aiogram.event: Update id=226640101 is handled. Duration 508 ms by bot id=8931940625
2026-08-03 05:52:03,003 [INFO] aiogram.event: Update id=226640102 is handled. Duration 303 ms by bot id=8931940625
2026-08-03 05:52:04,465 [INFO] aiogram.event: Update id=226640103 is handled. Duration 327 ms by bot id=8931940625
2026-08-03 05:52:05,820 [INFO] aiogram.event: Update id=226640104 is handled. Duration 310 ms by bot id=8931940625
2026-08-03 05:52:11,495 [INFO] aiogram.event: Update id=226640105 is handled. Duration 299 ms by bot id=8931940625
2026-08-03 05:52:24,291 [INFO] aiogram.event: Update id=226640106 is handled. Duration 158 ms by bot id=8931940625
2026-08-03 05:52:50,970 [INFO] aiogram.event: Update id=226640107 is handled. Duration 341 ms by bot id=8931940625
2026-08-03 05:54:32,073 [INFO] aiogram.event: Update id=226640108 is handled. Duration 450 ms by bot id=8931940625
2026-08-03 05:54:33,604 [INFO] aiogram.event: Update id=226640109 is handled. Duration 465 ms by bot id=8931940625
2026-08-03 05:54:36,946 [INFO] aiogram.event: Update id=226640110 is handled. Duration 360 ms by bot id=8931940625
2026-08-03 05:54:40,497 [INFO] aiogram.event: Update id=226640111 is handled. Duration 279 ms by bot id=8931940625
2026-08-03 06:07:35,546 [INFO] aiogram.event: Update id=226640112 is handled. Duration 341 ms by bot id=8931940625
2026-08-03 06:07:37,495 [INFO] aiogram.event: Update id=226640113 is handled. Duration 291 ms by bot id=8931940625
2026-08-03 06:07:44,730 [INFO] aiogram.event: Update id=226640114 is handled. Duration 160 ms by bot id=8931940625
2026-08-03 06:07:55,885 [INFO] aiogram.event: Update id=226640115 is handled. Duration 294 ms by bot id=8931940625
2026-08-03 06:14:22,998 [INFO] aiogram.event: Update id=226640116 is handled. Duration 190 ms by bot id=8931940625
2026-08-03 06:14:25,512 [INFO] aiogram.event: Update id=226640117 is handled. Duration 331 ms by bot id=8931940625
2026-08-03 06:14:29,659 [INFO] aiogram.event: Update id=226640118 is handled. Duration 297 ms by bot id=8931940625
2026-08-03 06:14:33,140 [INFO] aiogram.event: Update id=226640119 is handled. Duration 340 ms by bot id=8931940625
2026-08-03 06:14:34,951 [INFO] aiogram.event: Update id=226640120 is handled. Duration 295 ms by bot id=8931940625
2026-08-03 06:14:48,041 [INFO] aiogram.event: Update id=226640121 is handled. Duration 344 ms by bot id=8931940625
2026-08-03 06:14:50,394 [INFO] aiogram.event: Update id=226640122 is handled. Duration 296 ms by bot id=8931940625
2026-08-03 06:53:30,252 [INFO] aiogram.event: Update id=226640123 is handled. Duration 348 ms by bot id=8931940625
2026-08-03 06:53:31,638 [INFO] aiogram.event: Update id=226640124 is handled. Duration 290 ms by bot id=8931940625
2026-08-03 06:54:10,369 [INFO] aiogram.event: Update id=226640125 is handled. Duration 147 ms by bot id=8931940625
2026-08-03 06:54:13,201 [INFO] aiogram.event: Update id=226640126 is handled. Duration 349 ms by bot id=8931940625
2026-08-03 07:38:38,043 [INFO] aiogram.event: Update id=226640127 is handled. Duration 299 ms by bot id=8931940625
2026-08-03 07:38:39,173 [INFO] aiogram.event: Update id=226640128 is handled. Duration 290 ms by bot id=8931940625
2026-08-03 07:38:42,746 [INFO] aiogram.event: Update id=226640129 is handled. Duration 305 ms by bot id=8931940625
2026-08-03 07:39:00,626 [INFO] aiogram.event: Update id=226640130 is handled. Duration 151 ms by bot id=8931940625
2026-08-03 07:39:59,361 [INFO] aiogram.event: Update id=226640131 is handled. Duration 494 ms by bot id=8931940625
2026-08-03 07:40:00,902 [INFO] aiogram.event: Update id=226640132 is handled. Duration 539 ms by bot id=8931940625
2026-08-03 07:40:02,682 [INFO] aiogram.event: Update id=226640133 is handled. Duration 299 ms by bot id=8931940625
2026-08-03 07:40:04,843 [INFO] aiogram.event: Update id=226640134 is handled. Duration 298 ms by bot id=8931940625
2026-08-03 07:40:13,425 [INFO] aiogram.event: Update id=226640135 is handled. Duration 154 ms by bot id=8931940625
2026-08-03 07:40:17,800 [INFO] aiogram.event: Update id=226640136 is handled. Duration 293 ms by bot id=8931940625
2026-08-03 07:40:19,330 [INFO] aiogram.event: Update id=226640137 is handled. Duration 278 ms by bot id=8931940625
2026-08-03 07:40:27,404 [INFO] aiogram.event: Update id=226640138 is handled. Duration 343 ms by bot id=8931940625
2026-08-03 07:44:18,315 [INFO] aiogram.event: Update id=226640139 is handled. Duration 212 ms by bot id=8931940625
2026-08-03 07:44:26,882 [INFO] aiogram.event: Update id=226640140 is handled. Duration 323 ms by bot id=8931940625
2026-08-03 07:44:33,976 [INFO] aiogram.event: Update id=226640141 is handled. Duration 422 ms by bot id=8931940625
2026-08-03 07:46:01,856 [INFO] aiogram.event: Update id=226640142 is handled. Duration 437 ms by bot id=8931940625
2026-08-03 07:46:07,937 [INFO] aiogram.event: Update id=226640143 is handled. Duration 456 ms by bot id=8931940625
2026-08-03 07:46:09,818 [INFO] aiogram.event: Update id=226640144 is handled. Duration 305 ms by bot id=8931940625
2026-08-03 07:46:12,994 [INFO] aiogram.event: Update id=226640145 is handled. Duration 288 ms by bot id=8931940625
2026-08-03 07:46:15,522 [INFO] aiogram.event: Update id=226640146 is handled. Duration 159 ms by bot id=8931940625
2026-08-03 07:46:37,995 [INFO] aiogram.event: Update id=226640147 is handled. Duration 294 ms by bot id=8931940625
2026-08-03 07:46:39,960 [INFO] aiogram.event: Update id=226640148 is handled. Duration 302 ms by bot id=8931940625
2026-08-03 07:58:41,484 [INFO] aiogram.event: Update id=226640149 is handled. Duration 228 ms by bot id=8931940625
2026-08-03 08:04:00,907 [INFO] aiogram.event: Update id=226640150 is handled. Duration 292 ms by bot id=8931940625
2026-08-03 08:04:06,049 [INFO] aiogram.event: Update id=226640151 is handled. Duration 280 ms by bot id=8931940625
2026-08-03 08:04:15,875 [INFO] aiogram.event: Update id=226640152 is handled. Duration 300 ms by bot id=8931940625
2026-08-03 08:04:18,912 [INFO] aiogram.event: Update id=226640153 is handled. Duration 282 ms by bot id=8931940625
2026-08-03 08:04:20,348 [INFO] aiogram.event: Update id=226640154 is handled. Duration 319 ms by bot id=8931940625
2026-08-03 08:04:24,030 [INFO] aiogram.event: Update id=226640155 is handled. Duration 283 ms by bot id=8931940625
2026-08-03 08:04:26,785 [INFO] aiogram.event: Update id=226640156 is handled. Duration 295 ms by bot id=8931940625
2026-08-03 08:04:29,979 [INFO] aiogram.event: Update id=226640157 is handled. Duration 283 ms by bot id=8931940625
2026-08-03 08:04:32,230 [INFO] aiogram.event: Update id=226640158 is handled. Duration 310 ms by bot id=8931940625
2026-08-03 08:04:33,896 [INFO] aiogram.event: Update id=226640159 is handled. Duration 282 ms by bot id=8931940625
2026-08-03 08:04:36,843 [INFO] aiogram.event: Update id=226640160 is handled. Duration 186 ms by bot id=8931940625
2026-08-03 08:04:38,818 [INFO] aiogram.event: Update id=226640161 is handled. Duration 282 ms by bot id=8931940625
2026-08-03 08:04:40,891 [INFO] aiogram.event: Update id=226640162 is handled. Duration 297 ms by bot id=8931940625
2026-08-03 08:04:42,267 [INFO] aiogram.event: Update id=226640163 is handled. Duration 290 ms by bot id=8931940625
2026-08-03 08:04:43,833 [INFO] aiogram.event: Update id=226640164 is handled. Duration 298 ms by bot id=8931940625
2026-08-03 08:04:48,857 [INFO] aiogram.event: Update id=226640165 is handled. Duration 277 ms by bot id=8931940625
2026-08-03 08:04:50,385 [INFO] aiogram.event: Update id=226640166 is handled. Duration 213 ms by bot id=8931940625
2026-08-03 08:04:51,719 [INFO] aiogram.event: Update id=226640167 is handled. Duration 280 ms by bot id=8931940625
2026-08-03 08:04:53,397 [INFO] aiogram.event: Update id=226640168 is handled. Duration 310 ms by bot id=8931940625
2026-08-03 08:04:55,229 [INFO] aiogram.event: Update id=226640169 is handled. Duration 289 ms by bot id=8931940625
2026-08-03 08:04:57,140 [INFO] aiogram.event: Update id=226640170 is handled. Duration 307 ms by bot id=8931940625
2026-08-03 08:04:58,284 [INFO] aiogram.event: Update id=226640171 is handled. Duration 277 ms by bot id=8931940625
2026-08-03 08:04:59,954 [INFO] aiogram.event: Update id=226640172 is handled. Duration 295 ms by bot id=8931940625
2026-08-03 08:05:01,786 [INFO] aiogram.event: Update id=226640173 is handled. Duration 279 ms by bot id=8931940625
2026-08-03 08:05:05,725 [INFO] aiogram.event: Update id=226640174 is handled. Duration 294 ms by bot id=8931940625
2026-08-03 08:05:11,606 [INFO] aiogram.event: Update id=226640175 is handled. Duration 489 ms by bot id=8931940625
2026-08-03 08:05:14,839 [INFO] aiogram.event: Update id=226640176 is handled. Duration 313 ms by bot id=8931940625
2026-08-03 08:05:19,665 [INFO] aiogram.event: Update id=226640177 is handled. Duration 188 ms by bot id=8931940625
2026-08-03 08:05:21,507 [INFO] aiogram.event: Update id=226640178 is handled. Duration 289 ms by bot id=8931940625
2026-08-03 08:11:28,861 [INFO] aiogram.event: Update id=226640179 is handled. Duration 280 ms by bot id=8931940625
2026-08-03 08:11:31,888 [INFO] aiogram.event: Update id=226640180 is handled. Duration 380 ms by bot id=8931940625
2026-08-03 08:11:33,645 [INFO] aiogram.event: Update id=226640181 is handled. Duration 397 ms by bot id=8931940625
2026-08-03 08:11:35,095 [INFO] aiogram.event: Update id=226640182 is handled. Duration 313 ms by bot id=8931940625
2026-08-03 08:11:37,005 [INFO] aiogram.event: Update id=226640183 is handled. Duration 281 ms by bot id=8931940625
2026-08-03 08:11:39,153 [INFO] aiogram.event: Update id=226640184 is handled. Duration 159 ms by bot id=8931940625
2026-08-03 08:11:42,239 [INFO] aiogram.event: Update id=226640185 is handled. Duration 436 ms by bot id=8931940625
2026-08-03 08:11:43,648 [INFO] aiogram.event: Update id=226640186 is handled. Duration 337 ms by bot id=8931940625
2026-08-03 08:11:53,661 [INFO] aiogram.event: Update id=226640187 is handled. Duration 184 ms by bot id=8931940625
2026-08-03 08:11:59,804 [INFO] aiogram.event: Update id=226640188 is handled. Duration 306 ms by bot id=8931940625
2026-08-03 08:12:01,760 [INFO] aiogram.event: Update id=226640189 is handled. Duration 321 ms by bot id=8931940625
2026-08-03 08:12:05,686 [INFO] aiogram.event: Update id=226640190 is handled. Duration 317 ms by bot id=8931940625
2026-08-03 08:12:07,006 [INFO] aiogram.event: Update id=226640191 is handled. Duration 293 ms by bot id=8931940625
2026-08-03 08:12:11,781 [INFO] aiogram.event: Update id=226640192 is handled. Duration 294 ms by bot id=8931940625
2026-08-03 08:12:12,860 [INFO] aiogram.event: Update id=226640193 is handled. Duration 307 ms by bot id=8931940625
2026-08-03 08:12:21,842 [INFO] aiogram.event: Update id=226640194 is handled. Duration 182 ms by bot id=8931940625
2026-08-03 08:12:34,011 [ERROR] handlers.user.catalog: cb_catalog error: (sqlite3.OperationalError) database is locked
[SQL: UPDATE users SET last_active_at=? WHERE users.id = ?]
[parameters: ('2026-08-03 08:12:29.004748', 212)]
(Background on this error at: https://sqlalche.me/e/20/e3q8)
Traceback (most recent call last):
  File "/home/container/.local/lib/python3.13/site-packages/sqlalchemy/engine/base.py", line 1969, in _exec_single_context
    self.dialect.do_execute(
    ~~~~~~~~~~~~~~~~~~~~~~~^
        cursor, str_statement, effective_parameters, context
        ^^^^^^^^^^^^^^^^^^^^^^^^^^^^^^^^^^^^^^^^^^^^^^^^^^^^
    )
    ^
  File "/home/container/.local/lib/python3.13/site-packages/sqlalchemy/engine/default.py", line 952, in do_execute
    cursor.execute(statement, parameters)
    ~~~~~~~~~~~~~~^^^^^^^^^^^^^^^^^^^^^^^
  File "/home/container/.local/lib/python3.13/site-packages/sqlalchemy/dialects/sqlite/aiosqlite.py", line 183, in execute
    self._adapt_connection._handle_exception(error)
    ~~~~~~~~~~~~~~~~~~~~~~~~~~~~~~~~~~~~~~~~^^^^^^^
  File "/home/container/.local/lib/python3.13/site-packages/sqlalchemy/dialects/sqlite/aiosqlite.py", line 343, in _handle_exception
    raise error
  File "/home/container/.local/lib/python3.13/site-packages/sqlalchemy/dialects/sqlite/aiosqlite.py", line 165, in execute
    self.await_(_cursor.execute(operation, parameters))
    ~~~~~~~~~~~^^^^^^^^^^^^^^^^^^^^^^^^^^^^^^^^^^^^^^^^
  File "/home/container/.local/lib/python3.13/site-packages/sqlalchemy/util/_concurrency_py3k.py", line 132, in await_only
    return current.parent.switch(awaitable)  # type: ignore[no-any-return,attr-defined] # noqa: E501
           ~~~~~~~~~~~~~~~~~~~~~^^^^^^^^^^^
  File "/home/container/.local/lib/python3.13/site-packages/sqlalchemy/util/_concurrency_py3k.py", line 196, in greenlet_spawn
    value = await result
            ^^^^^^^^^^^^
  File "/home/container/.local/lib/python3.13/site-packages/aiosqlite/cursor.py", line 40, in execute
    await self._execute(self._cursor.execute, sql, parameters)
  File "/home/container/.local/lib/python3.13/site-packages/aiosqlite/cursor.py", line 32, in _execute
    return await self._conn._execute(fn, *args, **kwargs)
           ^^^^^^^^^^^^^^^^^^^^^^^^^^^^^^^^^^^^^^^^^^^^^^
  File "/home/container/.local/lib/python3.13/site-packages/aiosqlite/core.py", line 160, in _execute
    return await future
           ^^^^^^^^^^^^
  File "/home/container/.local/lib/python3.13/site-packages/aiosqlite/core.py", line 63, in _connection_worker_thread
    result = function()
sqlite3.OperationalError: database is locked

The above exception was the direct cause of the following exception:

Traceback (most recent call last):
  File "/home/container/handlers/user/catalog.py", line 33, in cb_catalog
    user = await get_or_create_user(session, callback.from_user.id,
           ^^^^^^^^^^^^^^^^^^^^^^^^^^^^^^^^^^^^^^^^^^^^^^^^^^^^^^^^
                                    callback.from_user.username, callback.from_user.full_name)
                                    ^^^^^^^^^^^^^^^^^^^^^^^^^^^^^^^^^^^^^^^^^^^^^^^^^^^^^^^^^^
  File "/home/container/database/crud.py", line 36, in get_or_create_user
    await session.commit()
  File "/home/container/.local/lib/python3.13/site-packages/sqlalchemy/ext/asyncio/session.py", line 999, in commit
    await greenlet_spawn(self.sync_session.commit)
  File "/home/container/.local/lib/python3.13/site-packages/sqlalchemy/util/_concurrency_py3k.py", line 203, in greenlet_spawn
    result = context.switch(value)
  File "/home/container/.local/lib/python3.13/site-packages/sqlalchemy/orm/session.py", line 2035, in commit
    trans.commit(_to_root=True)
    ~~~~~~~~~~~~^^^^^^^^^^^^^^^
  File "<string>", line 2, in commit
  File "/home/container/.local/lib/python3.13/site-packages/sqlalchemy/orm/state_changes.py", line 137, in _go
    ret_value = fn(self, *arg, **kw)
  File "/home/container/.local/lib/python3.13/site-packages/sqlalchemy/orm/session.py", line 1316, in commit
    self._prepare_impl()
    ~~~~~~~~~~~~~~~~~~^^
  File "<string>", line 2, in _prepare_impl
  File "/home/container/.local/lib/python3.13/site-packages/sqlalchemy/orm/state_changes.py", line 137, in _go
    ret_value = fn(self, *arg, **kw)
  File "/home/container/.local/lib/python3.13/site-packages/sqlalchemy/orm/session.py", line 1290, in _prepare_impl
    self.session.flush()
    ~~~~~~~~~~~~~~~~~~^^
  File "/home/container/.local/lib/python3.13/site-packages/sqlalchemy/orm/session.py", line 4353, in flush
    self._flush(objects)
    ~~~~~~~~~~~^^^^^^^^^
  File "/home/container/.local/lib/python3.13/site-packages/sqlalchemy/orm/session.py", line 4488, in _flush
    with util.safe_reraise():
         ~~~~~~~~~~~~~~~~~^^
  File "/home/container/.local/lib/python3.13/site-packages/sqlalchemy/util/langhelpers.py", line 122, in __exit__
    raise exc_value.with_traceback(exc_tb)
  File "/home/container/.local/lib/python3.13/site-packages/sqlalchemy/orm/session.py", line 4449, in _flush
    flush_context.execute()
    ~~~~~~~~~~~~~~~~~~~~~^^
  File "/home/container/.local/lib/python3.13/site-packages/sqlalchemy/orm/unitofwork.py", line 465, in execute
    rec.execute(self)
    ~~~~~~~~~~~^^^^^^
  File "/home/container/.local/lib/python3.13/site-packages/sqlalchemy/orm/unitofwork.py", line 641, in execute
    util.preloaded.orm_persistence.save_obj(
    ~~~~~~~~~~~~~~~~~~~~~~~~~~~~~~~~~~~~~~~^
        self.mapper,
        ^^^^^^^^^^^^
        uow.states_for_mapper_hierarchy(self.mapper, False, False),
        ^^^^^^^^^^^^^^^^^^^^^^^^^^^^^^^^^^^^^^^^^^^^^^^^^^^^^^^^^^^
        uow,
        ^^^^
    )
    ^
  File "/home/container/.local/lib/python3.13/site-packages/sqlalchemy/orm/persistence.py", line 86, in save_obj
    _emit_update_statements(
    ~~~~~~~~~~~~~~~~~~~~~~~^
        base_mapper,
        ^^^^^^^^^^^^
    ...<3 lines>...
        update,
        ^^^^^^^
    )
    ^
  File "/home/container/.local/lib/python3.13/site-packages/sqlalchemy/orm/persistence.py", line 913, in _emit_update_statements
    c = connection.execute(
        statement, multiparams, execution_options=execution_options
    )
  File "/home/container/.local/lib/python3.13/site-packages/sqlalchemy/engine/base.py", line 1421, in execute
    return meth(
        self,
        distilled_parameters,
        execution_options or NO_OPTIONS,
    )
  File "/home/container/.local/lib/python3.13/site-packages/sqlalchemy/sql/elements.py", line 526, in _execute_on_connection
    return connection._execute_clauseelement(
           ~~~~~~~~~~~~~~~~~~~~~~~~~~~~~~~~~^
        self, distilled_params, execution_options
        ^^^^^^^^^^^^^^^^^^^^^^^^^^^^^^^^^^^^^^^^^
    )
    ^
  File "/home/container/.local/lib/python3.13/site-packages/sqlalchemy/engine/base.py", line 1643, in _execute_clauseelement
    ret = self._execute_context(
        dialect,
    ...<8 lines>...
        cache_hit=cache_hit,
    )
  File "/home/container/.local/lib/python3.13/site-packages/sqlalchemy/engine/base.py", line 1848, in _execute_context
    return self._exec_single_context(
           ~~~~~~~~~~~~~~~~~~~~~~~~~^
        dialect, context, statement, parameters
        ^^^^^^^^^^^^^^^^^^^^^^^^^^^^^^^^^^^^^^^
    )
    ^
  File "/home/container/.local/lib/python3.13/site-packages/sqlalchemy/engine/base.py", line 1988, in _exec_single_context
    self._handle_dbapi_exception(
    ~~~~~~~~~~~~~~~~~~~~~~~~~~~~^
        e, str_statement, effective_parameters, cursor, context
        ^^^^^^^^^^^^^^^^^^^^^^^^^^^^^^^^^^^^^^^^^^^^^^^^^^^^^^^
    )
    ^
  File "/home/container/.local/lib/python3.13/site-packages/sqlalchemy/engine/base.py", line 2365, in _handle_dbapi_exception
    raise sqlalchemy_exception.with_traceback(exc_info[2]) from e
  File "/home/container/.local/lib/python3.13/site-packages/sqlalchemy/engine/base.py", line 1969, in _exec_single_context
    self.dialect.do_execute(
    ~~~~~~~~~~~~~~~~~~~~~~~^
        cursor, str_statement, effective_parameters, context
        ^^^^^^^^^^^^^^^^^^^^^^^^^^^^^^^^^^^^^^^^^^^^^^^^^^^^
    )
    ^
  File "/home/container/.local/lib/python3.13/site-packages/sqlalchemy/engine/default.py", line 952, in do_execute
    cursor.execute(statement, parameters)
    ~~~~~~~~~~~~~~^^^^^^^^^^^^^^^^^^^^^^^
  File "/home/container/.local/lib/python3.13/site-packages/sqlalchemy/dialects/sqlite/aiosqlite.py", line 183, in execute
    self._adapt_connection._handle_exception(error)
    ~~~~~~~~~~~~~~~~~~~~~~~~~~~~~~~~~~~~~~~~^^^^^^^
  File "/home/container/.local/lib/python3.13/site-packages/sqlalchemy/dialects/sqlite/aiosqlite.py", line 343, in _handle_exception
    raise error
  File "/home/container/.local/lib/python3.13/site-packages/sqlalchemy/dialects/sqlite/aiosqlite.py", line 165, in execute
    self.await_(_cursor.execute(operation, parameters))
    ~~~~~~~~~~~^^^^^^^^^^^^^^^^^^^^^^^^^^^^^^^^^^^^^^^^
  File "/home/container/.local/lib/python3.13/site-packages/sqlalchemy/util/_concurrency_py3k.py", line 132, in await_only
    return current.parent.switch(awaitable)  # type: ignore[no-any-return,attr-defined] # noqa: E501
           ~~~~~~~~~~~~~~~~~~~~~^^^^^^^^^^^
  File "/home/container/.local/lib/python3.13/site-packages/sqlalchemy/util/_concurrency_py3k.py", line 196, in greenlet_spawn
    value = await result
            ^^^^^^^^^^^^
  File "/home/container/.local/lib/python3.13/site-packages/aiosqlite/cursor.py", line 40, in execute
    await self._execute(self._cursor.execute, sql, parameters)
  File "/home/container/.local/lib/python3.13/site-packages/aiosqlite/cursor.py", line 32, in _execute
    return await self._conn._execute(fn, *args, **kwargs)
           ^^^^^^^^^^^^^^^^^^^^^^^^^^^^^^^^^^^^^^^^^^^^^^
  File "/home/container/.local/lib/python3.13/site-packages/aiosqlite/core.py", line 160, in _execute
    return await future
           ^^^^^^^^^^^^
  File "/home/container/.local/lib/python3.13/site-packages/aiosqlite/core.py", line 63, in _connection_worker_thread
    result = function()
sqlalchemy.exc.OperationalError: (sqlite3.OperationalError) database is locked
[SQL: UPDATE users SET last_active_at=? WHERE users.id = ?]
[parameters: ('2026-08-03 08:12:29.004748', 212)]
(Background on this error at: https://sqlalche.me/e/20/e3q8)
2026-08-03 08:12:34,164 [INFO] aiogram.event: Update id=226640195 is handled. Duration 5169 ms by bot id=8931940625
2026-08-03 08:12:37,014 [INFO] aiogram.event: Update id=226640197 is not handled. Duration 4 ms by bot id=8931940625
2026-08-03 08:12:40,154 [INFO] aiogram.event: Update id=226640198 is handled. Duration 205 ms by bot id=8931940625
2026-08-03 08:12:40,396 [INFO] aiogram.event: Update id=226640196 is handled. Duration 4075 ms by bot id=8931940625
2026-08-03 08:12:47,125 [ERROR] handlers.user.stock: cb_stock error: (sqlite3.OperationalError) database is locked
[SQL: UPDATE users SET last_active_at=? WHERE users.id = ?]
[parameters: ('2026-08-03 08:12:42.119441', 11)]
(Background on this error at: https://sqlalche.me/e/20/e3q8)
Traceback (most recent call last):
  File "/home/container/.local/lib/python3.13/site-packages/sqlalchemy/engine/base.py", line 1969, in _exec_single_context
    self.dialect.do_execute(
    ~~~~~~~~~~~~~~~~~~~~~~~^
        cursor, str_statement, effective_parameters, context
        ^^^^^^^^^^^^^^^^^^^^^^^^^^^^^^^^^^^^^^^^^^^^^^^^^^^^
    )
    ^
  File "/home/container/.local/lib/python3.13/site-packages/sqlalchemy/engine/default.py", line 952, in do_execute
    cursor.execute(statement, parameters)
    ~~~~~~~~~~~~~~^^^^^^^^^^^^^^^^^^^^^^^
  File "/home/container/.local/lib/python3.13/site-packages/sqlalchemy/dialects/sqlite/aiosqlite.py", line 183, in execute
    self._adapt_connection._handle_exception(error)
    ~~~~~~~~~~~~~~~~~~~~~~~~~~~~~~~~~~~~~~~~^^^^^^^
  File "/home/container/.local/lib/python3.13/site-packages/sqlalchemy/dialects/sqlite/aiosqlite.py", line 343, in _handle_exception
    raise error
  File "/home/container/.local/lib/python3.13/site-packages/sqlalchemy/dialects/sqlite/aiosqlite.py", line 165, in execute
    self.await_(_cursor.execute(operation, parameters))
    ~~~~~~~~~~~^^^^^^^^^^^^^^^^^^^^^^^^^^^^^^^^^^^^^^^^
  File "/home/container/.local/lib/python3.13/site-packages/sqlalchemy/util/_concurrency_py3k.py", line 132, in await_only
    return current.parent.switch(awaitable)  # type: ignore[no-any-return,attr-defined] # noqa: E501
           ~~~~~~~~~~~~~~~~~~~~~^^^^^^^^^^^
  File "/home/container/.local/lib/python3.13/site-packages/sqlalchemy/util/_concurrency_py3k.py", line 196, in greenlet_spawn
    value = await result
            ^^^^^^^^^^^^
  File "/home/container/.local/lib/python3.13/site-packages/aiosqlite/cursor.py", line 40, in execute
    await self._execute(self._cursor.execute, sql, parameters)
  File "/home/container/.local/lib/python3.13/site-packages/aiosqlite/cursor.py", line 32, in _execute
    return await self._conn._execute(fn, *args, **kwargs)
           ^^^^^^^^^^^^^^^^^^^^^^^^^^^^^^^^^^^^^^^^^^^^^^
  File "/home/container/.local/lib/python3.13/site-packages/aiosqlite/core.py", line 160, in _execute
    return await future
           ^^^^^^^^^^^^
  File "/home/container/.local/lib/python3.13/site-packages/aiosqlite/core.py", line 63, in _connection_worker_thread
    result = function()
sqlite3.OperationalError: database is locked

The above exception was the direct cause of the following exception:

Traceback (most recent call last):
  File "/home/container/handlers/user/stock.py", line 28, in cb_stock
    user = await get_or_create_user(session, callback.from_user.id,
           ^^^^^^^^^^^^^^^^^^^^^^^^^^^^^^^^^^^^^^^^^^^^^^^^^^^^^^^^
                                    callback.from_user.username, callback.from_user.full_name)
                                    ^^^^^^^^^^^^^^^^^^^^^^^^^^^^^^^^^^^^^^^^^^^^^^^^^^^^^^^^^^
  File "/home/container/database/crud.py", line 36, in get_or_create_user
    await session.commit()
  File "/home/container/.local/lib/python3.13/site-packages/sqlalchemy/ext/asyncio/session.py", line 999, in commit
    await greenlet_spawn(self.sync_session.commit)
  File "/home/container/.local/lib/python3.13/site-packages/sqlalchemy/util/_concurrency_py3k.py", line 203, in greenlet_spawn
    result = context.switch(value)
  File "/home/container/.local/lib/python3.13/site-packages/sqlalchemy/orm/session.py", line 2035, in commit
    trans.commit(_to_root=True)
    ~~~~~~~~~~~~^^^^^^^^^^^^^^^
  File "<string>", line 2, in commit
  File "/home/container/.local/lib/python3.13/site-packages/sqlalchemy/orm/state_changes.py", line 137, in _go
    ret_value = fn(self, *arg, **kw)
  File "/home/container/.local/lib/python3.13/site-packages/sqlalchemy/orm/session.py", line 1316, in commit
    self._prepare_impl()
    ~~~~~~~~~~~~~~~~~~^^
  File "<string>", line 2, in _prepare_impl
  File "/home/container/.local/lib/python3.13/site-packages/sqlalchemy/orm/state_changes.py", line 137, in _go
    ret_value = fn(self, *arg, **kw)
  File "/home/container/.local/lib/python3.13/site-packages/sqlalchemy/orm/session.py", line 1290, in _prepare_impl
    self.session.flush()
    ~~~~~~~~~~~~~~~~~~^^
  File "/home/container/.local/lib/python3.13/site-packages/sqlalchemy/orm/session.py", line 4353, in flush
    self._flush(objects)
    ~~~~~~~~~~~^^^^^^^^^
  File "/home/container/.local/lib/python3.13/site-packages/sqlalchemy/orm/session.py", line 4488, in _flush
    with util.safe_reraise():
         ~~~~~~~~~~~~~~~~~^^
  File "/home/container/.local/lib/python3.13/site-packages/sqlalchemy/util/langhelpers.py", line 122, in __exit__
    raise exc_value.with_traceback(exc_tb)
  File "/home/container/.local/lib/python3.13/site-packages/sqlalchemy/orm/session.py", line 4449, in _flush
    flush_context.execute()
    ~~~~~~~~~~~~~~~~~~~~~^^
  File "/home/container/.local/lib/python3.13/site-packages/sqlalchemy/orm/unitofwork.py", line 465, in execute
    rec.execute(self)
    ~~~~~~~~~~~^^^^^^
  File "/home/container/.local/lib/python3.13/site-packages/sqlalchemy/orm/unitofwork.py", line 641, in execute
    util.preloaded.orm_persistence.save_obj(
    ~~~~~~~~~~~~~~~~~~~~~~~~~~~~~~~~~~~~~~~^
        self.mapper,
        ^^^^^^^^^^^^
        uow.states_for_mapper_hierarchy(self.mapper, False, False),
        ^^^^^^^^^^^^^^^^^^^^^^^^^^^^^^^^^^^^^^^^^^^^^^^^^^^^^^^^^^^
        uow,
        ^^^^
    )
    ^
  File "/home/container/.local/lib/python3.13/site-packages/sqlalchemy/orm/persistence.py", line 86, in save_obj
    _emit_update_statements(
    ~~~~~~~~~~~~~~~~~~~~~~~^
        base_mapper,
        ^^^^^^^^^^^^
    ...<3 lines>...
        update,
        ^^^^^^^
    )
    ^
  File "/home/container/.local/lib/python3.13/site-packages/sqlalchemy/orm/persistence.py", line 913, in _emit_update_statements
    c = connection.execute(
        statement, multiparams, execution_options=execution_options
    )
  File "/home/container/.local/lib/python3.13/site-packages/sqlalchemy/engine/base.py", line 1421, in execute
    return meth(
        self,
        distilled_parameters,
        execution_options or NO_OPTIONS,
    )
  File "/home/container/.local/lib/python3.13/site-packages/sqlalchemy/sql/elements.py", line 526, in _execute_on_connection
    return connection._execute_clauseelement(
           ~~~~~~~~~~~~~~~~~~~~~~~~~~~~~~~~~^
        self, distilled_params, execution_options
        ^^^^^^^^^^^^^^^^^^^^^^^^^^^^^^^^^^^^^^^^^
    )
    ^
  File "/home/container/.local/lib/python3.13/site-packages/sqlalchemy/engine/base.py", line 1643, in _execute_clauseelement
    ret = self._execute_context(
        dialect,
    ...<8 lines>...
        cache_hit=cache_hit,
    )
  File "/home/container/.local/lib/python3.13/site-packages/sqlalchemy/engine/base.py", line 1848, in _execute_context
    return self._exec_single_context(
           ~~~~~~~~~~~~~~~~~~~~~~~~~^
        dialect, context, statement, parameters
        ^^^^^^^^^^^^^^^^^^^^^^^^^^^^^^^^^^^^^^^
    )
    ^
  File "/home/container/.local/lib/python3.13/site-packages/sqlalchemy/engine/base.py", line 1988, in _exec_single_context
    self._handle_dbapi_exception(
    ~~~~~~~~~~~~~~~~~~~~~~~~~~~~^
        e, str_statement, effective_parameters, cursor, context
        ^^^^^^^^^^^^^^^^^^^^^^^^^^^^^^^^^^^^^^^^^^^^^^^^^^^^^^^
    )
    ^
  File "/home/container/.local/lib/python3.13/site-packages/sqlalchemy/engine/base.py", line 2365, in _handle_dbapi_exception
    raise sqlalchemy_exception.with_traceback(exc_info[2]) from e
  File "/home/container/.local/lib/python3.13/site-packages/sqlalchemy/engine/base.py", line 1969, in _exec_single_context
    self.dialect.do_execute(
    ~~~~~~~~~~~~~~~~~~~~~~~^
        cursor, str_statement, effective_parameters, context
        ^^^^^^^^^^^^^^^^^^^^^^^^^^^^^^^^^^^^^^^^^^^^^^^^^^^^
    )
    ^
  File "/home/container/.local/lib/python3.13/site-packages/sqlalchemy/engine/default.py", line 952, in do_execute
    cursor.execute(statement, parameters)
    ~~~~~~~~~~~~~~^^^^^^^^^^^^^^^^^^^^^^^
  File "/home/container/.local/lib/python3.13/site-packages/sqlalchemy/dialects/sqlite/aiosqlite.py", line 183, in execute
    self._adapt_connection._handle_exception(error)
    ~~~~~~~~~~~~~~~~~~~~~~~~~~~~~~~~~~~~~~~~^^^^^^^
  File "/home/container/.local/lib/python3.13/site-packages/sqlalchemy/dialects/sqlite/aiosqlite.py", line 343, in _handle_exception
    raise error
  File "/home/container/.local/lib/python3.13/site-packages/sqlalchemy/dialects/sqlite/aiosqlite.py", line 165, in execute
    self.await_(_cursor.execute(operation, parameters))
    ~~~~~~~~~~~^^^^^^^^^^^^^^^^^^^^^^^^^^^^^^^^^^^^^^^^
  File "/home/container/.local/lib/python3.13/site-packages/sqlalchemy/util/_concurrency_py3k.py", line 132, in await_only
    return current.parent.switch(awaitable)  # type: ignore[no-any-return,attr-defined] # noqa: E501
           ~~~~~~~~~~~~~~~~~~~~~^^^^^^^^^^^
  File "/home/container/.local/lib/python3.13/site-packages/sqlalchemy/util/_concurrency_py3k.py", line 196, in greenlet_spawn
    value = await result
            ^^^^^^^^^^^^
  File "/home/container/.local/lib/python3.13/site-packages/aiosqlite/cursor.py", line 40, in execute
    await self._execute(self._cursor.execute, sql, parameters)
  File "/home/container/.local/lib/python3.13/site-packages/aiosqlite/cursor.py", line 32, in _execute
    return await self._conn._execute(fn, *args, **kwargs)
           ^^^^^^^^^^^^^^^^^^^^^^^^^^^^^^^^^^^^^^^^^^^^^^
  File "/home/container/.local/lib/python3.13/site-packages/aiosqlite/core.py", line 160, in _execute
    return await future
           ^^^^^^^^^^^^
  File "/home/container/.local/lib/python3.13/site-packages/aiosqlite/core.py", line 63, in _connection_worker_thread
    result = function()
sqlalchemy.exc.OperationalError: (sqlite3.OperationalError) database is locked
[SQL: UPDATE users SET last_active_at=? WHERE users.id = ?]
[parameters: ('2026-08-03 08:12:42.119441', 11)]
(Background on this error at: https://sqlalche.me/e/20/e3q8)
2026-08-03 08:12:47,270 [INFO] aiogram.event: Update id=226640199 is handled. Duration 5161 ms by bot id=8931940625
2026-08-03 08:12:50,174 [INFO] aiogram.event: Update id=226640201 is handled. Duration 422 ms by bot id=8931940625
2026-08-03 08:12:51,303 [ERROR] handlers.user.stock: cb_stock error: (sqlite3.OperationalError) database is locked
[SQL: UPDATE users SET last_active_at=? WHERE users.id = ?]
[parameters: ('2026-08-03 08:12:46.297321', 11)]
(Background on this error at: https://sqlalche.me/e/20/e3q8)
Traceback (most recent call last):
  File "/home/container/.local/lib/python3.13/site-packages/sqlalchemy/engine/base.py", line 1969, in _exec_single_context
    self.dialect.do_execute(
    ~~~~~~~~~~~~~~~~~~~~~~~^
        cursor, str_statement, effective_parameters, context
        ^^^^^^^^^^^^^^^^^^^^^^^^^^^^^^^^^^^^^^^^^^^^^^^^^^^^
    )
    ^
  File "/home/container/.local/lib/python3.13/site-packages/sqlalchemy/engine/default.py", line 952, in do_execute
    cursor.execute(statement, parameters)
    ~~~~~~~~~~~~~~^^^^^^^^^^^^^^^^^^^^^^^
  File "/home/container/.local/lib/python3.13/site-packages/sqlalchemy/dialects/sqlite/aiosqlite.py", line 183, in execute
    self._adapt_connection._handle_exception(error)
    ~~~~~~~~~~~~~~~~~~~~~~~~~~~~~~~~~~~~~~~~^^^^^^^
  File "/home/container/.local/lib/python3.13/site-packages/sqlalchemy/dialects/sqlite/aiosqlite.py", line 343, in _handle_exception
    raise error
  File "/home/container/.local/lib/python3.13/site-packages/sqlalchemy/dialects/sqlite/aiosqlite.py", line 165, in execute
    self.await_(_cursor.execute(operation, parameters))
    ~~~~~~~~~~~^^^^^^^^^^^^^^^^^^^^^^^^^^^^^^^^^^^^^^^^
  File "/home/container/.local/lib/python3.13/site-packages/sqlalchemy/util/_concurrency_py3k.py", line 132, in await_only
    return current.parent.switch(awaitable)  # type: ignore[no-any-return,attr-defined] # noqa: E501
           ~~~~~~~~~~~~~~~~~~~~~^^^^^^^^^^^
  File "/home/container/.local/lib/python3.13/site-packages/sqlalchemy/util/_concurrency_py3k.py", line 196, in greenlet_spawn
    value = await result
            ^^^^^^^^^^^^
  File "/home/container/.local/lib/python3.13/site-packages/aiosqlite/cursor.py", line 40, in execute
    await self._execute(self._cursor.execute, sql, parameters)
  File "/home/container/.local/lib/python3.13/site-packages/aiosqlite/cursor.py", line 32, in _execute
    return await self._conn._execute(fn, *args, **kwargs)
           ^^^^^^^^^^^^^^^^^^^^^^^^^^^^^^^^^^^^^^^^^^^^^^
  File "/home/container/.local/lib/python3.13/site-packages/aiosqlite/core.py", line 160, in _execute
    return await future
           ^^^^^^^^^^^^
  File "/home/container/.local/lib/python3.13/site-packages/aiosqlite/core.py", line 63, in _connection_worker_thread
    result = function()
sqlite3.OperationalError: database is locked

The above exception was the direct cause of the following exception:

Traceback (most recent call last):
  File "/home/container/handlers/user/stock.py", line 28, in cb_stock
    user = await get_or_create_user(session, callback.from_user.id,
           ^^^^^^^^^^^^^^^^^^^^^^^^^^^^^^^^^^^^^^^^^^^^^^^^^^^^^^^^
                                    callback.from_user.username, callback.from_user.full_name)
                                    ^^^^^^^^^^^^^^^^^^^^^^^^^^^^^^^^^^^^^^^^^^^^^^^^^^^^^^^^^^
  File "/home/container/database/crud.py", line 36, in get_or_create_user
    await session.commit()
  File "/home/container/.local/lib/python3.13/site-packages/sqlalchemy/ext/asyncio/session.py", line 999, in commit
    await greenlet_spawn(self.sync_session.commit)
  File "/home/container/.local/lib/python3.13/site-packages/sqlalchemy/util/_concurrency_py3k.py", line 203, in greenlet_spawn
    result = context.switch(value)
  File "/home/container/.local/lib/python3.13/site-packages/sqlalchemy/orm/session.py", line 2035, in commit
    trans.commit(_to_root=True)
    ~~~~~~~~~~~~^^^^^^^^^^^^^^^
  File "<string>", line 2, in commit
  File "/home/container/.local/lib/python3.13/site-packages/sqlalchemy/orm/state_changes.py", line 137, in _go
    ret_value = fn(self, *arg, **kw)
  File "/home/container/.local/lib/python3.13/site-packages/sqlalchemy/orm/session.py", line 1316, in commit
    self._prepare_impl()
    ~~~~~~~~~~~~~~~~~~^^
  File "<string>", line 2, in _prepare_impl
  File "/home/container/.local/lib/python3.13/site-packages/sqlalchemy/orm/state_changes.py", line 137, in _go
    ret_value = fn(self, *arg, **kw)
  File "/home/container/.local/lib/python3.13/site-packages/sqlalchemy/orm/session.py", line 1290, in _prepare_impl
    self.session.flush()
    ~~~~~~~~~~~~~~~~~~^^
  File "/home/container/.local/lib/python3.13/site-packages/sqlalchemy/orm/session.py", line 4353, in flush
    self._flush(objects)
    ~~~~~~~~~~~^^^^^^^^^
  File "/home/container/.local/lib/python3.13/site-packages/sqlalchemy/orm/session.py", line 4488, in _flush
    with util.safe_reraise():
         ~~~~~~~~~~~~~~~~~^^
  File "/home/container/.local/lib/python3.13/site-packages/sqlalchemy/util/langhelpers.py", line 122, in __exit__
    raise exc_value.with_traceback(exc_tb)
  File "/home/container/.local/lib/python3.13/site-packages/sqlalchemy/orm/session.py", line 4449, in _flush
    flush_context.execute()
    ~~~~~~~~~~~~~~~~~~~~~^^
  File "/home/container/.local/lib/python3.13/site-packages/sqlalchemy/orm/unitofwork.py", line 465, in execute
    rec.execute(self)
    ~~~~~~~~~~~^^^^^^
  File "/home/container/.local/lib/python3.13/site-packages/sqlalchemy/orm/unitofwork.py", line 641, in execute
    util.preloaded.orm_persistence.save_obj(
    ~~~~~~~~~~~~~~~~~~~~~~~~~~~~~~~~~~~~~~~^
        self.mapper,
        ^^^^^^^^^^^^
        uow.states_for_mapper_hierarchy(self.mapper, False, False),
        ^^^^^^^^^^^^^^^^^^^^^^^^^^^^^^^^^^^^^^^^^^^^^^^^^^^^^^^^^^^
        uow,
        ^^^^
    )
    ^
  File "/home/container/.local/lib/python3.13/site-packages/sqlalchemy/orm/persistence.py", line 86, in save_obj
    _emit_update_statements(
    ~~~~~~~~~~~~~~~~~~~~~~~^
        base_mapper,
        ^^^^^^^^^^^^
    ...<3 lines>...
        update,
        ^^^^^^^
    )
    ^
  File "/home/container/.local/lib/python3.13/site-packages/sqlalchemy/orm/persistence.py", line 913, in _emit_update_statements
    c = connection.execute(
        statement, multiparams, execution_options=execution_options
    )
  File "/home/container/.local/lib/python3.13/site-packages/sqlalchemy/engine/base.py", line 1421, in execute
    return meth(
        self,
        distilled_parameters,
        execution_options or NO_OPTIONS,
    )
  File "/home/container/.local/lib/python3.13/site-packages/sqlalchemy/sql/elements.py", line 526, in _execute_on_connection
    return connection._execute_clauseelement(
           ~~~~~~~~~~~~~~~~~~~~~~~~~~~~~~~~~^
        self, distilled_params, execution_options
        ^^^^^^^^^^^^^^^^^^^^^^^^^^^^^^^^^^^^^^^^^
    )
    ^
  File "/home/container/.local/lib/python3.13/site-packages/sqlalchemy/engine/base.py", line 1643, in _execute_clauseelement
    ret = self._execute_context(
        dialect,
    ...<8 lines>...
        cache_hit=cache_hit,
    )
  File "/home/container/.local/lib/python3.13/site-packages/sqlalchemy/engine/base.py", line 1848, in _execute_context
    return self._exec_single_context(
           ~~~~~~~~~~~~~~~~~~~~~~~~~^
        dialect, context, statement, parameters
        ^^^^^^^^^^^^^^^^^^^^^^^^^^^^^^^^^^^^^^^
    )
    ^
  File "/home/container/.local/lib/python3.13/site-packages/sqlalchemy/engine/base.py", line 1988, in _exec_single_context
    self._handle_dbapi_exception(
    ~~~~~~~~~~~~~~~~~~~~~~~~~~~~^
        e, str_statement, effective_parameters, cursor, context
        ^^^^^^^^^^^^^^^^^^^^^^^^^^^^^^^^^^^^^^^^^^^^^^^^^^^^^^^
    )
    ^
  File "/home/container/.local/lib/python3.13/site-packages/sqlalchemy/engine/base.py", line 2365, in _handle_dbapi_exception
    raise sqlalchemy_exception.with_traceback(exc_info[2]) from e
  File "/home/container/.local/lib/python3.13/site-packages/sqlalchemy/engine/base.py", line 1969, in _exec_single_context
    self.dialect.do_execute(
    ~~~~~~~~~~~~~~~~~~~~~~~^
        cursor, str_statement, effective_parameters, context
        ^^^^^^^^^^^^^^^^^^^^^^^^^^^^^^^^^^^^^^^^^^^^^^^^^^^^
    )
    ^
  File "/home/container/.local/lib/python3.13/site-packages/sqlalchemy/engine/default.py", line 952, in do_execute
    cursor.execute(statement, parameters)
    ~~~~~~~~~~~~~~^^^^^^^^^^^^^^^^^^^^^^^
  File "/home/container/.local/lib/python3.13/site-packages/sqlalchemy/dialects/sqlite/aiosqlite.py", line 183, in execute
    self._adapt_connection._handle_exception(error)
    ~~~~~~~~~~~~~~~~~~~~~~~~~~~~~~~~~~~~~~~~^^^^^^^
  File "/home/container/.local/lib/python3.13/site-packages/sqlalchemy/dialects/sqlite/aiosqlite.py", line 343, in _handle_exception
    raise error
  File "/home/container/.local/lib/python3.13/site-packages/sqlalchemy/dialects/sqlite/aiosqlite.py", line 165, in execute
    self.await_(_cursor.execute(operation, parameters))
    ~~~~~~~~~~~^^^^^^^^^^^^^^^^^^^^^^^^^^^^^^^^^^^^^^^^
  File "/home/container/.local/lib/python3.13/site-packages/sqlalchemy/util/_concurrency_py3k.py", line 132, in await_only
    return current.parent.switch(awaitable)  # type: ignore[no-any-return,attr-defined] # noqa: E501
           ~~~~~~~~~~~~~~~~~~~~~^^^^^^^^^^^
  File "/home/container/.local/lib/python3.13/site-packages/sqlalchemy/util/_concurrency_py3k.py", line 196, in greenlet_spawn
    value = await result
            ^^^^^^^^^^^^
  File "/home/container/.local/lib/python3.13/site-packages/aiosqlite/cursor.py", line 40, in execute
    await self._execute(self._cursor.execute, sql, parameters)
  File "/home/container/.local/lib/python3.13/site-packages/aiosqlite/cursor.py", line 32, in _execute
    return await self._conn._execute(fn, *args, **kwargs)
           ^^^^^^^^^^^^^^^^^^^^^^^^^^^^^^^^^^^^^^^^^^^^^^
  File "/home/container/.local/lib/python3.13/site-packages/aiosqlite/core.py", line 160, in _execute
    return await future
           ^^^^^^^^^^^^
  File "/home/container/.local/lib/python3.13/site-packages/aiosqlite/core.py", line 63, in _connection_worker_thread
    result = function()
sqlalchemy.exc.OperationalError: (sqlite3.OperationalError) database is locked
[SQL: UPDATE users SET last_active_at=? WHERE users.id = ?]
[parameters: ('2026-08-03 08:12:46.297321', 11)]
(Background on this error at: https://sqlalche.me/e/20/e3q8)
2026-08-03 08:12:51,443 [INFO] aiogram.event: Update id=226640200 is handled. Duration 5156 ms by bot id=8931940625
2026-08-03 08:12:55,850 [ERROR] handlers.user.catalog: cb_catalog error: (sqlite3.OperationalError) database is locked
[SQL: UPDATE users SET last_active_at=? WHERE users.id = ?]
[parameters: ('2026-08-03 08:12:50.844665', 11)]
(Background on this error at: https://sqlalche.me/e/20/e3q8)
Traceback (most recent call last):
  File "/home/container/.local/lib/python3.13/site-packages/sqlalchemy/engine/base.py", line 1969, in _exec_single_context
    self.dialect.do_execute(
    ~~~~~~~~~~~~~~~~~~~~~~~^
        cursor, str_statement, effective_parameters, context
        ^^^^^^^^^^^^^^^^^^^^^^^^^^^^^^^^^^^^^^^^^^^^^^^^^^^^
    )
    ^
  File "/home/container/.local/lib/python3.13/site-packages/sqlalchemy/engine/default.py", line 952, in do_execute
    cursor.execute(statement, parameters)
    ~~~~~~~~~~~~~~^^^^^^^^^^^^^^^^^^^^^^^
  File "/home/container/.local/lib/python3.13/site-packages/sqlalchemy/dialects/sqlite/aiosqlite.py", line 183, in execute
    self._adapt_connection._handle_exception(error)
    ~~~~~~~~~~~~~~~~~~~~~~~~~~~~~~~~~~~~~~~~^^^^^^^
  File "/home/container/.local/lib/python3.13/site-packages/sqlalchemy/dialects/sqlite/aiosqlite.py", line 343, in _handle_exception
    raise error
  File "/home/container/.local/lib/python3.13/site-packages/sqlalchemy/dialects/sqlite/aiosqlite.py", line 165, in execute
    self.await_(_cursor.execute(operation, parameters))
    ~~~~~~~~~~~^^^^^^^^^^^^^^^^^^^^^^^^^^^^^^^^^^^^^^^^
  File "/home/container/.local/lib/python3.13/site-packages/sqlalchemy/util/_concurrency_py3k.py", line 132, in await_only
    return current.parent.switch(awaitable)  # type: ignore[no-any-return,attr-defined] # noqa: E501
           ~~~~~~~~~~~~~~~~~~~~~^^^^^^^^^^^
  File "/home/container/.local/lib/python3.13/site-packages/sqlalchemy/util/_concurrency_py3k.py", line 196, in greenlet_spawn
    value = await result
            ^^^^^^^^^^^^
  File "/home/container/.local/lib/python3.13/site-packages/aiosqlite/cursor.py", line 40, in execute
    await self._execute(self._cursor.execute, sql, parameters)
  File "/home/container/.local/lib/python3.13/site-packages/aiosqlite/cursor.py", line 32, in _execute
    return await self._conn._execute(fn, *args, **kwargs)
           ^^^^^^^^^^^^^^^^^^^^^^^^^^^^^^^^^^^^^^^^^^^^^^
  File "/home/container/.local/lib/python3.13/site-packages/aiosqlite/core.py", line 160, in _execute
    return await future
           ^^^^^^^^^^^^
  File "/home/container/.local/lib/python3.13/site-packages/aiosqlite/core.py", line 63, in _connection_worker_thread
    result = function()
sqlite3.OperationalError: database is locked

The above exception was the direct cause of the following exception:

Traceback (most recent call last):
  File "/home/container/handlers/user/catalog.py", line 33, in cb_catalog
    user = await get_or_create_user(session, callback.from_user.id,
           ^^^^^^^^^^^^^^^^^^^^^^^^^^^^^^^^^^^^^^^^^^^^^^^^^^^^^^^^
                                    callback.from_user.username, callback.from_user.full_name)
                                    ^^^^^^^^^^^^^^^^^^^^^^^^^^^^^^^^^^^^^^^^^^^^^^^^^^^^^^^^^^
  File "/home/container/database/crud.py", line 36, in get_or_create_user
    await session.commit()
  File "/home/container/.local/lib/python3.13/site-packages/sqlalchemy/ext/asyncio/session.py", line 999, in commit
    await greenlet_spawn(self.sync_session.commit)
  File "/home/container/.local/lib/python3.13/site-packages/sqlalchemy/util/_concurrency_py3k.py", line 203, in greenlet_spawn
    result = context.switch(value)
  File "/home/container/.local/lib/python3.13/site-packages/sqlalchemy/orm/session.py", line 2035, in commit
    trans.commit(_to_root=True)
    ~~~~~~~~~~~~^^^^^^^^^^^^^^^
  File "<string>", line 2, in commit
  File "/home/container/.local/lib/python3.13/site-packages/sqlalchemy/orm/state_changes.py", line 137, in _go
    ret_value = fn(self, *arg, **kw)
  File "/home/container/.local/lib/python3.13/site-packages/sqlalchemy/orm/session.py", line 1316, in commit
    self._prepare_impl()
    ~~~~~~~~~~~~~~~~~~^^
  File "<string>", line 2, in _prepare_impl
  File "/home/container/.local/lib/python3.13/site-packages/sqlalchemy/orm/state_changes.py", line 137, in _go
    ret_value = fn(self, *arg, **kw)
  File "/home/container/.local/lib/python3.13/site-packages/sqlalchemy/orm/session.py", line 1290, in _prepare_impl
    self.session.flush()
    ~~~~~~~~~~~~~~~~~~^^
  File "/home/container/.local/lib/python3.13/site-packages/sqlalchemy/orm/session.py", line 4353, in flush
    self._flush(objects)
    ~~~~~~~~~~~^^^^^^^^^
  File "/home/container/.local/lib/python3.13/site-packages/sqlalchemy/orm/session.py", line 4488, in _flush
    with util.safe_reraise():
         ~~~~~~~~~~~~~~~~~^^
  File "/home/container/.local/lib/python3.13/site-packages/sqlalchemy/util/langhelpers.py", line 122, in __exit__
    raise exc_value.with_traceback(exc_tb)
  File "/home/container/.local/lib/python3.13/site-packages/sqlalchemy/orm/session.py", line 4449, in _flush
    flush_context.execute()
    ~~~~~~~~~~~~~~~~~~~~~^^
  File "/home/container/.local/lib/python3.13/site-packages/sqlalchemy/orm/unitofwork.py", line 465, in execute
    rec.execute(self)
    ~~~~~~~~~~~^^^^^^
  File "/home/container/.local/lib/python3.13/site-packages/sqlalchemy/orm/unitofwork.py", line 641, in execute
    util.preloaded.orm_persistence.save_obj(
    ~~~~~~~~~~~~~~~~~~~~~~~~~~~~~~~~~~~~~~~^
        self.mapper,
        ^^^^^^^^^^^^
        uow.states_for_mapper_hierarchy(self.mapper, False, False),
        ^^^^^^^^^^^^^^^^^^^^^^^^^^^^^^^^^^^^^^^^^^^^^^^^^^^^^^^^^^^
        uow,
        ^^^^
    )
    ^
  File "/home/container/.local/lib/python3.13/site-packages/sqlalchemy/orm/persistence.py", line 86, in save_obj
    _emit_update_statements(
    ~~~~~~~~~~~~~~~~~~~~~~~^
        base_mapper,
        ^^^^^^^^^^^^
    ...<3 lines>...
        update,
        ^^^^^^^
    )
    ^
  File "/home/container/.local/lib/python3.13/site-packages/sqlalchemy/orm/persistence.py", line 913, in _emit_update_statements
    c = connection.execute(
        statement, multiparams, execution_options=execution_options
    )
  File "/home/container/.local/lib/python3.13/site-packages/sqlalchemy/engine/base.py", line 1421, in execute
    return meth(
        self,
        distilled_parameters,
        execution_options or NO_OPTIONS,
    )
  File "/home/container/.local/lib/python3.13/site-packages/sqlalchemy/sql/elements.py", line 526, in _execute_on_connection
    return connection._execute_clauseelement(
           ~~~~~~~~~~~~~~~~~~~~~~~~~~~~~~~~~^
        self, distilled_params, execution_options
        ^^^^^^^^^^^^^^^^^^^^^^^^^^^^^^^^^^^^^^^^^
    )
    ^
  File "/home/container/.local/lib/python3.13/site-packages/sqlalchemy/engine/base.py", line 1643, in _execute_clauseelement
    ret = self._execute_context(
        dialect,
    ...<8 lines>...
        cache_hit=cache_hit,
    )
  File "/home/container/.local/lib/python3.13/site-packages/sqlalchemy/engine/base.py", line 1848, in _execute_context
    return self._exec_single_context(
           ~~~~~~~~~~~~~~~~~~~~~~~~~^
        dialect, context, statement, parameters
        ^^^^^^^^^^^^^^^^^^^^^^^^^^^^^^^^^^^^^^^
    )
    ^
  File "/home/container/.local/lib/python3.13/site-packages/sqlalchemy/engine/base.py", line 1988, in _exec_single_context
    self._handle_dbapi_exception(
    ~~~~~~~~~~~~~~~~~~~~~~~~~~~~^
        e, str_statement, effective_parameters, cursor, context
        ^^^^^^^^^^^^^^^^^^^^^^^^^^^^^^^^^^^^^^^^^^^^^^^^^^^^^^^
    )
    ^
  File "/home/container/.local/lib/python3.13/site-packages/sqlalchemy/engine/base.py", line 2365, in _handle_dbapi_exception
    raise sqlalchemy_exception.with_traceback(exc_info[2]) from e
  File "/home/container/.local/lib/python3.13/site-packages/sqlalchemy/engine/base.py", line 1969, in _exec_single_context
    self.dialect.do_execute(
    ~~~~~~~~~~~~~~~~~~~~~~~^
        cursor, str_statement, effective_parameters, context
        ^^^^^^^^^^^^^^^^^^^^^^^^^^^^^^^^^^^^^^^^^^^^^^^^^^^^
    )
    ^
  File "/home/container/.local/lib/python3.13/site-packages/sqlalchemy/engine/default.py", line 952, in do_execute
    cursor.execute(statement, parameters)
    ~~~~~~~~~~~~~~^^^^^^^^^^^^^^^^^^^^^^^
  File "/home/container/.local/lib/python3.13/site-packages/sqlalchemy/dialects/sqlite/aiosqlite.py", line 183, in execute
    self._adapt_connection._handle_exception(error)
    ~~~~~~~~~~~~~~~~~~~~~~~~~~~~~~~~~~~~~~~~^^^^^^^
  File "/home/container/.local/lib/python3.13/site-packages/sqlalchemy/dialects/sqlite/aiosqlite.py", line 343, in _handle_exception
    raise error
  File "/home/container/.local/lib/python3.13/site-packages/sqlalchemy/dialects/sqlite/aiosqlite.py", line 165, in execute
    self.await_(_cursor.execute(operation, parameters))
    ~~~~~~~~~~~^^^^^^^^^^^^^^^^^^^^^^^^^^^^^^^^^^^^^^^^
  File "/home/container/.local/lib/python3.13/site-packages/sqlalchemy/util/_concurrency_py3k.py", line 132, in await_only
    return current.parent.switch(awaitable)  # type: ignore[no-any-return,attr-defined] # noqa: E501
           ~~~~~~~~~~~~~~~~~~~~~^^^^^^^^^^^
  File "/home/container/.local/lib/python3.13/site-packages/sqlalchemy/util/_concurrency_py3k.py", line 196, in greenlet_spawn
    value = await result
            ^^^^^^^^^^^^
  File "/home/container/.local/lib/python3.13/site-packages/aiosqlite/cursor.py", line 40, in execute
    await self._execute(self._cursor.execute, sql, parameters)
  File "/home/container/.local/lib/python3.13/site-packages/aiosqlite/cursor.py", line 32, in _execute
    return await self._conn._execute(fn, *args, **kwargs)
           ^^^^^^^^^^^^^^^^^^^^^^^^^^^^^^^^^^^^^^^^^^^^^^
  File "/home/container/.local/lib/python3.13/site-packages/aiosqlite/core.py", line 160, in _execute
    return await future
           ^^^^^^^^^^^^
  File "/home/container/.local/lib/python3.13/site-packages/aiosqlite/core.py", line 63, in _connection_worker_thread
    result = function()
sqlalchemy.exc.OperationalError: (sqlite3.OperationalError) database is locked
[SQL: UPDATE users SET last_active_at=? WHERE users.id = ?]
[parameters: ('2026-08-03 08:12:50.844665', 11)]
(Background on this error at: https://sqlalche.me/e/20/e3q8)
2026-08-03 08:12:55,997 [INFO] aiogram.event: Update id=226640202 is handled. Duration 5161 ms by bot id=8931940625
2026-08-03 08:12:57,120 [INFO] aiogram.event: Update id=226640203 is handled. Duration 317 ms by bot id=8931940625
2026-08-03 08:12:59,278 [INFO] aiogram.event: Update id=226640204 is handled. Duration 289 ms by bot id=8931940625
2026-08-03 08:13:01,733 [INFO] aiogram.event: Update id=226640205 is handled. Duration 302 ms by bot id=8931940625
2026-08-03 08:13:02,764 [INFO] aiogram.event: Update id=226640206 is handled. Duration 462 ms by bot id=8931940625
2026-08-03 08:13:04,283 [INFO] aiogram.event: Update id=226640207 is handled. Duration 472 ms by bot id=8931940625
2026-08-03 08:13:19,168 [INFO] aiogram.event: Update id=226640208 is handled. Duration 182 ms by bot id=8931940625
2026-08-03 08:13:19,692 [INFO] aiogram.event: Update id=226640209 is not handled. Duration 2 ms by bot id=8931940625
2026-08-03 08:13:22,742 [INFO] aiogram.event: Update id=226640210 is handled. Duration 334 ms by bot id=8931940625
2026-08-03 08:13:25,415 [INFO] aiogram.event: Update id=226640211 is handled. Duration 291 ms by bot id=8931940625
2026-08-03 08:13:28,662 [INFO] aiogram.event: Update id=226640212 is not handled. Duration 3 ms by bot id=8931940625
2026-08-03 08:13:45,115 [INFO] aiogram.event: Update id=226640213 is handled. Duration 318 ms by bot id=8931940625
2026-08-03 08:13:47,101 [INFO] aiogram.event: Update id=226640214 is handled. Duration 338 ms by bot id=8931940625
2026-08-03 08:13:53,907 [WARNING] utils.screen: show_screen edit error: Telegram server says - Bad Request: message can't be deleted for everyone
2026-08-03 08:13:54,175 [INFO] aiogram.event: Update id=226640215 is handled. Duration 291 ms by bot id=8931940625
2026-08-03 08:14:21,295 [WARNING] utils.screen: show_screen edit error: Telegram server says - Bad Request: message can't be deleted for everyone
2026-08-03 08:14:21,597 [INFO] aiogram.event: Update id=226640216 is handled. Duration 332 ms by bot id=8931940625
2026-08-03 08:14:28,243 [INFO] aiogram.event: Update id=226640217 is not handled. Duration 2 ms by bot id=8931940625
2026-08-03 08:14:36,487 [INFO] aiogram.event: Update id=226640218 is handled. Duration 487 ms by bot id=8931940625
2026-08-03 08:14:39,525 [INFO] aiogram.event: Update id=226640219 is handled. Duration 432 ms by bot id=8931940625
2026-08-03 08:14:43,243 [INFO] aiogram.event: Update id=226640220 is handled. Duration 482 ms by bot id=8931940625
2026-08-03 08:14:53,690 [INFO] aiogram.event: Update id=226640221 is handled. Duration 537 ms by bot id=8931940625
2026-08-03 08:15:19,461 [WARNING] utils.screen: show_screen edit error: Telegram server says - Bad Request: message can't be deleted for everyone
2026-08-03 08:15:19,738 [INFO] aiogram.event: Update id=226640222 is handled. Duration 301 ms by bot id=8931940625
2026-08-03 08:15:57,981 [INFO] aiogram.event: Update id=226640223 is handled. Duration 415 ms by bot id=8931940625
2026-08-03 08:16:06,948 [INFO] aiogram.event: Update id=226640224 is handled. Duration 485 ms by bot id=8931940625
2026-08-03 08:16:09,353 [INFO] aiogram.event: Update id=226640225 is handled. Duration 651 ms by bot id=8931940625
2026-08-03 08:17:01,769 [INFO] aiogram.event: Update id=226640226 is handled. Duration 284 ms by bot id=8931940625
2026-08-03 08:17:28,649 [INFO] aiogram.event: Update id=226640227 is handled. Duration 468 ms by bot id=8931940625
2026-08-03 08:17:30,271 [INFO] aiogram.event: Update id=226640228 is handled. Duration 451 ms by bot id=8931940625
2026-08-03 08:17:31,506 [INFO] aiogram.event: Update id=226640229 is handled. Duration 328 ms by bot id=8931940625
2026-08-03 08:17:33,080 [INFO] aiogram.event: Update id=226640230 is handled. Duration 280 ms by bot id=8931940625
2026-08-03 08:17:35,224 [INFO] aiogram.event: Update id=226640231 is handled. Duration 429 ms by bot id=8931940625
2026-08-03 08:17:49,225 [INFO] aiogram.event: Update id=226640232 is handled. Duration 458 ms by bot id=8931940625
2026-08-03 08:17:51,179 [INFO] aiogram.event: Update id=226640233 is handled. Duration 283 ms by bot id=8931940625
2026-08-03 08:17:54,546 [INFO] aiogram.event: Update id=226640234 is handled. Duration 442 ms by bot id=8931940625
2026-08-03 08:17:55,828 [INFO] aiogram.event: Update id=226640235 is handled. Duration 284 ms by bot id=8931940625
2026-08-03 08:18:07,485 [INFO] aiogram.event: Update id=226640236 is handled. Duration 142 ms by bot id=8931940625
2026-08-03 08:18:14,767 [INFO] aiogram.event: Update id=226640237 is handled. Duration 145 ms by bot id=8931940625
2026-08-03 08:18:18,083 [INFO] aiogram.event: Update id=226640238 is handled. Duration 479 ms by bot id=8931940625
2026-08-03 08:18:59,696 [INFO] aiogram.event: Update id=226640239 is handled. Duration 471 ms by bot id=8931940625
2026-08-03 08:19:01,255 [INFO] aiogram.event: Update id=226640240 is handled. Duration 481 ms by bot id=8931940625
2026-08-03 08:19:07,812 [INFO] aiogram.event: Update id=226640241 is handled. Duration 299 ms by bot id=8931940625
2026-08-03 08:21:22,757 [INFO] aiogram.event: Update id=226640242 is handled. Duration 216 ms by bot id=8931940625
2026-08-03 08:21:25,962 [INFO] aiogram.event: Update id=226640243 is handled. Duration 374 ms by bot id=8931940625
2026-08-03 08:21:28,706 [INFO] aiogram.event: Update id=226640244 is handled. Duration 297 ms by bot id=8931940625
2026-08-03 08:21:31,060 [INFO] aiogram.event: Update id=226640245 is handled. Duration 300 ms by bot id=8931940625
2026-08-03 08:21:40,256 [INFO] aiogram.event: Update id=226640246 is handled. Duration 150 ms by bot id=8931940625
2026-08-03 08:21:42,193 [INFO] aiogram.event: Update id=226640247 is handled. Duration 481 ms by bot id=8931940625
2026-08-03 08:21:44,900 [INFO] aiogram.event: Update id=226640248 is handled. Duration 434 ms by bot id=8931940625
2026-08-03 08:22:03,663 [INFO] aiogram.event: Update id=226640249 is handled. Duration 181 ms by bot id=8931940625
2026-08-03 08:22:07,349 [INFO] aiogram.event: Update id=226640250 is handled. Duration 316 ms by bot id=8931940625
2026-08-03 08:22:10,438 [INFO] aiogram.event: Update id=226640251 is handled. Duration 534 ms by bot id=8931940625
2026-08-03 08:22:14,967 [INFO] aiogram.event: Update id=226640252 is handled. Duration 285 ms by bot id=8931940625
2026-08-03 08:22:16,342 [INFO] aiogram.event: Update id=226640253 is handled. Duration 530 ms by bot id=8931940625
2026-08-03 08:22:25,214 [INFO] aiogram.event: Update id=226640254 is handled. Duration 326 ms by bot id=8931940625
2026-08-03 08:22:27,129 [INFO] aiogram.event: Update id=226640255 is handled. Duration 297 ms by bot id=8931940625
2026-08-03 08:22:28,369 [INFO] aiogram.event: Update id=226640256 is handled. Duration 357 ms by bot id=8931940625
2026-08-03 08:22:29,874 [INFO] aiogram.event: Update id=226640257 is handled. Duration 304 ms by bot id=8931940625
2026-08-03 08:22:33,365 [INFO] aiogram.event: Update id=226640258 is handled. Duration 285 ms by bot id=8931940625
2026-08-03 08:22:46,297 [INFO] aiogram.event: Update id=226640259 is handled. Duration 200 ms by bot id=8931940625
2026-08-03 08:22:47,913 [INFO] aiogram.event: Update id=226640260 is handled. Duration 326 ms by bot id=8931940625
2026-08-03 08:25:04,648 [INFO] aiogram.event: Update id=226640261 is handled. Duration 184 ms by bot id=8931940625
2026-08-03 08:25:08,732 [INFO] aiogram.event: Update id=226640262 is handled. Duration 318 ms by bot id=8931940625
2026-08-03 08:25:14,794 [INFO] aiogram.event: Update id=226640263 is handled. Duration 301 ms by bot id=8931940625
2026-08-03 08:25:18,657 [INFO] aiogram.event: Update id=226640264 is handled. Duration 288 ms by bot id=8931940625
2026-08-03 08:25:44,053 [INFO] aiogram.event: Update id=226640265 is handled. Duration 498 ms by bot id=8931940625
2026-08-03 08:26:00,306 [INFO] aiogram.event: Update id=226640266 is handled. Duration 434 ms by bot id=8931940625
2026-08-03 08:26:03,870 [INFO] aiogram.event: Update id=226640267 is handled. Duration 155 ms by bot id=8931940625
2026-08-03 08:26:06,990 [INFO] aiogram.event: Update id=226640268 is handled. Duration 308 ms by bot id=8931940625
2026-08-03 08:26:08,570 [INFO] aiogram.event: Update id=226640269 is handled. Duration 284 ms by bot id=8931940625
2026-08-03 08:26:10,338 [INFO] aiogram.event: Update id=226640270 is handled. Duration 295 ms by bot id=8931940625
2026-08-03 08:26:11,985 [INFO] aiogram.event: Update id=226640271 is handled. Duration 279 ms by bot id=8931940625
2026-08-03 08:26:16,104 [INFO] aiogram.event: Update id=226640272 is handled. Duration 320 ms by bot id=8931940625
2026-08-03 08:26:16,134 [INFO] aiogram.event: Update id=226640273 is handled. Duration 336 ms by bot id=8931940625
2026-08-03 08:26:16,668 [INFO] aiogram.event: Update id=226640274 is handled. Duration 324 ms by bot id=8931940625
2026-08-03 08:26:18,295 [INFO] aiogram.event: Update id=226640275 is handled. Duration 305 ms by bot id=8931940625
2026-08-03 08:26:18,375 [INFO] aiogram.event: Update id=226640276 is handled. Duration 279 ms by bot id=8931940625
2026-08-03 08:26:19,896 [INFO] aiogram.event: Update id=226640277 is handled. Duration 285 ms by bot id=8931940625
2026-08-03 08:26:21,367 [INFO] aiogram.event: Update id=226640278 is handled. Duration 326 ms by bot id=8931940625
2026-08-03 08:26:21,494 [INFO] aiogram.event: Update id=226640279 is handled. Duration 283 ms by bot id=8931940625
2026-08-03 08:26:21,606 [INFO] aiogram.event: Update id=226640280 is handled. Duration 325 ms by bot id=8931940625
2026-08-03 08:26:23,006 [INFO] aiogram.event: Update id=226640281 is handled. Duration 281 ms by bot id=8931940625
2026-08-03 08:26:24,678 [INFO] aiogram.event: Update id=226640282 is handled. Duration 279 ms by bot id=8931940625
2026-08-03 08:26:26,087 [INFO] aiogram.event: Update id=226640284 is not handled. Duration 10 ms by bot id=8931940625
2026-08-03 08:26:26,256 [INFO] aiogram.event: Update id=226640283 is handled. Duration 325 ms by bot id=8931940625
2026-08-03 08:26:26,985 [INFO] aiogram.event: Update id=226640285 is handled. Duration 183 ms by bot id=8931940625
2026-08-03 08:26:27,440 [INFO] aiogram.event: Update id=226640286 is handled. Duration 283 ms by bot id=8931940625
2026-08-03 08:26:28,628 [INFO] aiogram.event: Update id=226640287 is handled. Duration 287 ms by bot id=8931940625
2026-08-03 08:26:28,950 [INFO] aiogram.event: Update id=226640288 is handled. Duration 485 ms by bot id=8931940625
2026-08-03 08:26:29,286 [INFO] aiogram.event: Update id=226640289 is handled. Duration 297 ms by bot id=8931940625
2026-08-03 08:26:30,896 [INFO] aiogram.event: Update id=226640290 is handled. Duration 294 ms by bot id=8931940625
2026-08-03 08:26:32,176 [INFO] aiogram.event: Update id=226640291 is handled. Duration 291 ms by bot id=8931940625
2026-08-03 08:26:32,873 [INFO] aiogram.event: Update id=226640292 is handled. Duration 474 ms by bot id=8931940625
2026-08-03 08:26:33,509 [INFO] aiogram.event: Update id=226640293 is handled. Duration 333 ms by bot id=8931940625
2026-08-03 08:26:34,911 [INFO] aiogram.event: Update id=226640294 is handled. Duration 287 ms by bot id=8931940625
2026-08-03 08:26:34,924 [INFO] aiogram.event: Update id=226640295 is handled. Duration 186 ms by bot id=8931940625
2026-08-03 08:26:36,869 [INFO] aiogram.event: Update id=226640296 is handled. Duration 185 ms by bot id=8931940625
2026-08-03 08:26:37,422 [INFO] aiogram.event: Update id=226640297 is handled. Duration 178 ms by bot id=8931940625
2026-08-03 08:26:39,396 [INFO] aiogram.event: Update id=226640298 is handled. Duration 293 ms by bot id=8931940625
2026-08-03 08:26:40,499 [INFO] aiogram.event: Update id=226640299 is handled. Duration 322 ms by bot id=8931940625
2026-08-03 08:26:41,333 [INFO] aiogram.event: Update id=226640300 is handled. Duration 288 ms by bot id=8931940625
2026-08-03 08:26:42,726 [INFO] aiogram.event: Update id=226640301 is handled. Duration 374 ms by bot id=8931940625
2026-08-03 08:26:45,420 [INFO] aiogram.event: Update id=226640302 is handled. Duration 307 ms by bot id=8931940625
2026-08-03 08:26:45,794 [INFO] aiogram.event: Update id=226640303 is handled. Duration 434 ms by bot id=8931940625
2026-08-03 08:26:47,137 [INFO] aiogram.event: Update id=226640304 is handled. Duration 305 ms by bot id=8931940625
2026-08-03 08:26:49,287 [INFO] aiogram.event: Update id=226640305 is handled. Duration 296 ms by bot id=8931940625
2026-08-03 08:26:52,341 [INFO] aiogram.event: Update id=226640306 is handled. Duration 186 ms by bot id=8931940625
2026-08-03 08:27:05,141 [INFO] aiogram.event: Update id=226640307 is handled. Duration 184 ms by bot id=8931940625
2026-08-03 08:27:08,532 [INFO] aiogram.event: Update id=226640308 is handled. Duration 366 ms by bot id=8931940625
2026-08-03 08:27:12,223 [INFO] aiogram.event: Update id=226640309 is handled. Duration 445 ms by bot id=8931940625
2026-08-03 08:27:21,524 [INFO] aiogram.event: Update id=226640310 is handled. Duration 484 ms by bot id=8931940625
2026-08-03 08:27:31,391 [INFO] aiogram.event: Update id=226640311 is handled. Duration 188 ms by bot id=8931940625
2026-08-03 08:27:39,109 [INFO] aiogram.event: Update id=226640312 is handled. Duration 316 ms by bot id=8931940625
2026-08-03 08:27:41,107 [INFO] aiogram.event: Update id=226640313 is handled. Duration 439 ms by bot id=8931940625
2026-08-03 08:27:42,685 [INFO] aiogram.event: Update id=226640314 is handled. Duration 422 ms by bot id=8931940625
2026-08-03 08:27:43,238 [INFO] aiogram.event: Update id=226640315 is handled. Duration 473 ms by bot id=8931940625
2026-08-03 08:27:49,735 [INFO] aiogram.event: Update id=226640316 is handled. Duration 287 ms by bot id=8931940625
2026-08-03 08:27:52,356 [INFO] aiogram.event: Update id=226640317 is handled. Duration 290 ms by bot id=8931940625
2026-08-03 08:27:54,417 [INFO] aiogram.event: Update id=226640318 is handled. Duration 141 ms by bot id=8931940625
2026-08-03 08:27:55,931 [INFO] aiogram.event: Update id=226640319 is not handled. Duration 4 ms by bot id=8931940625
2026-08-03 08:27:57,438 [INFO] aiogram.event: Update id=226640320 is handled. Duration 491 ms by bot id=8931940625
2026-08-03 08:27:58,289 [INFO] aiogram.event: Update id=226640321 is handled. Duration 181 ms by bot id=8931940625
2026-08-03 08:27:59,504 [INFO] aiogram.event: Update id=226640322 is handled. Duration 456 ms by bot id=8931940625
2026-08-03 08:28:00,547 [INFO] aiogram.event: Update id=226640323 is handled. Duration 332 ms by bot id=8931940625
2026-08-03 08:28:05,025 [INFO] aiogram.event: Update id=226640324 is handled. Duration 315 ms by bot id=8931940625
2026-08-03 08:28:05,952 [INFO] aiogram.event: Update id=226640325 is handled. Duration 337 ms by bot id=8931940625
2026-08-03 08:28:07,490 [INFO] aiogram.event: Update id=226640326 is handled. Duration 315 ms by bot id=8931940625
2026-08-03 08:28:08,806 [INFO] aiogram.event: Update id=226640327 is handled. Duration 330 ms by bot id=8931940625
2026-08-03 08:28:11,619 [INFO] aiogram.event: Update id=226640328 is handled. Duration 308 ms by bot id=8931940625
2026-08-03 08:28:14,946 [INFO] aiogram.event: Update id=226640329 is handled. Duration 315 ms by bot id=8931940625
2026-08-03 08:28:17,697 [INFO] aiogram.event: Update id=226640330 is handled. Duration 308 ms by bot id=8931940625
2026-08-03 08:28:18,102 [INFO] aiogram.event: Update id=226640331 is handled. Duration 197 ms by bot id=8931940625
2026-08-03 08:28:23,306 [INFO] aiogram.event: Update id=226640332 is handled. Duration 136 ms by bot id=8931940625
2026-08-03 08:28:24,409 [INFO] aiogram.event: Update id=226640333 is handled. Duration 320 ms by bot id=8931940625
2026-08-03 08:28:25,231 [INFO] aiogram.event: Update id=226640334 is handled. Duration 478 ms by bot id=8931940625
2026-08-03 08:28:27,606 [INFO] aiogram.event: Update id=226640335 is handled. Duration 301 ms by bot id=8931940625
2026-08-03 08:28:30,920 [INFO] aiogram.event: Update id=226640336 is handled. Duration 295 ms by bot id=8931940625
2026-08-03 08:28:35,040 [INFO] aiogram.event: Update id=226640337 is handled. Duration 449 ms by bot id=8931940625
2026-08-03 08:28:41,624 [INFO] aiogram.event: Update id=226640338 is handled. Duration 501 ms by bot id=8931940625
2026-08-03 08:29:11,278 [INFO] aiogram.event: Update id=226640339 is handled. Duration 194 ms by bot id=8931940625
2026-08-03 08:29:12,178 [INFO] aiogram.event: Update id=226640340 is handled. Duration 514 ms by bot id=8931940625
2026-08-03 08:29:13,266 [INFO] aiogram.event: Update id=226640341 is handled. Duration 316 ms by bot id=8931940625
2026-08-03 08:29:14,981 [INFO] aiogram.event: Update id=226640342 is handled. Duration 292 ms by bot id=8931940625
2026-08-03 08:29:28,305 [INFO] aiogram.event: Update id=226640343 is not handled. Duration 4 ms by bot id=8931940625
2026-08-03 08:29:30,266 [INFO] aiogram.event: Update id=226640344 is handled. Duration 454 ms by bot id=8931940625
2026-08-03 08:29:37,903 [INFO] aiogram.event: Update id=226640345 is handled. Duration 538 ms by bot id=8931940625
2026-08-03 08:30:40,875 [INFO] aiogram.event: Update id=226640346 is handled. Duration 416 ms by bot id=8931940625
2026-08-03 08:30:51,248 [INFO] aiogram.event: Update id=226640347 is handled. Duration 494 ms by bot id=8931940625
2026-08-03 08:31:38,567 [INFO] aiogram.event: Update id=226640348 is handled. Duration 489 ms by bot id=8931940625
2026-08-03 08:31:39,593 [INFO] aiogram.event: Update id=226640349 is handled. Duration 463 ms by bot id=8931940625
2026-08-03 08:32:18,288 [INFO] aiogram.event: Update id=226640350 is not handled. Duration 4 ms by bot id=8931940625
2026-08-03 08:33:14,144 [INFO] aiogram.event: Update id=226640351 is handled. Duration 286 ms by bot id=8931940625
2026-08-03 08:33:22,342 [INFO] aiogram.event: Update id=226640352 is handled. Duration 470 ms by bot id=8931940625
2026-08-03 08:33:24,929 [INFO] aiogram.event: Update id=226640353 is handled. Duration 458 ms by bot id=8931940625
2026-08-03 08:33:26,982 [INFO] aiogram.event: Update id=226640354 is handled. Duration 356 ms by bot id=8931940625
2026-08-03 08:33:28,514 [INFO] aiogram.event: Update id=226640355 is handled. Duration 282 ms by bot id=8931940625
2026-08-03 08:33:30,244 [INFO] aiogram.event: Update id=226640356 is handled. Duration 351 ms by bot id=8931940625
2026-08-03 08:33:33,152 [INFO] aiogram.event: Update id=226640357 is handled. Duration 280 ms by bot id=8931940625
2026-08-03 08:33:34,319 [INFO] aiogram.event: Update id=226640358 is handled. Duration 307 ms by bot id=8931940625
2026-08-03 08:33:35,797 [INFO] aiogram.event: Update id=226640359 is handled. Duration 284 ms by bot id=8931940625
2026-08-03 08:33:36,828 [INFO] aiogram.event: Update id=226640360 is handled. Duration 301 ms by bot id=8931940625
2026-08-03 08:33:37,538 [INFO] aiogram.event: Update id=226640361 is handled. Duration 279 ms by bot id=8931940625
2026-08-03 08:33:38,290 [INFO] aiogram.event: Update id=226640362 is handled. Duration 299 ms by bot id=8931940625
2026-08-03 08:33:44,803 [INFO] aiogram.event: Update id=226640363 is handled. Duration 475 ms by bot id=8931940625
2026-08-03 08:36:11,562 [INFO] aiogram.event: Update id=226640364 is handled. Duration 457 ms by bot id=8931940625
2026-08-03 08:36:46,821 [INFO] aiogram.event: Update id=226640365 is handled. Duration 520 ms by bot id=8931940625
2026-08-03 08:37:01,638 [INFO] aiogram.event: Update id=226640366 is handled. Duration 534 ms by bot id=8931940625
2026-08-03 08:37:41,562 [INFO] aiogram.event: Update id=226640367 is handled. Duration 158 ms by bot id=8931940625
2026-08-03 08:37:49,334 [INFO] aiogram.event: Update id=226640368 is handled. Duration 313 ms by bot id=8931940625
2026-08-03 08:37:51,689 [INFO] aiogram.event: Update id=226640369 is handled. Duration 284 ms by bot id=8931940625
2026-08-03 08:38:28,004 [INFO] aiogram.event: Update id=226640370 is handled. Duration 182 ms by bot id=8931940625
2026-08-03 08:40:23,649 [INFO] aiogram.event: Update id=226640371 is handled. Duration 287 ms by bot id=8931940625
2026-08-03 08:40:26,251 [INFO] aiogram.event: Update id=226640372 is handled. Duration 333 ms by bot id=8931940625
2026-08-03 08:40:28,458 [INFO] aiogram.event: Update id=226640373 is handled. Duration 276 ms by bot id=8931940625
2026-08-03 08:40:29,871 [INFO] aiogram.event: Update id=226640374 is handled. Duration 291 ms by bot id=8931940625
2026-08-03 08:40:31,532 [INFO] aiogram.event: Update id=226640375 is handled. Duration 281 ms by bot id=8931940625
2026-08-03 08:40:32,878 [INFO] aiogram.event: Update id=226640376 is handled. Duration 321 ms by bot id=8931940625
2026-08-03 08:40:34,837 [INFO] aiogram.event: Update id=226640377 is handled. Duration 362 ms by bot id=8931940625
2026-08-03 08:40:36,769 [INFO] aiogram.event: Update id=226640378 is handled. Duration 298 ms by bot id=8931940625
2026-08-03 08:40:38,530 [INFO] aiogram.event: Update id=226640379 is handled. Duration 289 ms by bot id=8931940625
2026-08-03 08:40:41,585 [INFO] aiogram.event: Update id=226640380 is handled. Duration 297 ms by bot id=8931940625
2026-08-03 08:40:44,424 [INFO] aiogram.event: Update id=226640381 is handled. Duration 279 ms by bot id=8931940625
2026-08-03 08:40:47,685 [INFO] aiogram.event: Update id=226640382 is handled. Duration 296 ms by bot id=8931940625
2026-08-03 08:48:52,859 [INFO] aiogram.event: Update id=226640383 is handled. Duration 414 ms by bot id=8931940625
2026-08-03 08:49:01,986 [INFO] aiogram.event: Update id=226640384 is handled. Duration 155 ms by bot id=8931940625
2026-08-03 08:49:02,150 [INFO] aiogram.event: Update id=226640385 is handled. Duration 2 ms by bot id=8931940625
2026-08-03 08:49:04,572 [INFO] aiogram.event: Update id=226640386 is handled. Duration 521 ms by bot id=8931940625
2026-08-03 08:50:40,332 [INFO] aiogram.event: Update id=226640387 is not handled. Duration 4 ms by bot id=8931940625
2026-08-03 08:52:14,768 [INFO] aiogram.event: Update id=226640388 is handled. Duration 510 ms by bot id=8931940625
2026-08-03 09:06:40,304 [INFO] aiogram.event: Update id=226640389 is handled. Duration 429 ms by bot id=8931940625
2026-08-03 09:06:42,772 [INFO] aiogram.event: Update id=226640390 is handled. Duration 347 ms by bot id=8931940625
2026-08-03 09:06:44,877 [INFO] aiogram.event: Update id=226640391 is handled. Duration 304 ms by bot id=8931940625
2026-08-03 09:06:48,008 [INFO] aiogram.event: Update id=226640392 is handled. Duration 328 ms by bot id=8931940625
2026-08-03 09:06:53,670 [INFO] aiogram.event: Update id=226640393 is handled. Duration 318 ms by bot id=8931940625
2026-08-03 09:06:55,248 [INFO] aiogram.event: Update id=226640394 is handled. Duration 347 ms by bot id=8931940625
2026-08-03 09:06:58,364 [INFO] aiogram.event: Update id=226640395 is handled. Duration 288 ms by bot id=8931940625
2026-08-03 09:07:00,502 [INFO] aiogram.event: Update id=226640396 is handled. Duration 307 ms by bot id=8931940625
2026-08-03 09:09:52,559 [INFO] aiogram.event: Update id=226640397 is handled. Duration 208 ms by bot id=8931940625
2026-08-03 09:10:00,817 [INFO] aiogram.event: Update id=226640398 is handled. Duration 329 ms by bot id=8931940625
2026-08-03 09:10:09,363 [INFO] aiogram.event: Update id=226640399 is handled. Duration 321 ms by bot id=8931940625
2026-08-03 09:10:22,686 [INFO] aiogram.event: Update id=226640400 is handled. Duration 347 ms by bot id=8931940625
2026-08-03 09:10:26,089 [INFO] aiogram.event: Update id=226640401 is handled. Duration 291 ms by bot id=8931940625
2026-08-03 09:10:27,558 [INFO] aiogram.event: Update id=226640402 is handled. Duration 303 ms by bot id=8931940625
2026-08-03 09:10:32,542 [INFO] aiogram.event: Update id=226640403 is handled. Duration 318 ms by bot id=8931940625
2026-08-03 09:10:35,567 [WARNING] utils.screen: show_screen edit error: Telegram server says - Bad Request: message can't be deleted for everyone
2026-08-03 09:10:35,719 [INFO] aiogram.event: Update id=226640404 is handled. Duration 183 ms by bot id=8931940625
2026-08-03 09:10:58,026 [INFO] aiogram.event: Update id=226640405 is handled. Duration 457 ms by bot id=8931940625
2026-08-03 10:38:24,707 [INFO] aiogram.event: Update id=226640406 is handled. Duration 345 ms by bot id=8931940625
2026-08-03 10:38:31,232 [INFO] aiogram.event: Update id=226640407 is handled. Duration 329 ms by bot id=8931940625
2026-08-03 10:38:33,927 [INFO] aiogram.event: Update id=226640408 is handled. Duration 357 ms by bot id=8931940625
2026-08-03 10:38:37,195 [INFO] aiogram.event: Update id=226640409 is handled. Duration 313 ms by bot id=8931940625
2026-08-03 10:38:41,686 [INFO] aiogram.event: Update id=226640410 is handled. Duration 349 ms by bot id=8931940625
2026-08-03 10:38:45,167 [INFO] aiogram.event: Update id=226640411 is handled. Duration 298 ms by bot id=8931940625
2026-08-03 10:38:47,017 [INFO] aiogram.event: Update id=226640412 is handled. Duration 304 ms by bot id=8931940625
2026-08-03 10:38:50,989 [INFO] aiogram.event: Update id=226640413 is handled. Duration 324 ms by bot id=8931940625
2026-08-03 10:38:52,536 [INFO] aiogram.event: Update id=226640414 is handled. Duration 303 ms by bot id=8931940625
2026-08-03 10:38:54,260 [INFO] aiogram.event: Update id=226640415 is handled. Duration 311 ms by bot id=8931940625
2026-08-03 10:38:57,152 [INFO] aiogram.event: Update id=226640416 is handled. Duration 302 ms by bot id=8931940625
2026-08-03 10:39:00,434 [INFO] aiogram.event: Update id=226640417 is handled. Duration 164 ms by bot id=8931940625
2026-08-03 10:48:44,332 [INFO] aiogram.event: Update id=226640418 is handled. Duration 203 ms by bot id=8931940625
2026-08-03 10:48:48,159 [INFO] aiogram.event: Update id=226640419 is handled. Duration 328 ms by bot id=8931940625
2026-08-03 10:48:51,772 [INFO] aiogram.event: Update id=226640420 is handled. Duration 433 ms by bot id=8931940625
2026-08-03 12:31:21,280 [INFO] aiogram.event: Update id=226640421 is handled. Duration 218 ms by bot id=8931940625
2026-08-03 12:31:24,845 [INFO] aiogram.event: Update id=226640422 is handled. Duration 324 ms by bot id=8931940625
2026-08-03 12:31:35,861 [INFO] aiogram.event: Update id=226640423 is handled. Duration 287 ms by bot id=8931940625
2026-08-03 12:31:47,203 [INFO] aiogram.event: Update id=226640424 is handled. Duration 287 ms by bot id=8931940625
2026-08-03 12:32:03,409 [INFO] aiogram.event: Update id=226640425 is handled. Duration 137 ms by bot id=8931940625
2026-08-03 12:32:05,964 [INFO] aiogram.event: Update id=226640426 is handled. Duration 479 ms by bot id=8931940625
2026-08-03 12:32:57,699 [INFO] aiogram.event: Update id=226640427 is handled. Duration 434 ms by bot id=8931940625
2026-08-03 12:33:04,046 [INFO] aiogram.event: Update id=226640428 is handled. Duration 507 ms by bot id=8931940625
2026-08-03 12:35:57,655 [INFO] aiogram.event: Update id=226640429 is handled. Duration 449 ms by bot id=8931940625
2026-08-03 12:36:00,632 [INFO] aiogram.event: Update id=226640430 is handled. Duration 331 ms by bot id=8931940625
2026-08-03 12:36:07,102 [INFO] aiogram.event: Update id=226640431 is handled. Duration 284 ms by bot id=8931940625
2026-08-03 12:36:10,308 [INFO] aiogram.event: Update id=226640432 is handled. Duration 286 ms by bot id=8931940625
2026-08-03 12:36:24,030 [INFO] aiogram.event: Update id=226640433 is handled. Duration 673 ms by bot id=8931940625
2026-08-03 12:36:28,498 [INFO] aiogram.event: Update id=226640434 is handled. Duration 408 ms by bot id=8931940625
2026-08-03 12:36:33,247 [INFO] aiogram.event: Update id=226640435 is handled. Duration 528 ms by bot id=8931940625
2026-08-03 12:43:43,366 [INFO] aiogram.event: Update id=226640436 is handled. Duration 505 ms by bot id=8931940625
2026-08-03 12:46:35,337 [INFO] aiogram.event: Update id=226640437 is handled. Duration 508 ms by bot id=8931940625
2026-08-03 12:48:58,657 [INFO] aiogram.event: Update id=226640438 is handled. Duration 156 ms by bot id=8931940625
2026-08-03 12:49:00,748 [INFO] aiogram.event: Update id=226640439 is handled. Duration 290 ms by bot id=8931940625
2026-08-03 13:22:06,088 [INFO] aiogram.event: Update id=226640440 is handled. Duration 361 ms by bot id=8931940625
2026-08-03 13:22:08,291 [INFO] aiogram.event: Update id=226640441 is handled. Duration 310 ms by bot id=8931940625
2026-08-03 13:22:12,040 [WARNING] utils.screen: show_screen edit error: Telegram server says - Bad Request: message can't be deleted for everyone
2026-08-03 13:22:12,323 [INFO] aiogram.event: Update id=226640442 is handled. Duration 313 ms by bot id=8931940625
2026-08-03 14:32:13,675 [INFO] aiogram.event: Update id=226640443 is handled. Duration 340 ms by bot id=8931940625
2026-08-03 14:32:18,196 [INFO] aiogram.event: Update id=226640444 is handled. Duration 331 ms by bot id=8931940625
2026-08-03 14:47:20,128 [INFO] aiogram.event: Update id=226640445 is handled. Duration 245 ms by bot id=8931940625
2026-08-03 14:47:23,675 [INFO] aiogram.event: Update id=226640446 is handled. Duration 350 ms by bot id=8931940625
2026-08-03 14:47:27,053 [INFO] aiogram.event: Update id=226640447 is handled. Duration 310 ms by bot id=8931940625
2026-08-03 14:47:32,236 [INFO] aiogram.event: Update id=226640448 is handled. Duration 294 ms by bot id=8931940625
2026-08-03 14:47:39,777 [INFO] aiogram.event: Update id=226640449 is handled. Duration 151 ms by bot id=8931940625
2026-08-03 14:47:42,699 [INFO] aiogram.event: Update id=226640450 is handled. Duration 488 ms by bot id=8931940625
2026-08-03 14:50:16,217 [INFO] aiogram.event: Update id=226640451 is handled. Duration 434 ms by bot id=8931940625
2026-08-03 15:10:30,754 [INFO] aiogram.event: Update id=226640452 is handled. Duration 492 ms by bot id=8931940625
2026-08-03 15:10:34,899 [INFO] aiogram.event: Update id=226640453 is handled. Duration 460 ms by bot id=8931940625
2026-08-03 15:15:45,614 [INFO] aiogram.event: Update id=226640454 is handled. Duration 455 ms by bot id=8931940625
2026-08-03 15:15:47,284 [INFO] aiogram.event: Update id=226640455 is handled. Duration 339 ms by bot id=8931940625
2026-08-03 15:15:50,610 [INFO] aiogram.event: Update id=226640456 is handled. Duration 307 ms by bot id=8931940625
2026-08-03 15:15:52,181 [INFO] aiogram.event: Update id=226640457 is handled. Duration 166 ms by bot id=8931940625
2026-08-03 16:38:42,445 [INFO] aiogram.event: Update id=226640458 is handled. Duration 362 ms by bot id=8931940625
2026-08-03 16:38:43,505 [INFO] aiogram.event: Update id=226640459 is not handled. Duration 9 ms by bot id=8931940625
2026-08-03 16:38:47,584 [INFO] aiogram.event: Update id=226640460 is handled. Duration 302 ms by bot id=8931940625
2026-08-03 16:38:49,744 [INFO] aiogram.event: Update id=226640461 is handled. Duration 349 ms by bot id=8931940625
2026-08-03 17:22:20,877 [INFO] aiogram.event: Update id=226640462 is handled. Duration 407 ms by bot id=8931940625
2026-08-03 17:22:23,045 [INFO] aiogram.event: Update id=226640463 is handled. Duration 330 ms by bot id=8931940625
2026-08-03 17:33:03,165 [INFO] aiogram.event: Update id=226640464 is handled. Duration 197 ms by bot id=8931940625
2026-08-03 17:33:05,873 [INFO] aiogram.event: Update id=226640465 is handled. Duration 344 ms by bot id=8931940625
2026-08-03 17:33:09,109 [INFO] aiogram.event: Update id=226640466 is handled. Duration 306 ms by bot id=8931940625
2026-08-03 17:38:47,758 [INFO] aiogram.event: Update id=226640467 is handled. Duration 367 ms by bot id=8931940625
2026-08-03 17:38:50,203 [INFO] aiogram.event: Update id=226640468 is handled. Duration 310 ms by bot id=8931940625
2026-08-03 17:38:52,881 [INFO] aiogram.event: Update id=226640469 is handled. Duration 341 ms by bot id=8931940625
2026-08-03 17:38:56,987 [INFO] aiogram.event: Update id=226640470 is handled. Duration 310 ms by bot id=8931940625
2026-08-03 17:38:59,294 [INFO] aiogram.event: Update id=226640471 is handled. Duration 334 ms by bot id=8931940625
2026-08-03 17:39:01,091 [INFO] aiogram.event: Update id=226640472 is handled. Duration 307 ms by bot id=8931940625
2026-08-03 17:39:03,075 [INFO] aiogram.event: Update id=226640473 is handled. Duration 327 ms by bot id=8931940625
2026-08-03 17:39:04,940 [INFO] aiogram.event: Update id=226640474 is handled. Duration 343 ms by bot id=8931940625
2026-08-03 17:39:37,622 [INFO] aiogram.event: Update id=226640475 is handled. Duration 360 ms by bot id=8931940625
2026-08-03 17:39:41,210 [INFO] aiogram.event: Update id=226640476 is handled. Duration 306 ms by bot id=8931940625
2026-08-03 17:39:49,323 [INFO] aiogram.event: Update id=226640477 is handled. Duration 351 ms by bot id=8931940625
2026-08-03 17:39:50,753 [INFO] aiogram.event: Update id=226640478 is handled. Duration 309 ms by bot id=8931940625
2026-08-03 17:39:52,194 [INFO] aiogram.event: Update id=226640479 is handled. Duration 324 ms by bot id=8931940625
2026-08-03 18:11:53,504 [INFO] aiogram.event: Update id=226640480 is handled. Duration 234 ms by bot id=8931940625
2026-08-03 18:11:57,943 [INFO] aiogram.event: Update id=226640481 is handled. Duration 333 ms by bot id=8931940625
2026-08-03 18:12:04,816 [INFO] aiogram.event: Update id=226640482 is handled. Duration 515 ms by bot id=8931940625
2026-08-03 18:12:25,616 [INFO] aiogram.event: Update id=226640483 is handled. Duration 486 ms by bot id=8931940625
2026-08-03 18:12:31,696 [INFO] aiogram.event: Update id=226640484 is handled. Duration 554 ms by bot id=8931940625
2026-08-03 18:12:36,870 [INFO] aiogram.event: Update id=226640485 is handled. Duration 478 ms by bot id=8931940625
2026-08-03 18:12:43,273 [INFO] aiogram.event: Update id=226640486 is handled. Duration 487 ms by bot id=8931940625
2026-08-03 19:24:52,030 [INFO] aiogram.event: Update id=226640487 is not handled. Duration 2 ms by bot id=8931940625
2026-08-03 20:20:54,701 [INFO] aiogram.event: Update id=226640488 is handled. Duration 254 ms by bot id=8931940625
2026-08-03 20:20:56,502 [INFO] aiogram.event: Update id=226640489 is handled. Duration 345 ms by bot id=8931940625
2026-08-03 20:20:58,954 [INFO] aiogram.event: Update id=226640490 is handled. Duration 308 ms by bot id=8931940625
2026-08-03 20:21:04,980 [INFO] aiogram.event: Update id=226640491 is handled. Duration 761 ms by bot id=8931940625
2026-08-03 20:38:58,971 [INFO] aiogram.event: Update id=226640492 is handled. Duration 189 ms by bot id=8931940625
2026-08-04 01:12:26,755 [ERROR] aiogram.dispatcher: Failed to fetch updates - TelegramServerError: Telegram server says - Bad Gateway
2026-08-04 01:12:26,755 [WARNING] aiogram.dispatcher: Sleep for 1.000000 seconds and try again... (tryings = 0, bot id = 8931940625)
2026-08-04 01:12:27,768 [ERROR] aiogram.dispatcher: Failed to fetch updates - TelegramServerError: Telegram server says - Bad Gateway
2026-08-04 01:12:27,768 [WARNING] aiogram.dispatcher: Sleep for 1.260804 seconds and try again... (tryings = 1, bot id = 8931940625)
2026-08-04 01:12:29,043 [ERROR] aiogram.dispatcher: Failed to fetch updates - TelegramServerError: Telegram server says - Bad Gateway
2026-08-04 01:12:29,043 [WARNING] aiogram.dispatcher: Sleep for 1.444502 seconds and try again... (tryings = 2, bot id = 8931940625)
2026-08-04 01:13:40,992 [ERROR] aiogram.dispatcher: Failed to fetch updates - TelegramNetworkError: HTTP Client says - Request timeout error
2026-08-04 01:13:40,992 [WARNING] aiogram.dispatcher: Sleep for 1.802096 seconds and try again... (tryings = 3, bot id = 8931940625)
2026-08-04 01:14:52,998 [ERROR] aiogram.dispatcher: Failed to fetch updates - TelegramNetworkError: HTTP Client says - Request timeout error
2026-08-04 01:14:52,998 [WARNING] aiogram.dispatcher: Sleep for 2.222097 seconds and try again... (tryings = 4, bot id = 8931940625)
2026-08-04 01:15:05,262 [INFO] aiogram.dispatcher: Connection established (tryings = 5, bot id = 8931940625)
2026-08-04 05:59:38,379 [INFO] aiogram.event: Update id=226640493 is handled. Duration 350 ms by bot id=8931940625
2026-08-04 05:59:39,845 [INFO] aiogram.event: Update id=226640494 is handled. Duration 295 ms by bot id=8931940625
2026-08-04 06:19:13,854 [INFO] aiogram.event: Update id=226640495 is handled. Duration 228 ms by bot id=8931940625
2026-08-04 06:19:16,461 [INFO] aiogram.event: Update id=226640496 is handled. Duration 358 ms by bot id=8931940625
2026-08-04 06:19:27,340 [INFO] aiogram.event: Update id=226640497 is handled. Duration 304 ms by bot id=8931940625
2026-08-04 06:20:17,061 [INFO] aiogram.event: Update id=226640498 is handled. Duration 299 ms by bot id=8931940625
2026-08-04 06:20:27,430 [WARNING] utils.screen: show_screen edit error: Telegram server says - Bad Request: message is not modified: specified new message content and reply markup are exactly the same as a current content and reply markup of the message
2026-08-04 06:20:27,749 [INFO] aiogram.event: Update id=226640499 is handled. Duration 486 ms by bot id=8931940625
2026-08-04 06:20:29,393 [INFO] aiogram.event: Update id=226640500 is handled. Duration 452 ms by bot id=8931940625
2026-08-04 06:20:41,623 [INFO] aiogram.event: Update id=226640501 is handled. Duration 164 ms by bot id=8931940625
2026-08-04 06:59:47,042 [INFO] aiogram.event: Update id=226640502 is handled. Duration 185 ms by bot id=8931940625
2026-08-04 06:59:51,751 [INFO] aiogram.event: Update id=226640503 is handled. Duration 347 ms by bot id=8931940625
2026-08-04 06:59:59,371 [INFO] aiogram.event: Update id=226640504 is handled. Duration 423 ms by bot id=8931940625
2026-08-04 07:00:08,080 [INFO] aiogram.event: Update id=226640505 is handled. Duration 503 ms by bot id=8931940625
2026-08-04 07:00:17,121 [INFO] aiogram.event: Update id=226640506 is handled. Duration 436 ms by bot id=8931940625
2026-08-04 07:00:24,578 [INFO] aiogram.event: Update id=226640507 is handled. Duration 465 ms by bot id=8931940625
2026-08-04 07:00:30,915 [INFO] aiogram.event: Update id=226640508 is handled. Duration 596 ms by bot id=8931940625
2026-08-04 07:01:03,421 [INFO] aiogram.event: Update id=226640509 is not handled. Duration 3 ms by bot id=8931940625
2026-08-04 07:20:37,634 [INFO] aiogram.event: Update id=226640510 is handled. Duration 243 ms by bot id=8931940625
2026-08-04 07:20:39,212 [INFO] aiogram.event: Update id=226640511 is handled. Duration 339 ms by bot id=8931940625
2026-08-04 07:20:44,155 [INFO] aiogram.event: Update id=226640512 is handled. Duration 289 ms by bot id=8931940625
2026-08-04 07:48:28,720 [INFO] aiogram.event: Update id=226640513 is handled. Duration 209 ms by bot id=8931940625
2026-08-04 07:48:32,309 [INFO] aiogram.event: Update id=226640514 is handled. Duration 314 ms by bot id=8931940625
2026-08-04 07:48:35,852 [INFO] aiogram.event: Update id=226640515 is handled. Duration 449 ms by bot id=8931940625
2026-08-04 07:49:07,987 [INFO] aiogram.event: Update id=226640516 is handled. Duration 511 ms by bot id=8931940625
2026-08-04 07:54:53,895 [INFO] aiogram.event: Update id=226640517 is handled. Duration 326 ms by bot id=8931940625
2026-08-04 07:54:56,244 [INFO] aiogram.event: Update id=226640518 is handled. Duration 343 ms by bot id=8931940625
2026-08-04 07:54:58,452 [INFO] aiogram.event: Update id=226640519 is handled. Duration 296 ms by bot id=8931940625
2026-08-04 07:55:02,062 [INFO] aiogram.event: Update id=226640520 is handled. Duration 309 ms by bot id=8931940625
2026-08-04 11:34:53,532 [INFO] aiogram.event: Update id=226640521 is handled. Duration 218 ms by bot id=8931940625
2026-08-04 11:34:57,223 [INFO] aiogram.event: Update id=226640522 is handled. Duration 326 ms by bot id=8931940625
2026-08-04 11:35:01,483 [INFO] aiogram.event: Update id=226640523 is handled. Duration 442 ms by bot id=8931940625
2026-08-04 11:35:16,801 [INFO] aiogram.event: Update id=226640524 is handled. Duration 480 ms by bot id=8931940625
2026-08-04 11:35:21,976 [INFO] aiogram.event: Update id=226640525 is handled. Duration 318 ms by bot id=8931940625
2026-08-04 11:35:23,969 [INFO] aiogram.event: Update id=226640526 is handled. Duration 332 ms by bot id=8931940625
2026-08-04 11:35:29,415 [INFO] aiogram.event: Update id=226640527 is handled. Duration 289 ms by bot id=8931940625
2026-08-04 11:35:34,579 [INFO] aiogram.event: Update id=226640528 is handled. Duration 297 ms by bot id=8931940625
2026-08-04 11:35:51,400 [INFO] aiogram.event: Update id=226640529 is handled. Duration 479 ms by bot id=8931940625
2026-08-04 11:41:33,722 [INFO] aiogram.event: Update id=226640530 is handled. Duration 424 ms by bot id=8931940625
2026-08-04 11:41:52,747 [INFO] aiogram.event: Update id=226640531 is handled. Duration 637 ms by bot id=8931940625
2026-08-04 11:44:21,201 [INFO] aiogram.event: Update id=226640532 is handled. Duration 467 ms by bot id=8931940625
2026-08-04 11:44:25,857 [INFO] aiogram.event: Update id=226640533 is handled. Duration 328 ms by bot id=8931940625
2026-08-04 11:46:43,145 [INFO] aiogram.event: Update id=226640534 is handled. Duration 187 ms by bot id=8931940625
2026-08-04 11:46:49,149 [INFO] aiogram.event: Update id=226640535 is handled. Duration 349 ms by bot id=8931940625
2026-08-04 11:46:55,379 [INFO] aiogram.event: Update id=226640536 is handled. Duration 418 ms by bot id=8931940625
2026-08-04 11:47:12,850 [INFO] aiogram.event: Update id=226640537 is handled. Duration 516 ms by bot id=8931940625
2026-08-04 11:47:17,446 [INFO] aiogram.event: Update id=226640538 is handled. Duration 547 ms by bot id=8931940625
2026-08-04 11:47:35,720 [INFO] aiogram.event: Update id=226640539 is not handled. Duration 4 ms by bot id=8931940625
2026-08-04 11:47:49,249 [INFO] aiogram.event: Update id=226640540 is handled. Duration 486 ms by bot id=8931940625
2026-08-04 12:04:16,360 [INFO] aiogram.event: Update id=226640541 is handled. Duration 494 ms by bot id=8931940625
2026-08-04 12:04:18,549 [INFO] aiogram.event: Update id=226640542 is handled. Duration 365 ms by bot id=8931940625
2026-08-04 12:04:20,245 [INFO] aiogram.event: Update id=226640543 is handled. Duration 333 ms by bot id=8931940625
2026-08-04 12:04:21,542 [INFO] aiogram.event: Update id=226640544 is handled. Duration 352 ms by bot id=8931940625
2026-08-04 12:04:23,541 [INFO] aiogram.event: Update id=226640545 is handled. Duration 429 ms by bot id=8931940625
2026-08-04 12:04:26,839 [INFO] aiogram.event: Update id=226640546 is handled. Duration 504 ms by bot id=8931940625
2026-08-04 12:04:28,187 [INFO] aiogram.event: Update id=226640547 is handled. Duration 334 ms by bot id=8931940625
2026-08-04 12:04:30,289 [INFO] aiogram.event: Update id=226640548 is handled. Duration 359 ms by bot id=8931940625
2026-08-04 12:04:32,737 [INFO] aiogram.event: Update id=226640549 is handled. Duration 307 ms by bot id=8931940625
2026-08-04 12:04:34,507 [INFO] aiogram.event: Update id=226640550 is handled. Duration 320 ms by bot id=8931940625
2026-08-04 12:49:16,046 [INFO] aiogram.event: Update id=226640551 is handled. Duration 495 ms by bot id=8931940625
2026-08-04 12:52:05,277 [INFO] aiogram.event: Update id=226640552 is handled. Duration 488 ms by bot id=8931940625
2026-08-04 14:23:27,654 [INFO] aiogram.event: Update id=226640553 is handled. Duration 283 ms by bot id=8931940625
2026-08-04 14:23:29,865 [INFO] aiogram.event: Update id=226640554 is handled. Duration 338 ms by bot id=8931940625
2026-08-04 14:41:06,955 [INFO] aiogram.event: Update id=226640555 is handled. Duration 206 ms by bot id=8931940625
2026-08-04 14:41:11,986 [INFO] aiogram.event: Update id=226640556 is handled. Duration 341 ms by bot id=8931940625
2026-08-04 15:17:50,132 [INFO] aiogram.event: Update id=226640557 is handled. Duration 212 ms by bot id=8931940625
2026-08-04 15:17:51,492 [INFO] aiogram.event: Update id=226640558 is handled. Duration 363 ms by bot id=8931940625
2026-08-04 15:17:54,171 [INFO] aiogram.event: Update id=226640559 is handled. Duration 315 ms by bot id=8931940625
2026-08-04 15:17:55,464 [INFO] aiogram.event: Update id=226640560 is handled. Duration 353 ms by bot id=8931940625
2026-08-04 15:17:56,720 [INFO] aiogram.event: Update id=226640561 is handled. Duration 288 ms by bot id=8931940625
2026-08-04 15:17:59,966 [INFO] aiogram.event: Update id=226640562 is handled. Duration 349 ms by bot id=8931940625
2026-08-04 15:18:02,987 [INFO] aiogram.event: Update id=226640563 is handled. Duration 335 ms by bot id=8931940625
2026-08-04 15:18:04,545 [INFO] aiogram.event: Update id=226640564 is handled. Duration 324 ms by bot id=8931940625
2026-08-04 15:18:05,818 [INFO] aiogram.event: Update id=226640565 is handled. Duration 301 ms by bot id=8931940625
2026-08-04 15:18:07,944 [INFO] aiogram.event: Update id=226640566 is handled. Duration 355 ms by bot id=8931940625
2026-08-04 15:18:10,243 [INFO] aiogram.event: Update id=226640567 is handled. Duration 321 ms by bot id=8931940625
2026-08-04 15:18:16,106 [INFO] aiogram.event: Update id=226640568 is handled. Duration 540 ms by bot id=8931940625
2026-08-04 15:18:17,288 [INFO] aiogram.event: Update id=226640569 is handled. Duration 340 ms by bot id=8931940625
2026-08-04 15:18:18,690 [INFO] aiogram.event: Update id=226640570 is handled. Duration 356 ms by bot id=8931940625
2026-08-04 15:18:19,902 [INFO] aiogram.event: Update id=226640571 is handled. Duration 327 ms by bot id=8931940625
2026-08-04 15:18:50,896 [INFO] aiogram.event: Update id=226640572 is handled. Duration 341 ms by bot id=8931940625
2026-08-04 15:18:58,745 [INFO] aiogram.event: Update id=226640573 is handled. Duration 416 ms by bot id=8931940625
2026-08-04 15:19:00,032 [INFO] aiogram.event: Update id=226640574 is handled. Duration 321 ms by bot id=8931940625
2026-08-04 15:19:13,615 [INFO] aiogram.event: Update id=226640575 is handled. Duration 318 ms by bot id=8931940625
2026-08-04 15:19:14,798 [INFO] aiogram.event: Update id=226640576 is handled. Duration 346 ms by bot id=8931940625
2026-08-04 15:19:16,410 [INFO] aiogram.event: Update id=226640577 is handled. Duration 287 ms by bot id=8931940625
2026-08-04 15:19:17,557 [INFO] aiogram.event: Update id=226640578 is handled. Duration 330 ms by bot id=8931940625
2026-08-04 15:19:19,668 [INFO] aiogram.event: Update id=226640579 is handled. Duration 466 ms by bot id=8931940625
2026-08-04 15:19:30,144 [INFO] aiogram.event: Update id=226640580 is handled. Duration 450 ms by bot id=8931940625
2026-08-04 15:19:32,047 [INFO] aiogram.event: Update id=226640581 is handled. Duration 479 ms by bot id=8931940625
2026-08-04 15:46:22,468 [INFO] aiogram.event: Update id=226640582 is not handled. Duration 4 ms by bot id=8931940625
2026-08-04 17:16:08,033 [INFO] aiogram.event: Update id=226640583 is handled. Duration 244 ms by bot id=8931940625
2026-08-04 17:16:09,924 [INFO] aiogram.event: Update id=226640584 is handled. Duration 339 ms by bot id=8931940625
2026-08-04 17:16:17,787 [INFO] aiogram.event: Update id=226640585 is handled. Duration 328 ms by bot id=8931940625
2026-08-04 17:16:19,894 [INFO] aiogram.event: Update id=226640586 is handled. Duration 330 ms by bot id=8931940625
2026-08-04 17:16:32,539 [INFO] aiogram.event: Update id=226640587 is handled. Duration 533 ms by bot id=8931940625
2026-08-04 17:16:33,868 [INFO] aiogram.event: Update id=226640588 is handled. Duration 351 ms by bot id=8931940625
2026-08-04 17:16:35,748 [INFO] aiogram.event: Update id=226640589 is handled. Duration 327 ms by bot id=8931940625
2026-08-04 17:16:37,008 [INFO] aiogram.event: Update id=226640590 is handled. Duration 174 ms by bot id=8931940625
2026-08-04 17:16:44,518 [INFO] aiogram.event: Update id=226640591 is handled. Duration 300 ms by bot id=8931940625
2026-08-04 17:16:45,862 [INFO] aiogram.event: Update id=226640592 is handled. Duration 381 ms by bot id=8931940625
2026-08-04 17:16:48,890 [INFO] aiogram.event: Update id=226640593 is handled. Duration 315 ms by bot id=8931940625
2026-08-04 17:16:51,598 [INFO] aiogram.event: Update id=226640594 is handled. Duration 169 ms by bot id=8931940625
2026-08-04 17:17:11,853 [INFO] aiogram.event: Update id=226640595 is handled. Duration 319 ms by bot id=8931940625
2026-08-04 17:17:15,989 [INFO] aiogram.event: Update id=226640596 is handled. Duration 357 ms by bot id=8931940625
2026-08-04 17:17:18,921 [INFO] aiogram.event: Update id=226640597 is handled. Duration 314 ms by bot id=8931940625
2026-08-04 17:17:21,322 [INFO] aiogram.event: Update id=226640598 is handled. Duration 352 ms by bot id=8931940625
2026-08-04 17:17:23,243 [INFO] aiogram.event: Update id=226640599 is handled. Duration 374 ms by bot id=8931940625
2026-08-04 17:17:24,928 [INFO] aiogram.event: Update id=226640600 is handled. Duration 355 ms by bot id=8931940625
2026-08-04 17:17:26,318 [INFO] aiogram.event: Update id=226640601 is handled. Duration 440 ms by bot id=8931940625
2026-08-04 17:17:33,654 [INFO] aiogram.event: Update id=226640602 is handled. Duration 181 ms by bot id=8931940625
2026-08-04 17:18:23,167 [INFO] aiogram.event: Update id=226640603 is handled. Duration 407 ms by bot id=8931940625
2026-08-04 17:18:32,211 [INFO] aiogram.event: Update id=226640604 is handled. Duration 524 ms by bot id=8931940625
2026-08-04 17:18:33,810 [INFO] aiogram.event: Update id=226640605 is handled. Duration 565 ms by bot id=8931940625
2026-08-04 17:18:35,963 [INFO] aiogram.event: Update id=226640606 is handled. Duration 365 ms by bot id=8931940625
2026-08-04 17:18:39,950 [INFO] aiogram.event: Update id=226640607 is handled. Duration 497 ms by bot id=8931940625
2026-08-04 17:18:41,705 [INFO] aiogram.event: Update id=226640608 is handled. Duration 638 ms by bot id=8931940625
2026-08-04 17:18:44,106 [INFO] aiogram.event: Update id=226640609 is handled. Duration 470 ms by bot id=8931940625
2026-08-04 17:18:46,845 [INFO] aiogram.event: Update id=226640610 is handled. Duration 490 ms by bot id=8931940625
2026-08-04 17:18:48,930 [INFO] aiogram.event: Update id=226640611 is handled. Duration 449 ms by bot id=8931940625
2026-08-04 17:18:52,750 [INFO] aiogram.event: Update id=226640612 is handled. Duration 560 ms by bot id=8931940625
2026-08-04 17:18:56,284 [INFO] aiogram.event: Update id=226640613 is handled. Duration 455 ms by bot id=8931940625
2026-08-04 17:19:16,732 [INFO] aiogram.event: Update id=226640614 is handled. Duration 487 ms by bot id=8931940625
2026-08-04 17:19:44,453 [INFO] aiogram.event: Update id=226640615 is handled. Duration 465 ms by bot id=8931940625
2026-08-04 17:20:21,532 [INFO] aiogram.event: Update id=226640616 is handled. Duration 569 ms by bot id=8931940625
2026-08-04 17:20:24,599 [INFO] aiogram.event: Update id=226640617 is handled. Duration 310 ms by bot id=8931940625
2026-08-04 19:47:07,462 [INFO] aiogram.event: Update id=226640618 is handled. Duration 233 ms by bot id=8931940625
2026-08-04 19:47:11,808 [INFO] aiogram.event: Update id=226640619 is handled. Duration 325 ms by bot id=8931940625
2026-08-04 22:23:00,917 [INFO] aiogram.event: Update id=226640620 is handled. Duration 221 ms by bot id=8931940625
2026-08-04 22:23:03,078 [INFO] aiogram.event: Update id=226640621 is handled. Duration 332 ms by bot id=8931940625
2026-08-04 22:23:08,228 [INFO] aiogram.event: Update id=226640622 is handled. Duration 307 ms by bot id=8931940625
2026-08-04 22:23:11,281 [INFO] aiogram.event: Update id=226640623 is handled. Duration 173 ms by bot id=8931940625
2026-08-05 01:16:57,598 [ERROR] aiogram.dispatcher: Failed to fetch updates - TelegramServerError: Telegram server says - Bad Gateway
2026-08-05 01:16:57,598 [WARNING] aiogram.dispatcher: Sleep for 1.000000 seconds and try again... (tryings = 0, bot id = 8931940625)
2026-08-05 01:16:58,621 [ERROR] aiogram.dispatcher: Failed to fetch updates - TelegramServerError: Telegram server says - Bad Gateway
2026-08-05 01:16:58,621 [WARNING] aiogram.dispatcher: Sleep for 1.289417 seconds and try again... (tryings = 1, bot id = 8931940625)
2026-08-05 01:16:59,934 [ERROR] aiogram.dispatcher: Failed to fetch updates - TelegramServerError: Telegram server says - Bad Gateway
2026-08-05 01:16:59,934 [WARNING] aiogram.dispatcher: Sleep for 1.621211 seconds and try again... (tryings = 2, bot id = 8931940625)
2026-08-05 01:17:01,579 [ERROR] aiogram.dispatcher: Failed to fetch updates - TelegramServerError: Telegram server says - Bad Gateway
2026-08-05 01:17:01,579 [WARNING] aiogram.dispatcher: Sleep for 2.221334 seconds and try again... (tryings = 3, bot id = 8931940625)
2026-08-05 01:17:03,828 [ERROR] aiogram.dispatcher: Failed to fetch updates - TelegramServerError: Telegram server says - Bad Gateway
2026-08-05 01:17:03,828 [WARNING] aiogram.dispatcher: Sleep for 3.028701 seconds and try again... (tryings = 4, bot id = 8931940625)
2026-08-05 01:17:06,881 [ERROR] aiogram.dispatcher: Failed to fetch updates - TelegramServerError: Telegram server says - Bad Gateway
2026-08-05 01:17:06,882 [WARNING] aiogram.dispatcher: Sleep for 3.895536 seconds and try again... (tryings = 5, bot id = 8931940625)
2026-08-05 01:18:21,025 [ERROR] aiogram.dispatcher: Failed to fetch updates - TelegramNetworkError: HTTP Client says - Request timeout error
2026-08-05 01:18:21,025 [WARNING] aiogram.dispatcher: Sleep for 5.037367 seconds and try again... (tryings = 6, bot id = 8931940625)
2026-08-05 01:19:37,000 [ERROR] aiogram.dispatcher: Failed to fetch updates - TelegramNetworkError: HTTP Client says - Request timeout error
2026-08-05 01:19:37,000 [WARNING] aiogram.dispatcher: Sleep for 5.031304 seconds and try again... (tryings = 7, bot id = 8931940625)
2026-08-05 01:20:53,002 [ERROR] aiogram.dispatcher: Failed to fetch updates - TelegramNetworkError: HTTP Client says - Request timeout error
2026-08-05 01:20:53,002 [WARNING] aiogram.dispatcher: Sleep for 5.120367 seconds and try again... (tryings = 8, bot id = 8931940625)
2026-08-05 01:21:14,881 [INFO] aiogram.dispatcher: Connection established (tryings = 9, bot id = 8931940625)
2026-08-05 05:57:33,273 [INFO] aiogram.event: Update id=226640624 is handled. Duration 225 ms by bot id=8931940625
2026-08-05 05:57:43,338 [INFO] aiogram.event: Update id=226640625 is handled. Duration 329 ms by bot id=8931940625
2026-08-05 05:57:50,122 [INFO] aiogram.event: Update id=226640626 is handled. Duration 313 ms by bot id=8931940625
2026-08-05 05:57:51,678 [INFO] aiogram.event: Update id=226640627 is handled. Duration 325 ms by bot id=8931940625
2026-08-05 05:57:58,920 [INFO] aiogram.event: Update id=226640628 is handled. Duration 413 ms by bot id=8931940625
2026-08-05 05:58:24,891 [INFO] aiogram.event: Update id=226640629 is handled. Duration 483 ms by bot id=8931940625
2026-08-05 05:58:36,863 [INFO] aiogram.event: Update id=226640630 is handled. Duration 439 ms by bot id=8931940625
2026-08-05 05:58:44,549 [INFO] aiogram.event: Update id=226640631 is handled. Duration 519 ms by bot id=8931940625
2026-08-05 05:59:09,823 [INFO] aiogram.event: Update id=226640632 is not handled. Duration 2 ms by bot id=8931940625
2026-08-05 05:59:18,743 [INFO] aiogram.event: Update id=226640633 is handled. Duration 330 ms by bot id=8931940625
2026-08-05 05:59:21,544 [INFO] aiogram.event: Update id=226640634 is handled. Duration 418 ms by bot id=8931940625
2026-08-05 05:59:26,137 [INFO] aiogram.event: Update id=226640635 is handled. Duration 319 ms by bot id=8931940625
2026-08-05 05:59:28,845 [INFO] aiogram.event: Update id=226640636 is handled. Duration 325 ms by bot id=8931940625
2026-08-05 05:59:29,848 [INFO] aiogram.event: Update id=226640637 is handled. Duration 288 ms by bot id=8931940625
2026-08-05 05:59:31,630 [INFO] aiogram.event: Update id=226640638 is handled. Duration 360 ms by bot id=8931940625
2026-08-05 05:59:33,872 [INFO] aiogram.event: Update id=226640639 is handled. Duration 288 ms by bot id=8931940625
2026-08-05 06:00:02,743 [INFO] aiogram.event: Update id=226640640 is handled. Duration 341 ms by bot id=8931940625
2026-08-05 06:00:12,521 [INFO] aiogram.event: Update id=226640641 is handled. Duration 331 ms by bot id=8931940625
2026-08-05 06:00:18,128 [INFO] aiogram.event: Update id=226640642 is handled. Duration 367 ms by bot id=8931940625
2026-08-05 06:00:37,328 [INFO] aiogram.event: Update id=226640643 is handled. Duration 342 ms by bot id=8931940625
2026-08-05 06:01:26,087 [INFO] aiogram.event: Update id=226640644 is handled. Duration 320 ms by bot id=8931940625
2026-08-05 06:05:15,130 [INFO] aiogram.event: Update id=226640645 is handled. Duration 212 ms by bot id=8931940625
2026-08-05 06:05:18,703 [INFO] aiogram.event: Update id=226640646 is handled. Duration 312 ms by bot id=8931940625
2026-08-05 06:05:25,245 [INFO] aiogram.event: Update id=226640647 is handled. Duration 298 ms by bot id=8931940625
2026-08-05 06:05:27,822 [INFO] aiogram.event: Update id=226640648 is handled. Duration 293 ms by bot id=8931940625
2026-08-05 06:06:01,234 [INFO] aiogram.event: Update id=226640649 is handled. Duration 487 ms by bot id=8931940625
2026-08-05 06:06:03,423 [INFO] aiogram.event: Update id=226640650 is handled. Duration 319 ms by bot id=8931940625
2026-08-05 06:06:06,011 [INFO] aiogram.event: Update id=226640651 is handled. Duration 311 ms by bot id=8931940625
2026-08-05 06:06:07,429 [INFO] aiogram.event: Update id=226640652 is handled. Duration 331 ms by bot id=8931940625
2026-08-05 06:06:08,756 [INFO] aiogram.event: Update id=226640653 is handled. Duration 324 ms by bot id=8931940625
2026-08-05 06:06:10,030 [INFO] aiogram.event: Update id=226640654 is handled. Duration 341 ms by bot id=8931940625
2026-08-05 06:06:17,446 [INFO] aiogram.event: Update id=226640655 is handled. Duration 429 ms by bot id=8931940625
2026-08-05 06:06:39,323 [INFO] aiogram.event: Update id=226640656 is handled. Duration 473 ms by bot id=8931940625
2026-08-05 06:06:41,669 [INFO] aiogram.event: Update id=226640657 is handled. Duration 446 ms by bot id=8931940625
2026-08-05 06:07:58,130 [INFO] aiogram.event: Update id=226640658 is handled. Duration 179 ms by bot id=8931940625
2026-08-05 06:07:59,549 [INFO] aiogram.event: Update id=226640659 is handled. Duration 456 ms by bot id=8931940625
2026-08-05 06:08:00,706 [INFO] aiogram.event: Update id=226640660 is handled. Duration 314 ms by bot id=8931940625
2026-08-05 06:08:02,715 [INFO] aiogram.event: Update id=226640661 is handled. Duration 439 ms by bot id=8931940625
2026-08-05 06:08:07,228 [INFO] aiogram.event: Update id=226640662 is handled. Duration 303 ms by bot id=8931940625
2026-08-05 06:08:21,066 [INFO] aiogram.event: Update id=226640663 is handled. Duration 473 ms by bot id=8931940625
2026-08-05 06:08:23,393 [INFO] aiogram.event: Update id=226640664 is handled. Duration 388 ms by bot id=8931940625
2026-08-05 06:08:25,644 [INFO] aiogram.event: Update id=226640665 is handled. Duration 372 ms by bot id=8931940625
2026-08-05 06:08:25,846 [INFO] aiogram.event: Update id=226640666 is handled. Duration 364 ms by bot id=8931940625
2026-08-05 06:12:27,357 [INFO] aiogram.event: Update id=226640667 is handled. Duration 331 ms by bot id=8931940625
2026-08-05 06:12:29,261 [INFO] aiogram.event: Update id=226640668 is handled. Duration 319 ms by bot id=8931940625
2026-08-05 06:12:30,923 [INFO] aiogram.event: Update id=226640669 is handled. Duration 293 ms by bot id=8931940625
2026-08-05 06:12:33,689 [INFO] aiogram.event: Update id=226640670 is handled. Duration 302 ms by bot id=8931940625
2026-08-05 06:13:00,647 [INFO] aiogram.event: Update id=226640671 is handled. Duration 501 ms by bot id=8931940625
2026-08-05 06:21:52,068 [INFO] aiogram.event: Update id=226640672 is handled. Duration 303 ms by bot id=8931940625
2026-08-05 06:21:53,853 [INFO] aiogram.event: Update id=226640673 is handled. Duration 308 ms by bot id=8931940625
2026-08-05 06:35:31,761 [INFO] aiogram.event: Update id=226640674 is not handled. Duration 4 ms by bot id=8931940625
2026-08-05 06:36:05,290 [INFO] aiogram.event: Update id=226640675 is handled. Duration 484 ms by bot id=8931940625
2026-08-05 06:36:17,924 [INFO] aiogram.event: Update id=226640676 is handled. Duration 154 ms by bot id=8931940625
2026-08-05 06:36:26,857 [INFO] aiogram.event: Update id=226640677 is handled. Duration 198 ms by bot id=8931940625
2026-08-05 06:36:31,096 [INFO] aiogram.event: Update id=226640678 is handled. Duration 352 ms by bot id=8931940625
2026-08-05 06:36:32,538 [INFO] aiogram.event: Update id=226640679 is handled. Duration 300 ms by bot id=8931940625
2026-08-05 06:36:41,560 [INFO] aiogram.event: Update id=226640680 is handled. Duration 411 ms by bot id=8931940625
2026-08-05 06:36:46,040 [INFO] aiogram.event: Update id=226640681 is handled. Duration 296 ms by bot id=8931940625
2026-08-05 06:36:47,350 [INFO] aiogram.event: Update id=226640682 is handled. Duration 307 ms by bot id=8931940625
2026-08-05 06:36:51,578 [INFO] aiogram.event: Update id=226640683 is handled. Duration 478 ms by bot id=8931940625
2026-08-05 06:37:01,146 [INFO] aiogram.event: Update id=226640684 is handled. Duration 473 ms by bot id=8931940625
2026-08-05 06:37:02,953 [INFO] aiogram.event: Update id=226640685 is handled. Duration 297 ms by bot id=8931940625
2026-08-05 06:37:05,328 [INFO] aiogram.event: Update id=226640686 is handled. Duration 439 ms by bot id=8931940625
2026-08-05 06:37:06,492 [INFO] aiogram.event: Update id=226640687 is handled. Duration 292 ms by bot id=8931940625
2026-08-05 06:37:20,503 [INFO] aiogram.event: Update id=226640688 is handled. Duration 499 ms by bot id=8931940625
2026-08-05 06:37:21,870 [INFO] aiogram.event: Update id=226640689 is handled. Duration 339 ms by bot id=8931940625
2026-08-05 06:37:26,950 [INFO] aiogram.event: Update id=226640690 is handled. Duration 300 ms by bot id=8931940625
2026-08-05 06:37:28,578 [INFO] aiogram.event: Update id=226640691 is handled. Duration 361 ms by bot id=8931940625
2026-08-05 06:37:32,390 [INFO] aiogram.event: Update id=226640692 is handled. Duration 322 ms by bot id=8931940625
2026-08-05 06:52:29,016 [INFO] aiogram.event: Update id=226640693 is handled. Duration 466 ms by bot id=8931940625
2026-08-05 06:52:32,003 [INFO] aiogram.event: Update id=226640694 is handled. Duration 326 ms by bot id=8931940625
2026-08-05 06:52:34,475 [INFO] aiogram.event: Update id=226640695 is handled. Duration 294 ms by bot id=8931940625
2026-08-05 06:52:40,881 [INFO] aiogram.event: Update id=226640696 is handled. Duration 164 ms by bot id=8931940625
2026-08-05 06:52:52,887 [INFO] aiogram.event: Update id=226640697 is handled. Duration 294 ms by bot id=8931940625
2026-08-05 06:52:57,101 [INFO] aiogram.event: Update id=226640698 is handled. Duration 160 ms by bot id=8931940625
2026-08-05 06:53:37,428 [INFO] aiogram.event: Update id=226640699 is handled. Duration 365 ms by bot id=8931940625
2026-08-05 06:53:39,539 [INFO] aiogram.event: Update id=226640700 is handled. Duration 444 ms by bot id=8931940625
2026-08-05 06:53:41,143 [INFO] aiogram.event: Update id=226640701 is handled. Duration 482 ms by bot id=8931940625
2026-08-05 06:53:42,816 [INFO] aiogram.event: Update id=226640702 is handled. Duration 320 ms by bot id=8931940625
2026-08-05 06:53:45,212 [INFO] aiogram.event: Update id=226640703 is handled. Duration 301 ms by bot id=8931940625
2026-08-05 06:53:47,624 [INFO] aiogram.event: Update id=226640704 is handled. Duration 340 ms by bot id=8931940625
2026-08-05 06:53:50,037 [INFO] aiogram.event: Update id=226640705 is handled. Duration 300 ms by bot id=8931940625
2026-08-05 06:53:51,495 [INFO] aiogram.event: Update id=226640706 is handled. Duration 327 ms by bot id=8931940625
2026-08-05 06:53:52,688 [INFO] aiogram.event: Update id=226640707 is handled. Duration 297 ms by bot id=8931940625
2026-08-05 06:53:53,512 [INFO] aiogram.event: Update id=226640708 is handled. Duration 158 ms by bot id=8931940625
2026-08-05 06:53:56,371 [INFO] aiogram.event: Update id=226640709 is handled. Duration 300 ms by bot id=8931940625
2026-08-05 06:53:57,568 [INFO] aiogram.event: Update id=226640710 is handled. Duration 318 ms by bot id=8931940625
2026-08-05 06:53:58,919 [INFO] aiogram.event: Update id=226640711 is handled. Duration 298 ms by bot id=8931940625
2026-08-05 06:54:00,507 [INFO] aiogram.event: Update id=226640712 is handled. Duration 334 ms by bot id=8931940625
2026-08-05 06:54:03,423 [INFO] aiogram.event: Update id=226640713 is handled. Duration 298 ms by bot id=8931940625
2026-08-05 06:54:05,028 [INFO] aiogram.event: Update id=226640714 is handled. Duration 334 ms by bot id=8931940625
2026-08-05 06:55:03,175 [INFO] aiogram.event: Update id=226640715 is handled. Duration 333 ms by bot id=8931940625
2026-08-05 06:55:04,716 [INFO] aiogram.event: Update id=226640716 is handled. Duration 315 ms by bot id=8931940625
2026-08-05 06:56:11,605 [INFO] aiogram.event: Update id=226640717 is handled. Duration 341 ms by bot id=8931940625
2026-08-05 06:56:13,562 [INFO] aiogram.event: Update id=226640718 is handled. Duration 317 ms by bot id=8931940625
2026-08-05 06:56:14,839 [INFO] aiogram.event: Update id=226640719 is handled. Duration 303 ms by bot id=8931940625
2026-08-05 07:11:36,997 [INFO] aiogram.event: Update id=226640720 is handled. Duration 235 ms by bot id=8931940625
2026-08-05 07:11:39,111 [INFO] aiogram.event: Update id=226640721 is handled. Duration 318 ms by bot id=8931940625
2026-08-05 07:11:41,496 [INFO] aiogram.event: Update id=226640722 is handled. Duration 433 ms by bot id=8931940625
2026-08-05 07:11:47,759 [INFO] aiogram.event: Update id=226640723 is handled. Duration 472 ms by bot id=8931940625
2026-08-05 07:15:24,476 [INFO] aiogram.event: Update id=226640724 is handled. Duration 193 ms by bot id=8931940625
2026-08-05 07:15:27,525 [INFO] aiogram.event: Update id=226640725 is handled. Duration 349 ms by bot id=8931940625
2026-08-05 07:15:31,166 [INFO] aiogram.event: Update id=226640726 is handled. Duration 339 ms by bot id=8931940625
2026-08-05 07:15:32,356 [INFO] aiogram.event: Update id=226640727 is handled. Duration 322 ms by bot id=8931940625
2026-08-05 07:15:34,992 [INFO] aiogram.event: Update id=226640728 is handled. Duration 294 ms by bot id=8931940625
2026-08-05 07:15:39,849 [INFO] aiogram.event: Update id=226640729 is handled. Duration 286 ms by bot id=8931940625
2026-08-05 07:15:44,298 [INFO] aiogram.event: Update id=226640730 is handled. Duration 436 ms by bot id=8931940625
2026-08-05 07:17:12,415 [INFO] aiogram.event: Update id=226640731 is handled. Duration 199 ms by bot id=8931940625
2026-08-05 07:17:17,660 [INFO] aiogram.event: Update id=226640732 is handled. Duration 327 ms by bot id=8931940625
2026-08-05 07:17:22,252 [INFO] aiogram.event: Update id=226640733 is handled. Duration 431 ms by bot id=8931940625
2026-08-05 09:02:36,872 [INFO] aiogram.event: Update id=226640734 is handled. Duration 225 ms by bot id=8931940625
2026-08-05 09:02:46,084 [INFO] aiogram.event: Update id=226640735 is handled. Duration 330 ms by bot id=8931940625
2026-08-05 09:02:48,712 [INFO] aiogram.event: Update id=226640736 is handled. Duration 311 ms by bot id=8931940625
2026-08-05 09:02:56,290 [INFO] aiogram.event: Update id=226640737 is handled. Duration 329 ms by bot id=8931940625
2026-08-05 09:02:59,868 [INFO] aiogram.event: Update id=226640738 is handled. Duration 320 ms by bot id=8931940625
2026-08-05 09:17:26,317 [INFO] aiogram.event: Update id=226640739 is handled. Duration 396 ms by bot id=8931940625
2026-08-05 09:17:27,937 [INFO] aiogram.event: Update id=226640740 is handled. Duration 326 ms by bot id=8931940625
2026-08-05 09:17:42,493 [INFO] aiogram.event: Update id=226640741 is handled. Duration 319 ms by bot id=8931940625
2026-08-05 09:17:50,756 [INFO] aiogram.event: Update id=226640742 is handled. Duration 305 ms by bot id=8931940625
2026-08-05 09:18:12,830 [INFO] aiogram.event: Update id=226640743 is handled. Duration 310 ms by bot id=8931940625
2026-08-05 09:18:15,575 [INFO] aiogram.event: Update id=226640744 is handled. Duration 197 ms by bot id=8931940625
2026-08-05 09:18:20,450 [INFO] aiogram.event: Update id=226640745 is handled. Duration 322 ms by bot id=8931940625
2026-08-05 09:20:06,528 [INFO] aiogram.event: Update id=226640746 is handled. Duration 436 ms by bot id=8931940625
2026-08-05 09:20:26,372 [INFO] aiogram.event: Update id=226640747 is handled. Duration 458 ms by bot id=8931940625
2026-08-05 09:20:30,844 [INFO] aiogram.event: Update id=226640748 is handled. Duration 422 ms by bot id=8931940625
2026-08-05 11:09:28,819 [INFO] aiogram.event: Update id=226640749 is handled. Duration 219 ms by bot id=8931940625
2026-08-05 11:09:32,785 [INFO] aiogram.event: Update id=226640750 is handled. Duration 324 ms by bot id=8931940625
2026-08-05 11:09:48,476 [INFO] aiogram.event: Update id=226640751 is handled. Duration 474 ms by bot id=8931940625
2026-08-05 11:09:56,113 [INFO] aiogram.event: Update id=226640752 is handled. Duration 486 ms by bot id=8931940625
2026-08-05 11:10:00,584 [INFO] aiogram.event: Update id=226640753 is handled. Duration 433 ms by bot id=8931940625
2026-08-05 11:10:27,722 [INFO] aiogram.event: Update id=226640754 is handled. Duration 476 ms by bot id=8931940625
2026-08-05 11:10:46,805 [INFO] aiogram.event: Update id=226640755 is handled. Duration 326 ms by bot id=8931940625
2026-08-05 11:10:48,664 [INFO] aiogram.event: Update id=226640756 is handled. Duration 318 ms by bot id=8931940625
2026-08-05 11:10:53,094 [INFO] aiogram.event: Update id=226640757 is handled. Duration 322 ms by bot id=8931940625
2026-08-05 11:10:56,295 [INFO] aiogram.event: Update id=226640758 is handled. Duration 319 ms by bot id=8931940625
2026-08-05 11:11:00,555 [INFO] aiogram.event: Update id=226640759 is handled. Duration 325 ms by bot id=8931940625
2026-08-05 11:11:02,693 [INFO] aiogram.event: Update id=226640760 is handled. Duration 311 ms by bot id=8931940625
2026-08-05 11:11:07,349 [INFO] aiogram.event: Update id=226640761 is handled. Duration 322 ms by bot id=8931940625
2026-08-05 11:11:08,740 [INFO] aiogram.event: Update id=226640762 is handled. Duration 330 ms by bot id=8931940625
2026-08-05 11:11:13,008 [INFO] aiogram.event: Update id=226640763 is handled. Duration 308 ms by bot id=8931940625
2026-08-05 11:11:15,310 [INFO] aiogram.event: Update id=226640764 is handled. Duration 324 ms by bot id=8931940625
2026-08-05 11:11:17,706 [INFO] aiogram.event: Update id=226640765 is handled. Duration 302 ms by bot id=8931940625
2026-08-05 11:11:31,199 [INFO] aiogram.event: Update id=226640766 is handled. Duration 381 ms by bot id=8931940625
2026-08-05 11:11:34,242 [INFO] aiogram.event: Update id=226640767 is handled. Duration 300 ms by bot id=8931940625
2026-08-05 11:11:35,768 [INFO] aiogram.event: Update id=226640768 is handled. Duration 312 ms by bot id=8931940625
2026-08-05 11:11:37,074 [INFO] aiogram.event: Update id=226640769 is handled. Duration 305 ms by bot id=8931940625
2026-08-05 11:11:40,539 [INFO] aiogram.event: Update id=226640770 is handled. Duration 343 ms by bot id=8931940625
2026-08-05 11:11:41,883 [INFO] aiogram.event: Update id=226640771 is handled. Duration 319 ms by bot id=8931940625
2026-08-05 11:18:39,841 [INFO] aiogram.event: Update id=226640772 is handled. Duration 210 ms by bot id=8931940625
2026-08-05 11:18:44,425 [INFO] aiogram.event: Update id=226640773 is handled. Duration 319 ms by bot id=8931940625
2026-08-05 11:18:52,645 [INFO] aiogram.event: Update id=226640774 is handled. Duration 280 ms by bot id=8931940625
2026-08-05 11:18:57,924 [INFO] aiogram.event: Update id=226640775 is handled. Duration 324 ms by bot id=8931940625
2026-08-05 11:18:59,794 [INFO] aiogram.event: Update id=226640776 is handled. Duration 286 ms by bot id=8931940625
2026-08-05 11:19:04,169 [INFO] aiogram.event: Update id=226640777 is handled. Duration 300 ms by bot id=8931940625
2026-08-05 11:58:10,666 [INFO] aiogram.event: Update id=226640778 is handled. Duration 156 ms by bot id=8931940625
2026-08-05 12:10:01,452 [INFO] aiogram.event: Update id=226640779 is handled. Duration 326 ms by bot id=8931940625
2026-08-05 12:10:08,695 [INFO] aiogram.event: Update id=226640780 is handled. Duration 286 ms by bot id=8931940625
2026-08-05 12:10:13,755 [INFO] aiogram.event: Update id=226640781 is handled. Duration 288 ms by bot id=8931940625
2026-08-05 12:10:17,812 [INFO] aiogram.event: Update id=226640782 is handled. Duration 279 ms by bot id=8931940625
2026-08-05 12:10:28,585 [INFO] aiogram.event: Update id=226640783 is handled. Duration 285 ms by bot id=8931940625
2026-08-05 12:10:31,498 [INFO] aiogram.event: Update id=226640784 is handled. Duration 287 ms by bot id=8931940625
2026-08-05 12:10:33,079 [INFO] aiogram.event: Update id=226640785 is handled. Duration 279 ms by bot id=8931940625
2026-08-05 12:10:35,011 [INFO] aiogram.event: Update id=226640786 is handled. Duration 299 ms by bot id=8931940625
2026-08-05 12:10:36,600 [ERROR] handlers.admin.categories: cb_delete_category_confirm error: (sqlite3.IntegrityError) NOT NULL constraint failed: products.category_id
[SQL: UPDATE products SET category_id=? WHERE products.id = ?]
[parameters: (None, 12)]
(Background on this error at: https://sqlalche.me/e/20/gkpj)
Traceback (most recent call last):
  File "/home/container/.local/lib/python3.13/site-packages/sqlalchemy/engine/base.py", line 1969, in _exec_single_context
    self.dialect.do_execute(
    ~~~~~~~~~~~~~~~~~~~~~~~^
        cursor, str_statement, effective_parameters, context
        ^^^^^^^^^^^^^^^^^^^^^^^^^^^^^^^^^^^^^^^^^^^^^^^^^^^^
    )
    ^
  File "/home/container/.local/lib/python3.13/site-packages/sqlalchemy/engine/default.py", line 952, in do_execute
    cursor.execute(statement, parameters)
    ~~~~~~~~~~~~~~^^^^^^^^^^^^^^^^^^^^^^^
  File "/home/container/.local/lib/python3.13/site-packages/sqlalchemy/dialects/sqlite/aiosqlite.py", line 183, in execute
    self._adapt_connection._handle_exception(error)
    ~~~~~~~~~~~~~~~~~~~~~~~~~~~~~~~~~~~~~~~~^^^^^^^
  File "/home/container/.local/lib/python3.13/site-packages/sqlalchemy/dialects/sqlite/aiosqlite.py", line 343, in _handle_exception
    raise error
  File "/home/container/.local/lib/python3.13/site-packages/sqlalchemy/dialects/sqlite/aiosqlite.py", line 165, in execute
    self.await_(_cursor.execute(operation, parameters))
    ~~~~~~~~~~~^^^^^^^^^^^^^^^^^^^^^^^^^^^^^^^^^^^^^^^^
  File "/home/container/.local/lib/python3.13/site-packages/sqlalchemy/util/_concurrency_py3k.py", line 132, in await_only
    return current.parent.switch(awaitable)  # type: ignore[no-any-return,attr-defined] # noqa: E501
           ~~~~~~~~~~~~~~~~~~~~~^^^^^^^^^^^
  File "/home/container/.local/lib/python3.13/site-packages/sqlalchemy/util/_concurrency_py3k.py", line 196, in greenlet_spawn
    value = await result
            ^^^^^^^^^^^^
  File "/home/container/.local/lib/python3.13/site-packages/aiosqlite/cursor.py", line 40, in execute
    await self._execute(self._cursor.execute, sql, parameters)
  File "/home/container/.local/lib/python3.13/site-packages/aiosqlite/cursor.py", line 32, in _execute
    return await self._conn._execute(fn, *args, **kwargs)
           ^^^^^^^^^^^^^^^^^^^^^^^^^^^^^^^^^^^^^^^^^^^^^^
  File "/home/container/.local/lib/python3.13/site-packages/aiosqlite/core.py", line 160, in _execute
    return await future
           ^^^^^^^^^^^^
  File "/home/container/.local/lib/python3.13/site-packages/aiosqlite/core.py", line 63, in _connection_worker_thread
    result = function()
sqlite3.IntegrityError: NOT NULL constraint failed: products.category_id

The above exception was the direct cause of the following exception:

Traceback (most recent call last):
  File "/home/container/handlers/admin/categories.py", line 181, in cb_delete_category_confirm
    await delete_category(session, cat_id)
  File "/home/container/database/crud.py", line 114, in delete_category
    await session.commit()
  File "/home/container/.local/lib/python3.13/site-packages/sqlalchemy/ext/asyncio/session.py", line 999, in commit
    await greenlet_spawn(self.sync_session.commit)
  File "/home/container/.local/lib/python3.13/site-packages/sqlalchemy/util/_concurrency_py3k.py", line 203, in greenlet_spawn
    result = context.switch(value)
  File "/home/container/.local/lib/python3.13/site-packages/sqlalchemy/orm/session.py", line 2035, in commit
    trans.commit(_to_root=True)
    ~~~~~~~~~~~~^^^^^^^^^^^^^^^
  File "<string>", line 2, in commit
  File "/home/container/.local/lib/python3.13/site-packages/sqlalchemy/orm/state_changes.py", line 137, in _go
    ret_value = fn(self, *arg, **kw)
  File "/home/container/.local/lib/python3.13/site-packages/sqlalchemy/orm/session.py", line 1316, in commit
    self._prepare_impl()
    ~~~~~~~~~~~~~~~~~~^^
  File "<string>", line 2, in _prepare_impl
  File "/home/container/.local/lib/python3.13/site-packages/sqlalchemy/orm/state_changes.py", line 137, in _go
    ret_value = fn(self, *arg, **kw)
  File "/home/container/.local/lib/python3.13/site-packages/sqlalchemy/orm/session.py", line 1290, in _prepare_impl
    self.session.flush()
    ~~~~~~~~~~~~~~~~~~^^
  File "/home/container/.local/lib/python3.13/site-packages/sqlalchemy/orm/session.py", line 4353, in flush
    self._flush(objects)
    ~~~~~~~~~~~^^^^^^^^^
  File "/home/container/.local/lib/python3.13/site-packages/sqlalchemy/orm/session.py", line 4488, in _flush
    with util.safe_reraise():
         ~~~~~~~~~~~~~~~~~^^
  File "/home/container/.local/lib/python3.13/site-packages/sqlalchemy/util/langhelpers.py", line 122, in __exit__
    raise exc_value.with_traceback(exc_tb)
  File "/home/container/.local/lib/python3.13/site-packages/sqlalchemy/orm/session.py", line 4449, in _flush
    flush_context.execute()
    ~~~~~~~~~~~~~~~~~~~~~^^
  File "/home/container/.local/lib/python3.13/site-packages/sqlalchemy/orm/unitofwork.py", line 465, in execute
    rec.execute(self)
    ~~~~~~~~~~~^^^^^^
  File "/home/container/.local/lib/python3.13/site-packages/sqlalchemy/orm/unitofwork.py", line 641, in execute
    util.preloaded.orm_persistence.save_obj(
    ~~~~~~~~~~~~~~~~~~~~~~~~~~~~~~~~~~~~~~~^
        self.mapper,
        ^^^^^^^^^^^^
        uow.states_for_mapper_hierarchy(self.mapper, False, False),
        ^^^^^^^^^^^^^^^^^^^^^^^^^^^^^^^^^^^^^^^^^^^^^^^^^^^^^^^^^^^
        uow,
        ^^^^
    )
    ^
  File "/home/container/.local/lib/python3.13/site-packages/sqlalchemy/orm/persistence.py", line 86, in save_obj
    _emit_update_statements(
    ~~~~~~~~~~~~~~~~~~~~~~~^
        base_mapper,
        ^^^^^^^^^^^^
    ...<3 lines>...
        update,
        ^^^^^^^
    )
    ^
  File "/home/container/.local/lib/python3.13/site-packages/sqlalchemy/orm/persistence.py", line 913, in _emit_update_statements
    c = connection.execute(
        statement, multiparams, execution_options=execution_options
    )
  File "/home/container/.local/lib/python3.13/site-packages/sqlalchemy/engine/base.py", line 1421, in execute
    return meth(
        self,
        distilled_parameters,
        execution_options or NO_OPTIONS,
    )
  File "/home/container/.local/lib/python3.13/site-packages/sqlalchemy/sql/elements.py", line 526, in _execute_on_connection
    return connection._execute_clauseelement(
           ~~~~~~~~~~~~~~~~~~~~~~~~~~~~~~~~~^
        self, distilled_params, execution_options
        ^^^^^^^^^^^^^^^^^^^^^^^^^^^^^^^^^^^^^^^^^
    )
    ^
  File "/home/container/.local/lib/python3.13/site-packages/sqlalchemy/engine/base.py", line 1643, in _execute_clauseelement
    ret = self._execute_context(
        dialect,
    ...<8 lines>...
        cache_hit=cache_hit,
    )
  File "/home/container/.local/lib/python3.13/site-packages/sqlalchemy/engine/base.py", line 1848, in _execute_context
    return self._exec_single_context(
           ~~~~~~~~~~~~~~~~~~~~~~~~~^
        dialect, context, statement, parameters
        ^^^^^^^^^^^^^^^^^^^^^^^^^^^^^^^^^^^^^^^
    )
    ^
  File "/home/container/.local/lib/python3.13/site-packages/sqlalchemy/engine/base.py", line 1988, in _exec_single_context
    self._handle_dbapi_exception(
    ~~~~~~~~~~~~~~~~~~~~~~~~~~~~^
        e, str_statement, effective_parameters, cursor, context
        ^^^^^^^^^^^^^^^^^^^^^^^^^^^^^^^^^^^^^^^^^^^^^^^^^^^^^^^
    )
    ^
  File "/home/container/.local/lib/python3.13/site-packages/sqlalchemy/engine/base.py", line 2365, in _handle_dbapi_exception
    raise sqlalchemy_exception.with_traceback(exc_info[2]) from e
  File "/home/container/.local/lib/python3.13/site-packages/sqlalchemy/engine/base.py", line 1969, in _exec_single_context
    self.dialect.do_execute(
    ~~~~~~~~~~~~~~~~~~~~~~~^
        cursor, str_statement, effective_parameters, context
        ^^^^^^^^^^^^^^^^^^^^^^^^^^^^^^^^^^^^^^^^^^^^^^^^^^^^
    )
    ^
  File "/home/container/.local/lib/python3.13/site-packages/sqlalchemy/engine/default.py", line 952, in do_execute
    cursor.execute(statement, parameters)
    ~~~~~~~~~~~~~~^^^^^^^^^^^^^^^^^^^^^^^
  File "/home/container/.local/lib/python3.13/site-packages/sqlalchemy/dialects/sqlite/aiosqlite.py", line 183, in execute
    self._adapt_connection._handle_exception(error)
    ~~~~~~~~~~~~~~~~~~~~~~~~~~~~~~~~~~~~~~~~^^^^^^^
  File "/home/container/.local/lib/python3.13/site-packages/sqlalchemy/dialects/sqlite/aiosqlite.py", line 343, in _handle_exception
    raise error
  File "/home/container/.local/lib/python3.13/site-packages/sqlalchemy/dialects/sqlite/aiosqlite.py", line 165, in execute
    self.await_(_cursor.execute(operation, parameters))
    ~~~~~~~~~~~^^^^^^^^^^^^^^^^^^^^^^^^^^^^^^^^^^^^^^^^
  File "/home/container/.local/lib/python3.13/site-packages/sqlalchemy/util/_concurrency_py3k.py", line 132, in await_only
    return current.parent.switch(awaitable)  # type: ignore[no-any-return,attr-defined] # noqa: E501
           ~~~~~~~~~~~~~~~~~~~~~^^^^^^^^^^^
  File "/home/container/.local/lib/python3.13/site-packages/sqlalchemy/util/_concurrency_py3k.py", line 196, in greenlet_spawn
    value = await result
            ^^^^^^^^^^^^
  File "/home/container/.local/lib/python3.13/site-packages/aiosqlite/cursor.py", line 40, in execute
    await self._execute(self._cursor.execute, sql, parameters)
  File "/home/container/.local/lib/python3.13/site-packages/aiosqlite/cursor.py", line 32, in _execute
    return await self._conn._execute(fn, *args, **kwargs)
           ^^^^^^^^^^^^^^^^^^^^^^^^^^^^^^^^^^^^^^^^^^^^^^
  File "/home/container/.local/lib/python3.13/site-packages/aiosqlite/core.py", line 160, in _execute
    return await future
           ^^^^^^^^^^^^
  File "/home/container/.local/lib/python3.13/site-packages/aiosqlite/core.py", line 63, in _connection_worker_thread
    result = function()
sqlalchemy.exc.IntegrityError: (sqlite3.IntegrityError) NOT NULL constraint failed: products.category_id
[SQL: UPDATE products SET category_id=? WHERE products.id = ?]
[parameters: (None, 12)]
(Background on this error at: https://sqlalche.me/e/20/gkpj)
2026-08-05 12:10:36,744 [INFO] aiogram.event: Update id=226640787 is handled. Duration 156 ms by bot id=8931940625
2026-08-05 12:10:41,373 [INFO] aiogram.event: Update id=226640788 is handled. Duration 300 ms by bot id=8931940625
2026-08-05 12:10:43,053 [INFO] aiogram.event: Update id=226640789 is handled. Duration 274 ms by bot id=8931940625
2026-08-05 12:10:44,454 [INFO] aiogram.event: Update id=226640790 is handled. Duration 284 ms by bot id=8931940625
2026-08-05 12:10:45,404 [ERROR] handlers.admin.categories: cb_delete_category_confirm error: (sqlite3.IntegrityError) NOT NULL constraint failed: products.category_id
[SQL: UPDATE products SET category_id=? WHERE products.id = ?]
[parameters: (None, 11)]
(Background on this error at: https://sqlalche.me/e/20/gkpj)
Traceback (most recent call last):
  File "/home/container/.local/lib/python3.13/site-packages/sqlalchemy/engine/base.py", line 1969, in _exec_single_context
    self.dialect.do_execute(
    ~~~~~~~~~~~~~~~~~~~~~~~^
        cursor, str_statement, effective_parameters, context
        ^^^^^^^^^^^^^^^^^^^^^^^^^^^^^^^^^^^^^^^^^^^^^^^^^^^^
    )
    ^
  File "/home/container/.local/lib/python3.13/site-packages/sqlalchemy/engine/default.py", line 952, in do_execute
    cursor.execute(statement, parameters)
    ~~~~~~~~~~~~~~^^^^^^^^^^^^^^^^^^^^^^^
  File "/home/container/.local/lib/python3.13/site-packages/sqlalchemy/dialects/sqlite/aiosqlite.py", line 183, in execute
    self._adapt_connection._handle_exception(error)
    ~~~~~~~~~~~~~~~~~~~~~~~~~~~~~~~~~~~~~~~~^^^^^^^
  File "/home/container/.local/lib/python3.13/site-packages/sqlalchemy/dialects/sqlite/aiosqlite.py", line 343, in _handle_exception
    raise error
  File "/home/container/.local/lib/python3.13/site-packages/sqlalchemy/dialects/sqlite/aiosqlite.py", line 165, in execute
    self.await_(_cursor.execute(operation, parameters))
    ~~~~~~~~~~~^^^^^^^^^^^^^^^^^^^^^^^^^^^^^^^^^^^^^^^^
  File "/home/container/.local/lib/python3.13/site-packages/sqlalchemy/util/_concurrency_py3k.py", line 132, in await_only
    return current.parent.switch(awaitable)  # type: ignore[no-any-return,attr-defined] # noqa: E501
           ~~~~~~~~~~~~~~~~~~~~~^^^^^^^^^^^
  File "/home/container/.local/lib/python3.13/site-packages/sqlalchemy/util/_concurrency_py3k.py", line 196, in greenlet_spawn
    value = await result
            ^^^^^^^^^^^^
  File "/home/container/.local/lib/python3.13/site-packages/aiosqlite/cursor.py", line 40, in execute
    await self._execute(self._cursor.execute, sql, parameters)
  File "/home/container/.local/lib/python3.13/site-packages/aiosqlite/cursor.py", line 32, in _execute
    return await self._conn._execute(fn, *args, **kwargs)
           ^^^^^^^^^^^^^^^^^^^^^^^^^^^^^^^^^^^^^^^^^^^^^^
  File "/home/container/.local/lib/python3.13/site-packages/aiosqlite/core.py", line 160, in _execute
    return await future
           ^^^^^^^^^^^^
  File "/home/container/.local/lib/python3.13/site-packages/aiosqlite/core.py", line 63, in _connection_worker_thread
    result = function()
sqlite3.IntegrityError: NOT NULL constraint failed: products.category_id

The above exception was the direct cause of the following exception:

Traceback (most recent call last):
  File "/home/container/handlers/admin/categories.py", line 181, in cb_delete_category_confirm
    await delete_category(session, cat_id)
  File "/home/container/database/crud.py", line 114, in delete_category
    await session.commit()
  File "/home/container/.local/lib/python3.13/site-packages/sqlalchemy/ext/asyncio/session.py", line 999, in commit
    await greenlet_spawn(self.sync_session.commit)
  File "/home/container/.local/lib/python3.13/site-packages/sqlalchemy/util/_concurrency_py3k.py", line 203, in greenlet_spawn
    result = context.switch(value)
  File "/home/container/.local/lib/python3.13/site-packages/sqlalchemy/orm/session.py", line 2035, in commit
    trans.commit(_to_root=True)
    ~~~~~~~~~~~~^^^^^^^^^^^^^^^
  File "<string>", line 2, in commit
  File "/home/container/.local/lib/python3.13/site-packages/sqlalchemy/orm/state_changes.py", line 137, in _go
    ret_value = fn(self, *arg, **kw)
  File "/home/container/.local/lib/python3.13/site-packages/sqlalchemy/orm/session.py", line 1316, in commit
    self._prepare_impl()
    ~~~~~~~~~~~~~~~~~~^^
  File "<string>", line 2, in _prepare_impl
  File "/home/container/.local/lib/python3.13/site-packages/sqlalchemy/orm/state_changes.py", line 137, in _go
    ret_value = fn(self, *arg, **kw)
  File "/home/container/.local/lib/python3.13/site-packages/sqlalchemy/orm/session.py", line 1290, in _prepare_impl
    self.session.flush()
    ~~~~~~~~~~~~~~~~~~^^
  File "/home/container/.local/lib/python3.13/site-packages/sqlalchemy/orm/session.py", line 4353, in flush
    self._flush(objects)
    ~~~~~~~~~~~^^^^^^^^^
  File "/home/container/.local/lib/python3.13/site-packages/sqlalchemy/orm/session.py", line 4488, in _flush
    with util.safe_reraise():
         ~~~~~~~~~~~~~~~~~^^
  File "/home/container/.local/lib/python3.13/site-packages/sqlalchemy/util/langhelpers.py", line 122, in __exit__
    raise exc_value.with_traceback(exc_tb)
  File "/home/container/.local/lib/python3.13/site-packages/sqlalchemy/orm/session.py", line 4449, in _flush
    flush_context.execute()
    ~~~~~~~~~~~~~~~~~~~~~^^
  File "/home/container/.local/lib/python3.13/site-packages/sqlalchemy/orm/unitofwork.py", line 465, in execute
    rec.execute(self)
    ~~~~~~~~~~~^^^^^^
  File "/home/container/.local/lib/python3.13/site-packages/sqlalchemy/orm/unitofwork.py", line 641, in execute
    util.preloaded.orm_persistence.save_obj(
    ~~~~~~~~~~~~~~~~~~~~~~~~~~~~~~~~~~~~~~~^
        self.mapper,
        ^^^^^^^^^^^^
        uow.states_for_mapper_hierarchy(self.mapper, False, False),
        ^^^^^^^^^^^^^^^^^^^^^^^^^^^^^^^^^^^^^^^^^^^^^^^^^^^^^^^^^^^
        uow,
        ^^^^
    )
    ^
  File "/home/container/.local/lib/python3.13/site-packages/sqlalchemy/orm/persistence.py", line 86, in save_obj
    _emit_update_statements(
    ~~~~~~~~~~~~~~~~~~~~~~~^
        base_mapper,
        ^^^^^^^^^^^^
    ...<3 lines>...
        update,
        ^^^^^^^
    )
    ^
  File "/home/container/.local/lib/python3.13/site-packages/sqlalchemy/orm/persistence.py", line 913, in _emit_update_statements
    c = connection.execute(
        statement, multiparams, execution_options=execution_options
    )
  File "/home/container/.local/lib/python3.13/site-packages/sqlalchemy/engine/base.py", line 1421, in execute
    return meth(
        self,
        distilled_parameters,
        execution_options or NO_OPTIONS,
    )
  File "/home/container/.local/lib/python3.13/site-packages/sqlalchemy/sql/elements.py", line 526, in _execute_on_connection
    return connection._execute_clauseelement(
           ~~~~~~~~~~~~~~~~~~~~~~~~~~~~~~~~~^
        self, distilled_params, execution_options
        ^^^^^^^^^^^^^^^^^^^^^^^^^^^^^^^^^^^^^^^^^
    )
    ^
  File "/home/container/.local/lib/python3.13/site-packages/sqlalchemy/engine/base.py", line 1643, in _execute_clauseelement
    ret = self._execute_context(
        dialect,
    ...<8 lines>...
        cache_hit=cache_hit,
    )
  File "/home/container/.local/lib/python3.13/site-packages/sqlalchemy/engine/base.py", line 1848, in _execute_context
    return self._exec_single_context(
           ~~~~~~~~~~~~~~~~~~~~~~~~~^
        dialect, context, statement, parameters
        ^^^^^^^^^^^^^^^^^^^^^^^^^^^^^^^^^^^^^^^
    )
    ^
  File "/home/container/.local/lib/python3.13/site-packages/sqlalchemy/engine/base.py", line 1988, in _exec_single_context
    self._handle_dbapi_exception(
    ~~~~~~~~~~~~~~~~~~~~~~~~~~~~^
        e, str_statement, effective_parameters, cursor, context
        ^^^^^^^^^^^^^^^^^^^^^^^^^^^^^^^^^^^^^^^^^^^^^^^^^^^^^^^
    )
    ^
  File "/home/container/.local/lib/python3.13/site-packages/sqlalchemy/engine/base.py", line 2365, in _handle_dbapi_exception
    raise sqlalchemy_exception.with_traceback(exc_info[2]) from e
  File "/home/container/.local/lib/python3.13/site-packages/sqlalchemy/engine/base.py", line 1969, in _exec_single_context
    self.dialect.do_execute(
    ~~~~~~~~~~~~~~~~~~~~~~~^
        cursor, str_statement, effective_parameters, context
        ^^^^^^^^^^^^^^^^^^^^^^^^^^^^^^^^^^^^^^^^^^^^^^^^^^^^
    )
    ^
  File "/home/container/.local/lib/python3.13/site-packages/sqlalchemy/engine/default.py", line 952, in do_execute
    cursor.execute(statement, parameters)
    ~~~~~~~~~~~~~~^^^^^^^^^^^^^^^^^^^^^^^
  File "/home/container/.local/lib/python3.13/site-packages/sqlalchemy/dialects/sqlite/aiosqlite.py", line 183, in execute
    self._adapt_connection._handle_exception(error)
    ~~~~~~~~~~~~~~~~~~~~~~~~~~~~~~~~~~~~~~~~^^^^^^^
  File "/home/container/.local/lib/python3.13/site-packages/sqlalchemy/dialects/sqlite/aiosqlite.py", line 343, in _handle_exception
    raise error
  File "/home/container/.local/lib/python3.13/site-packages/sqlalchemy/dialects/sqlite/aiosqlite.py", line 165, in execute
    self.await_(_cursor.execute(operation, parameters))
    ~~~~~~~~~~~^^^^^^^^^^^^^^^^^^^^^^^^^^^^^^^^^^^^^^^^
  File "/home/container/.local/lib/python3.13/site-packages/sqlalchemy/util/_concurrency_py3k.py", line 132, in await_only
    return current.parent.switch(awaitable)  # type: ignore[no-any-return,attr-defined] # noqa: E501
           ~~~~~~~~~~~~~~~~~~~~~^^^^^^^^^^^
  File "/home/container/.local/lib/python3.13/site-packages/sqlalchemy/util/_concurrency_py3k.py", line 196, in greenlet_spawn
    value = await result
            ^^^^^^^^^^^^
  File "/home/container/.local/lib/python3.13/site-packages/aiosqlite/cursor.py", line 40, in execute
    await self._execute(self._cursor.execute, sql, parameters)
  File "/home/container/.local/lib/python3.13/site-packages/aiosqlite/cursor.py", line 32, in _execute
    return await self._conn._execute(fn, *args, **kwargs)
           ^^^^^^^^^^^^^^^^^^^^^^^^^^^^^^^^^^^^^^^^^^^^^^
  File "/home/container/.local/lib/python3.13/site-packages/aiosqlite/core.py", line 160, in _execute
    return await future
           ^^^^^^^^^^^^
  File "/home/container/.local/lib/python3.13/site-packages/aiosqlite/core.py", line 63, in _connection_worker_thread
    result = function()
sqlalchemy.exc.IntegrityError: (sqlite3.IntegrityError) NOT NULL constraint failed: products.category_id
[SQL: UPDATE products SET category_id=? WHERE products.id = ?]
[parameters: (None, 11)]
(Background on this error at: https://sqlalche.me/e/20/gkpj)
2026-08-05 12:10:45,541 [INFO] aiogram.event: Update id=226640791 is handled. Duration 145 ms by bot id=8931940625
2026-08-05 12:10:47,016 [INFO] aiogram.event: Update id=226640792 is handled. Duration 299 ms by bot id=8931940625
2026-08-05 12:10:48,230 [INFO] aiogram.event: Update id=226640793 is handled. Duration 295 ms by bot id=8931940625
2026-08-05 12:10:51,695 [INFO] aiogram.event: Update id=226640794 is handled. Duration 295 ms by bot id=8931940625
2026-08-05 12:10:53,291 [INFO] aiogram.event: Update id=226640795 is handled. Duration 277 ms by bot id=8931940625
2026-08-05 12:10:54,642 [INFO] aiogram.event: Update id=226640796 is handled. Duration 306 ms by bot id=8931940625
2026-08-05 12:10:56,261 [INFO] aiogram.event: Update id=226640797 is handled. Duration 279 ms by bot id=8931940625
2026-08-05 12:10:57,743 [INFO] aiogram.event: Update id=226640798 is handled. Duration 328 ms by bot id=8931940625
2026-08-05 12:10:59,000 [INFO] aiogram.event: Update id=226640799 is handled. Duration 280 ms by bot id=8931940625
2026-08-05 12:11:00,550 [INFO] aiogram.event: Update id=226640800 is handled. Duration 288 ms by bot id=8931940625
2026-08-05 12:11:01,963 [INFO] aiogram.event: Update id=226640801 is handled. Duration 288 ms by bot id=8931940625
2026-08-05 12:11:03,019 [INFO] aiogram.event: Update id=226640802 is handled. Duration 286 ms by bot id=8931940625
2026-08-05 12:11:05,111 [INFO] aiogram.event: Update id=226640803 is handled. Duration 286 ms by bot id=8931940625
2026-08-05 12:11:06,387 [INFO] aiogram.event: Update id=226640804 is handled. Duration 290 ms by bot id=8931940625
2026-08-05 12:11:07,528 [INFO] aiogram.event: Update id=226640805 is handled. Duration 273 ms by bot id=8931940625
2026-08-05 12:11:09,387 [INFO] aiogram.event: Update id=226640806 is handled. Duration 323 ms by bot id=8931940625
2026-08-05 12:11:11,383 [INFO] aiogram.event: Update id=226640807 is handled. Duration 273 ms by bot id=8931940625
2026-08-05 12:11:12,888 [INFO] aiogram.event: Update id=226640808 is handled. Duration 285 ms by bot id=8931940625
2026-08-05 12:11:14,232 [INFO] aiogram.event: Update id=226640809 is handled. Duration 277 ms by bot id=8931940625
2026-08-05 12:11:16,969 [INFO] aiogram.event: Update id=226640810 is handled. Duration 297 ms by bot id=8931940625
2026-08-05 12:11:20,593 [INFO] aiogram.event: Update id=226640811 is handled. Duration 272 ms by bot id=8931940625
2026-08-05 12:11:22,374 [INFO] aiogram.event: Update id=226640812 is handled. Duration 288 ms by bot id=8931940625
2026-08-05 12:11:25,719 [INFO] aiogram.event: Update id=226640813 is handled. Duration 294 ms by bot id=8931940625
2026-08-05 12:11:26,737 [INFO] aiogram.event: Update id=226640814 is handled. Duration 160 ms by bot id=8931940625
2026-08-05 12:11:58,396 [INFO] aiogram.event: Update id=226640815 is not handled. Duration 2 ms by bot id=8931940625
2026-08-05 12:12:18,114 [INFO] aiogram.event: Update id=226640816 is not handled. Duration 4 ms by bot id=8931940625
2026-08-05 12:12:23,619 [INFO] aiogram.event: Update id=226640817 is handled. Duration 274 ms by bot id=8931940625
2026-08-05 12:12:25,624 [INFO] aiogram.event: Update id=226640818 is handled. Duration 331 ms by bot id=8931940625
2026-08-05 12:19:24,334 [INFO] aiogram.event: Update id=226640819 is handled. Duration 318 ms by bot id=8931940625
2026-08-05 12:19:26,290 [INFO] aiogram.event: Update id=226640820 is handled. Duration 299 ms by bot id=8931940625
2026-08-05 12:19:27,028 [ERROR] handlers.admin.categories: cb_delete_category_confirm error: (sqlite3.IntegrityError) NOT NULL constraint failed: products.category_id
[SQL: UPDATE products SET category_id=? WHERE products.id = ?]
[parameters: (None, 11)]
(Background on this error at: https://sqlalche.me/e/20/gkpj)
Traceback (most recent call last):
  File "/home/container/.local/lib/python3.13/site-packages/sqlalchemy/engine/base.py", line 1969, in _exec_single_context
    self.dialect.do_execute(
    ~~~~~~~~~~~~~~~~~~~~~~~^
        cursor, str_statement, effective_parameters, context
        ^^^^^^^^^^^^^^^^^^^^^^^^^^^^^^^^^^^^^^^^^^^^^^^^^^^^
    )
    ^
  File "/home/container/.local/lib/python3.13/site-packages/sqlalchemy/engine/default.py", line 952, in do_execute
    cursor.execute(statement, parameters)
    ~~~~~~~~~~~~~~^^^^^^^^^^^^^^^^^^^^^^^
  File "/home/container/.local/lib/python3.13/site-packages/sqlalchemy/dialects/sqlite/aiosqlite.py", line 183, in execute
    self._adapt_connection._handle_exception(error)
    ~~~~~~~~~~~~~~~~~~~~~~~~~~~~~~~~~~~~~~~~^^^^^^^
  File "/home/container/.local/lib/python3.13/site-packages/sqlalchemy/dialects/sqlite/aiosqlite.py", line 343, in _handle_exception
    raise error
  File "/home/container/.local/lib/python3.13/site-packages/sqlalchemy/dialects/sqlite/aiosqlite.py", line 165, in execute
    self.await_(_cursor.execute(operation, parameters))
    ~~~~~~~~~~~^^^^^^^^^^^^^^^^^^^^^^^^^^^^^^^^^^^^^^^^
  File "/home/container/.local/lib/python3.13/site-packages/sqlalchemy/util/_concurrency_py3k.py", line 132, in await_only
    return current.parent.switch(awaitable)  # type: ignore[no-any-return,attr-defined] # noqa: E501
           ~~~~~~~~~~~~~~~~~~~~~^^^^^^^^^^^
  File "/home/container/.local/lib/python3.13/site-packages/sqlalchemy/util/_concurrency_py3k.py", line 196, in greenlet_spawn
    value = await result
            ^^^^^^^^^^^^
  File "/home/container/.local/lib/python3.13/site-packages/aiosqlite/cursor.py", line 40, in execute
    await self._execute(self._cursor.execute, sql, parameters)
  File "/home/container/.local/lib/python3.13/site-packages/aiosqlite/cursor.py", line 32, in _execute
    return await self._conn._execute(fn, *args, **kwargs)
           ^^^^^^^^^^^^^^^^^^^^^^^^^^^^^^^^^^^^^^^^^^^^^^
  File "/home/container/.local/lib/python3.13/site-packages/aiosqlite/core.py", line 160, in _execute
    return await future
           ^^^^^^^^^^^^
  File "/home/container/.local/lib/python3.13/site-packages/aiosqlite/core.py", line 63, in _connection_worker_thread
    result = function()
sqlite3.IntegrityError: NOT NULL constraint failed: products.category_id

The above exception was the direct cause of the following exception:

Traceback (most recent call last):
  File "/home/container/handlers/admin/categories.py", line 181, in cb_delete_category_confirm
    await delete_category(session, cat_id)
  File "/home/container/database/crud.py", line 114, in delete_category
    await session.commit()
  File "/home/container/.local/lib/python3.13/site-packages/sqlalchemy/ext/asyncio/session.py", line 999, in commit
    await greenlet_spawn(self.sync_session.commit)
  File "/home/container/.local/lib/python3.13/site-packages/sqlalchemy/util/_concurrency_py3k.py", line 203, in greenlet_spawn
    result = context.switch(value)
  File "/home/container/.local/lib/python3.13/site-packages/sqlalchemy/orm/session.py", line 2035, in commit
    trans.commit(_to_root=True)
    ~~~~~~~~~~~~^^^^^^^^^^^^^^^
  File "<string>", line 2, in commit
  File "/home/container/.local/lib/python3.13/site-packages/sqlalchemy/orm/state_changes.py", line 137, in _go
    ret_value = fn(self, *arg, **kw)
  File "/home/container/.local/lib/python3.13/site-packages/sqlalchemy/orm/session.py", line 1316, in commit
    self._prepare_impl()
    ~~~~~~~~~~~~~~~~~~^^
  File "<string>", line 2, in _prepare_impl
  File "/home/container/.local/lib/python3.13/site-packages/sqlalchemy/orm/state_changes.py", line 137, in _go
    ret_value = fn(self, *arg, **kw)
  File "/home/container/.local/lib/python3.13/site-packages/sqlalchemy/orm/session.py", line 1290, in _prepare_impl
    self.session.flush()
    ~~~~~~~~~~~~~~~~~~^^
  File "/home/container/.local/lib/python3.13/site-packages/sqlalchemy/orm/session.py", line 4353, in flush
    self._flush(objects)
    ~~~~~~~~~~~^^^^^^^^^
  File "/home/container/.local/lib/python3.13/site-packages/sqlalchemy/orm/session.py", line 4488, in _flush
    with util.safe_reraise():
         ~~~~~~~~~~~~~~~~~^^
  File "/home/container/.local/lib/python3.13/site-packages/sqlalchemy/util/langhelpers.py", line 122, in __exit__
    raise exc_value.with_traceback(exc_tb)
  File "/home/container/.local/lib/python3.13/site-packages/sqlalchemy/orm/session.py", line 4449, in _flush
    flush_context.execute()
    ~~~~~~~~~~~~~~~~~~~~~^^
  File "/home/container/.local/lib/python3.13/site-packages/sqlalchemy/orm/unitofwork.py", line 465, in execute
    rec.execute(self)
    ~~~~~~~~~~~^^^^^^
  File "/home/container/.local/lib/python3.13/site-packages/sqlalchemy/orm/unitofwork.py", line 641, in execute
    util.preloaded.orm_persistence.save_obj(
    ~~~~~~~~~~~~~~~~~~~~~~~~~~~~~~~~~~~~~~~^
        self.mapper,
        ^^^^^^^^^^^^
        uow.states_for_mapper_hierarchy(self.mapper, False, False),
        ^^^^^^^^^^^^^^^^^^^^^^^^^^^^^^^^^^^^^^^^^^^^^^^^^^^^^^^^^^^
        uow,
        ^^^^
    )
    ^
  File "/home/container/.local/lib/python3.13/site-packages/sqlalchemy/orm/persistence.py", line 86, in save_obj
    _emit_update_statements(
    ~~~~~~~~~~~~~~~~~~~~~~~^
        base_mapper,
        ^^^^^^^^^^^^
    ...<3 lines>...
        update,
        ^^^^^^^
    )
    ^
  File "/home/container/.local/lib/python3.13/site-packages/sqlalchemy/orm/persistence.py", line 913, in _emit_update_statements
    c = connection.execute(
        statement, multiparams, execution_options=execution_options
    )
  File "/home/container/.local/lib/python3.13/site-packages/sqlalchemy/engine/base.py", line 1421, in execute
    return meth(
        self,
        distilled_parameters,
        execution_options or NO_OPTIONS,
    )
  File "/home/container/.local/lib/python3.13/site-packages/sqlalchemy/sql/elements.py", line 526, in _execute_on_connection
    return connection._execute_clauseelement(
           ~~~~~~~~~~~~~~~~~~~~~~~~~~~~~~~~~^
        self, distilled_params, execution_options
        ^^^^^^^^^^^^^^^^^^^^^^^^^^^^^^^^^^^^^^^^^
    )
    ^
  File "/home/container/.local/lib/python3.13/site-packages/sqlalchemy/engine/base.py", line 1643, in _execute_clauseelement
    ret = self._execute_context(
        dialect,
    ...<8 lines>...
        cache_hit=cache_hit,
    )
  File "/home/container/.local/lib/python3.13/site-packages/sqlalchemy/engine/base.py", line 1848, in _execute_context
    return self._exec_single_context(
           ~~~~~~~~~~~~~~~~~~~~~~~~~^
        dialect, context, statement, parameters
        ^^^^^^^^^^^^^^^^^^^^^^^^^^^^^^^^^^^^^^^
    )
    ^
  File "/home/container/.local/lib/python3.13/site-packages/sqlalchemy/engine/base.py", line 1988, in _exec_single_context
    self._handle_dbapi_exception(
    ~~~~~~~~~~~~~~~~~~~~~~~~~~~~^
        e, str_statement, effective_parameters, cursor, context
        ^^^^^^^^^^^^^^^^^^^^^^^^^^^^^^^^^^^^^^^^^^^^^^^^^^^^^^^
    )
    ^
  File "/home/container/.local/lib/python3.13/site-packages/sqlalchemy/engine/base.py", line 2365, in _handle_dbapi_exception
    raise sqlalchemy_exception.with_traceback(exc_info[2]) from e
  File "/home/container/.local/lib/python3.13/site-packages/sqlalchemy/engine/base.py", line 1969, in _exec_single_context
    self.dialect.do_execute(
    ~~~~~~~~~~~~~~~~~~~~~~~^
        cursor, str_statement, effective_parameters, context
        ^^^^^^^^^^^^^^^^^^^^^^^^^^^^^^^^^^^^^^^^^^^^^^^^^^^^
    )
    ^
  File "/home/container/.local/lib/python3.13/site-packages/sqlalchemy/engine/default.py", line 952, in do_execute
    cursor.execute(statement, parameters)
    ~~~~~~~~~~~~~~^^^^^^^^^^^^^^^^^^^^^^^
  File "/home/container/.local/lib/python3.13/site-packages/sqlalchemy/dialects/sqlite/aiosqlite.py", line 183, in execute
    self._adapt_connection._handle_exception(error)
    ~~~~~~~~~~~~~~~~~~~~~~~~~~~~~~~~~~~~~~~~^^^^^^^
  File "/home/container/.local/lib/python3.13/site-packages/sqlalchemy/dialects/sqlite/aiosqlite.py", line 343, in _handle_exception
    raise error
  File "/home/container/.local/lib/python3.13/site-packages/sqlalchemy/dialects/sqlite/aiosqlite.py", line 165, in execute
    self.await_(_cursor.execute(operation, parameters))
    ~~~~~~~~~~~^^^^^^^^^^^^^^^^^^^^^^^^^^^^^^^^^^^^^^^^
  File "/home/container/.local/lib/python3.13/site-packages/sqlalchemy/util/_concurrency_py3k.py", line 132, in await_only
    return current.parent.switch(awaitable)  # type: ignore[no-any-return,attr-defined] # noqa: E501
           ~~~~~~~~~~~~~~~~~~~~~^^^^^^^^^^^
  File "/home/container/.local/lib/python3.13/site-packages/sqlalchemy/util/_concurrency_py3k.py", line 196, in greenlet_spawn
    value = await result
            ^^^^^^^^^^^^
  File "/home/container/.local/lib/python3.13/site-packages/aiosqlite/cursor.py", line 40, in execute
    await self._execute(self._cursor.execute, sql, parameters)
  File "/home/container/.local/lib/python3.13/site-packages/aiosqlite/cursor.py", line 32, in _execute
    return await self._conn._execute(fn, *args, **kwargs)
           ^^^^^^^^^^^^^^^^^^^^^^^^^^^^^^^^^^^^^^^^^^^^^^
  File "/home/container/.local/lib/python3.13/site-packages/aiosqlite/core.py", line 160, in _execute
    return await future
           ^^^^^^^^^^^^
  File "/home/container/.local/lib/python3.13/site-packages/aiosqlite/core.py", line 63, in _connection_worker_thread
    result = function()
sqlalchemy.exc.IntegrityError: (sqlite3.IntegrityError) NOT NULL constraint failed: products.category_id
[SQL: UPDATE products SET category_id=? WHERE products.id = ?]
[parameters: (None, 11)]
(Background on this error at: https://sqlalche.me/e/20/gkpj)
2026-08-05 12:19:27,169 [INFO] aiogram.event: Update id=226640821 is handled. Duration 150 ms by bot id=8931940625
2026-08-05 12:19:29,631 [INFO] aiogram.event: Update id=226640822 is handled. Duration 290 ms by bot id=8931940625
2026-08-05 12:19:30,962 [INFO] aiogram.event: Update id=226640823 is handled. Duration 280 ms by bot id=8931940625
2026-08-05 12:19:31,809 [ERROR] handlers.admin.categories: cb_delete_category_confirm error: (sqlite3.IntegrityError) NOT NULL constraint failed: products.category_id
[SQL: UPDATE products SET category_id=? WHERE products.id = ?]
[parameters: [(None, 3), (None, 6), (None, 8), (None, 10)]]
(Background on this error at: https://sqlalche.me/e/20/gkpj)
Traceback (most recent call last):
  File "/home/container/.local/lib/python3.13/site-packages/sqlalchemy/engine/base.py", line 1938, in _exec_single_context
    self.dialect.do_executemany(
    ~~~~~~~~~~~~~~~~~~~~~~~~~~~^
        cursor,
        ^^^^^^^
    ...<2 lines>...
        context,
        ^^^^^^^^
    )
    ^
  File "/home/container/.local/lib/python3.13/site-packages/sqlalchemy/engine/default.py", line 949, in do_executemany
    cursor.executemany(statement, parameters)
    ~~~~~~~~~~~~~~~~~~^^^^^^^^^^^^^^^^^^^^^^^
  File "/home/container/.local/lib/python3.13/site-packages/sqlalchemy/dialects/sqlite/aiosqlite.py", line 198, in executemany
    self._adapt_connection._handle_exception(error)
    ~~~~~~~~~~~~~~~~~~~~~~~~~~~~~~~~~~~~~~~~^^^^^^^
  File "/home/container/.local/lib/python3.13/site-packages/sqlalchemy/dialects/sqlite/aiosqlite.py", line 343, in _handle_exception
    raise error
  File "/home/container/.local/lib/python3.13/site-packages/sqlalchemy/dialects/sqlite/aiosqlite.py", line 192, in executemany
    self.await_(_cursor.executemany(operation, seq_of_parameters))
    ~~~~~~~~~~~^^^^^^^^^^^^^^^^^^^^^^^^^^^^^^^^^^^^^^^^^^^^^^^^^^^
  File "/home/container/.local/lib/python3.13/site-packages/sqlalchemy/util/_concurrency_py3k.py", line 132, in await_only
    return current.parent.switch(awaitable)  # type: ignore[no-any-return,attr-defined] # noqa: E501
           ~~~~~~~~~~~~~~~~~~~~~^^^^^^^^^^^
  File "/home/container/.local/lib/python3.13/site-packages/sqlalchemy/util/_concurrency_py3k.py", line 196, in greenlet_spawn
    value = await result
            ^^^^^^^^^^^^
  File "/home/container/.local/lib/python3.13/site-packages/aiosqlite/cursor.py", line 47, in executemany
    await self._execute(self._cursor.executemany, sql, parameters)
  File "/home/container/.local/lib/python3.13/site-packages/aiosqlite/cursor.py", line 32, in _execute
    return await self._conn._execute(fn, *args, **kwargs)
           ^^^^^^^^^^^^^^^^^^^^^^^^^^^^^^^^^^^^^^^^^^^^^^
  File "/home/container/.local/lib/python3.13/site-packages/aiosqlite/core.py", line 160, in _execute
    return await future
           ^^^^^^^^^^^^
  File "/home/container/.local/lib/python3.13/site-packages/aiosqlite/core.py", line 63, in _connection_worker_thread
    result = function()
sqlite3.IntegrityError: NOT NULL constraint failed: products.category_id

The above exception was the direct cause of the following exception:

Traceback (most recent call last):
  File "/home/container/handlers/admin/categories.py", line 181, in cb_delete_category_confirm
    await delete_category(session, cat_id)
  File "/home/container/database/crud.py", line 114, in delete_category
    await session.commit()
  File "/home/container/.local/lib/python3.13/site-packages/sqlalchemy/ext/asyncio/session.py", line 999, in commit
    await greenlet_spawn(self.sync_session.commit)
  File "/home/container/.local/lib/python3.13/site-packages/sqlalchemy/util/_concurrency_py3k.py", line 203, in greenlet_spawn
    result = context.switch(value)
  File "/home/container/.local/lib/python3.13/site-packages/sqlalchemy/orm/session.py", line 2035, in commit
    trans.commit(_to_root=True)
    ~~~~~~~~~~~~^^^^^^^^^^^^^^^
  File "<string>", line 2, in commit
  File "/home/container/.local/lib/python3.13/site-packages/sqlalchemy/orm/state_changes.py", line 137, in _go
    ret_value = fn(self, *arg, **kw)
  File "/home/container/.local/lib/python3.13/site-packages/sqlalchemy/orm/session.py", line 1316, in commit
    self._prepare_impl()
    ~~~~~~~~~~~~~~~~~~^^
  File "<string>", line 2, in _prepare_impl
  File "/home/container/.local/lib/python3.13/site-packages/sqlalchemy/orm/state_changes.py", line 137, in _go
    ret_value = fn(self, *arg, **kw)
  File "/home/container/.local/lib/python3.13/site-packages/sqlalchemy/orm/session.py", line 1290, in _prepare_impl
    self.session.flush()
    ~~~~~~~~~~~~~~~~~~^^
  File "/home/container/.local/lib/python3.13/site-packages/sqlalchemy/orm/session.py", line 4353, in flush
    self._flush(objects)
    ~~~~~~~~~~~^^^^^^^^^
  File "/home/container/.local/lib/python3.13/site-packages/sqlalchemy/orm/session.py", line 4488, in _flush
    with util.safe_reraise():
         ~~~~~~~~~~~~~~~~~^^
  File "/home/container/.local/lib/python3.13/site-packages/sqlalchemy/util/langhelpers.py", line 122, in __exit__
    raise exc_value.with_traceback(exc_tb)
  File "/home/container/.local/lib/python3.13/site-packages/sqlalchemy/orm/session.py", line 4449, in _flush
    flush_context.execute()
    ~~~~~~~~~~~~~~~~~~~~~^^
  File "/home/container/.local/lib/python3.13/site-packages/sqlalchemy/orm/unitofwork.py", line 465, in execute
    rec.execute(self)
    ~~~~~~~~~~~^^^^^^
  File "/home/container/.local/lib/python3.13/site-packages/sqlalchemy/orm/unitofwork.py", line 641, in execute
    util.preloaded.orm_persistence.save_obj(
    ~~~~~~~~~~~~~~~~~~~~~~~~~~~~~~~~~~~~~~~^
        self.mapper,
        ^^^^^^^^^^^^
        uow.states_for_mapper_hierarchy(self.mapper, False, False),
        ^^^^^^^^^^^^^^^^^^^^^^^^^^^^^^^^^^^^^^^^^^^^^^^^^^^^^^^^^^^
        uow,
        ^^^^
    )
    ^
  File "/home/container/.local/lib/python3.13/site-packages/sqlalchemy/orm/persistence.py", line 86, in save_obj
    _emit_update_statements(
    ~~~~~~~~~~~~~~~~~~~~~~~^
        base_mapper,
        ^^^^^^^^^^^^
    ...<3 lines>...
        update,
        ^^^^^^^
    )
    ^
  File "/home/container/.local/lib/python3.13/site-packages/sqlalchemy/orm/persistence.py", line 913, in _emit_update_statements
    c = connection.execute(
        statement, multiparams, execution_options=execution_options
    )
  File "/home/container/.local/lib/python3.13/site-packages/sqlalchemy/engine/base.py", line 1421, in execute
    return meth(
        self,
        distilled_parameters,
        execution_options or NO_OPTIONS,
    )
  File "/home/container/.local/lib/python3.13/site-packages/sqlalchemy/sql/elements.py", line 526, in _execute_on_connection
    return connection._execute_clauseelement(
           ~~~~~~~~~~~~~~~~~~~~~~~~~~~~~~~~~^
        self, distilled_params, execution_options
        ^^^^^^^^^^^^^^^^^^^^^^^^^^^^^^^^^^^^^^^^^
    )
    ^
  File "/home/container/.local/lib/python3.13/site-packages/sqlalchemy/engine/base.py", line 1643, in _execute_clauseelement
    ret = self._execute_context(
        dialect,
    ...<8 lines>...
        cache_hit=cache_hit,
    )
  File "/home/container/.local/lib/python3.13/site-packages/sqlalchemy/engine/base.py", line 1848, in _execute_context
    return self._exec_single_context(
           ~~~~~~~~~~~~~~~~~~~~~~~~~^
        dialect, context, statement, parameters
        ^^^^^^^^^^^^^^^^^^^^^^^^^^^^^^^^^^^^^^^
    )
    ^
  File "/home/container/.local/lib/python3.13/site-packages/sqlalchemy/engine/base.py", line 1988, in _exec_single_context
    self._handle_dbapi_exception(
    ~~~~~~~~~~~~~~~~~~~~~~~~~~~~^
        e, str_statement, effective_parameters, cursor, context
        ^^^^^^^^^^^^^^^^^^^^^^^^^^^^^^^^^^^^^^^^^^^^^^^^^^^^^^^
    )
    ^
  File "/home/container/.local/lib/python3.13/site-packages/sqlalchemy/engine/base.py", line 2365, in _handle_dbapi_exception
    raise sqlalchemy_exception.with_traceback(exc_info[2]) from e
  File "/home/container/.local/lib/python3.13/site-packages/sqlalchemy/engine/base.py", line 1938, in _exec_single_context
    self.dialect.do_executemany(
    ~~~~~~~~~~~~~~~~~~~~~~~~~~~^
        cursor,
        ^^^^^^^
    ...<2 lines>...
        context,
        ^^^^^^^^
    )
    ^
  File "/home/container/.local/lib/python3.13/site-packages/sqlalchemy/engine/default.py", line 949, in do_executemany
    cursor.executemany(statement, parameters)
    ~~~~~~~~~~~~~~~~~~^^^^^^^^^^^^^^^^^^^^^^^
  File "/home/container/.local/lib/python3.13/site-packages/sqlalchemy/dialects/sqlite/aiosqlite.py", line 198, in executemany
    self._adapt_connection._handle_exception(error)
    ~~~~~~~~~~~~~~~~~~~~~~~~~~~~~~~~~~~~~~~~^^^^^^^
  File "/home/container/.local/lib/python3.13/site-packages/sqlalchemy/dialects/sqlite/aiosqlite.py", line 343, in _handle_exception
    raise error
  File "/home/container/.local/lib/python3.13/site-packages/sqlalchemy/dialects/sqlite/aiosqlite.py", line 192, in executemany
    self.await_(_cursor.executemany(operation, seq_of_parameters))
    ~~~~~~~~~~~^^^^^^^^^^^^^^^^^^^^^^^^^^^^^^^^^^^^^^^^^^^^^^^^^^^
  File "/home/container/.local/lib/python3.13/site-packages/sqlalchemy/util/_concurrency_py3k.py", line 132, in await_only
    return current.parent.switch(awaitable)  # type: ignore[no-any-return,attr-defined] # noqa: E501
           ~~~~~~~~~~~~~~~~~~~~~^^^^^^^^^^^
  File "/home/container/.local/lib/python3.13/site-packages/sqlalchemy/util/_concurrency_py3k.py", line 196, in greenlet_spawn
    value = await result
            ^^^^^^^^^^^^
  File "/home/container/.local/lib/python3.13/site-packages/aiosqlite/cursor.py", line 47, in executemany
    await self._execute(self._cursor.executemany, sql, parameters)
  File "/home/container/.local/lib/python3.13/site-packages/aiosqlite/cursor.py", line 32, in _execute
    return await self._conn._execute(fn, *args, **kwargs)
           ^^^^^^^^^^^^^^^^^^^^^^^^^^^^^^^^^^^^^^^^^^^^^^
  File "/home/container/.local/lib/python3.13/site-packages/aiosqlite/core.py", line 160, in _execute
    return await future
           ^^^^^^^^^^^^
  File "/home/container/.local/lib/python3.13/site-packages/aiosqlite/core.py", line 63, in _connection_worker_thread
    result = function()
sqlalchemy.exc.IntegrityError: (sqlite3.IntegrityError) NOT NULL constraint failed: products.category_id
[SQL: UPDATE products SET category_id=? WHERE products.id = ?]
[parameters: [(None, 3), (None, 6), (None, 8), (None, 10)]]
(Background on this error at: https://sqlalche.me/e/20/gkpj)
2026-08-05 12:19:31,952 [INFO] aiogram.event: Update id=226640824 is handled. Duration 152 ms by bot id=8931940625
2026-08-05 12:19:33,202 [INFO] aiogram.event: Update id=226640825 is handled. Duration 286 ms by bot id=8931940625
2026-08-05 12:19:34,506 [INFO] aiogram.event: Update id=226640826 is handled. Duration 291 ms by bot id=8931940625
2026-08-05 12:19:36,582 [INFO] aiogram.event: Update id=226640827 is handled. Duration 289 ms by bot id=8931940625
2026-08-05 12:19:38,044 [INFO] aiogram.event: Update id=226640828 is handled. Duration 282 ms by bot id=8931940625
2026-08-05 12:19:39,374 [INFO] aiogram.event: Update id=226640829 is handled. Duration 287 ms by bot id=8931940625
2026-08-05 12:19:40,618 [INFO] aiogram.event: Update id=226640830 is handled. Duration 280 ms by bot id=8931940625
2026-08-05 12:19:41,883 [INFO] aiogram.event: Update id=226640831 is handled. Duration 322 ms by bot id=8931940625
2026-08-05 12:19:43,392 [INFO] aiogram.event: Update id=226640832 is handled. Duration 287 ms by bot id=8931940625
2026-08-05 12:19:46,875 [INFO] aiogram.event: Update id=226640833 is handled. Duration 405 ms by bot id=8931940625
2026-08-05 12:19:48,920 [INFO] aiogram.event: Update id=226640834 is handled. Duration 285 ms by bot id=8931940625
2026-08-05 12:19:50,679 [INFO] aiogram.event: Update id=226640835 is handled. Duration 282 ms by bot id=8931940625
2026-08-05 12:19:52,238 [INFO] aiogram.event: Update id=226640836 is handled. Duration 412 ms by bot id=8931940625
2026-08-05 12:19:53,462 [INFO] aiogram.event: Update id=226640837 is handled. Duration 288 ms by bot id=8931940625
2026-08-05 12:19:54,507 [INFO] aiogram.event: Update id=226640838 is handled. Duration 306 ms by bot id=8931940625
2026-08-05 12:19:57,088 [INFO] aiogram.event: Update id=226640839 is handled. Duration 283 ms by bot id=8931940625
2026-08-05 12:19:58,601 [INFO] aiogram.event: Update id=226640840 is handled. Duration 276 ms by bot id=8931940625
2026-08-05 12:20:02,501 [INFO] aiogram.event: Update id=226640841 is handled. Duration 277 ms by bot id=8931940625
2026-08-05 12:20:04,343 [INFO] aiogram.event: Update id=226640842 is handled. Duration 283 ms by bot id=8931940625
2026-08-05 12:20:06,009 [INFO] aiogram.event: Update id=226640843 is handled. Duration 277 ms by bot id=8931940625
2026-08-05 12:20:11,632 [INFO] aiogram.event: Update id=226640844 is handled. Duration 277 ms by bot id=8931940625
2026-08-05 12:20:13,998 [INFO] aiogram.event: Update id=226640845 is handled. Duration 279 ms by bot id=8931940625
2026-08-05 12:20:21,167 [INFO] aiogram.event: Update id=226640846 is handled. Duration 287 ms by bot id=8931940625
2026-08-05 12:20:23,348 [INFO] aiogram.event: Update id=226640847 is handled. Duration 192 ms by bot id=8931940625
2026-08-05 12:20:23,665 [INFO] aiogram.event: Update id=226640848 is handled. Duration 287 ms by bot id=8931940625
2026-08-05 12:20:24,955 [INFO] aiogram.event: Update id=226640849 is handled. Duration 321 ms by bot id=8931940625
2026-08-05 12:20:25,499 [INFO] aiogram.event: Update id=226640850 is handled. Duration 289 ms by bot id=8931940625
2026-08-05 12:20:27,847 [INFO] aiogram.event: Update id=226640851 is handled. Duration 281 ms by bot id=8931940625
2026-08-05 12:20:29,191 [INFO] aiogram.event: Update id=226640852 is handled. Duration 285 ms by bot id=8931940625
2026-08-05 12:20:30,149 [INFO] aiogram.event: Update id=226640853 is handled. Duration 310 ms by bot id=8931940625
2026-08-05 12:20:59,200 [INFO] aiogram.event: Update id=226640854 is handled. Duration 180 ms by bot id=8931940625
2026-08-05 12:21:03,176 [INFO] aiogram.event: Update id=226640855 is handled. Duration 277 ms by bot id=8931940625
2026-08-05 12:21:06,659 [INFO] aiogram.event: Update id=226640856 is handled. Duration 196 ms by bot id=8931940625
2026-08-05 12:21:08,278 [INFO] aiogram.event: Update id=226640857 is handled. Duration 304 ms by bot id=8931940625
2026-08-05 12:21:09,905 [INFO] aiogram.event: Update id=226640858 is handled. Duration 344 ms by bot id=8931940625
2026-08-05 12:21:11,752 [INFO] aiogram.event: Update id=226640859 is handled. Duration 308 ms by bot id=8931940625
2026-08-05 12:21:12,621 [INFO] aiogram.event: Update id=226640860 is handled. Duration 313 ms by bot id=8931940625
2026-08-05 12:21:13,698 [INFO] aiogram.event: Update id=226640861 is handled. Duration 309 ms by bot id=8931940625
2026-08-05 12:21:14,929 [INFO] aiogram.event: Update id=226640862 is handled. Duration 307 ms by bot id=8931940625
2026-08-05 12:21:15,792 [INFO] aiogram.event: Update id=226640863 is handled. Duration 307 ms by bot id=8931940625
2026-08-05 12:21:17,058 [INFO] aiogram.event: Update id=226640864 is handled. Duration 421 ms by bot id=8931940625
2026-08-05 12:21:19,034 [INFO] aiogram.event: Update id=226640865 is handled. Duration 506 ms by bot id=8931940625
2026-08-05 12:21:25,021 [INFO] aiogram.event: Update id=226640866 is handled. Duration 313 ms by bot id=8931940625
2026-08-05 12:21:26,507 [INFO] aiogram.event: Update id=226640867 is handled. Duration 325 ms by bot id=8931940625
2026-08-05 12:21:27,725 [INFO] aiogram.event: Update id=226640868 is handled. Duration 350 ms by bot id=8931940625
2026-08-05 12:21:29,495 [INFO] aiogram.event: Update id=226640869 is handled. Duration 279 ms by bot id=8931940625
2026-08-05 12:21:33,780 [INFO] aiogram.event: Update id=226640870 is handled. Duration 337 ms by bot id=8931940625
2026-08-05 12:21:34,915 [INFO] aiogram.event: Update id=226640871 is handled. Duration 289 ms by bot id=8931940625
2026-08-05 12:21:36,953 [INFO] aiogram.event: Update id=226640872 is handled. Duration 282 ms by bot id=8931940625
2026-08-05 12:21:38,608 [INFO] aiogram.event: Update id=226640873 is handled. Duration 380 ms by bot id=8931940625
2026-08-05 12:21:40,894 [INFO] aiogram.event: Update id=226640874 is handled. Duration 293 ms by bot id=8931940625
2026-08-05 12:21:42,442 [INFO] aiogram.event: Update id=226640875 is handled. Duration 283 ms by bot id=8931940625
2026-08-05 12:21:43,456 [ERROR] handlers.admin.products: cb_delete_product_confirm error: (sqlite3.IntegrityError) NOT NULL constraint failed: orders.product_id
[SQL: UPDATE orders SET product_id=? WHERE orders.id = ?]
[parameters: [(None, 64), (None, 73), (None, 74), (None, 82), (None, 84), (None, 87)]]
(Background on this error at: https://sqlalche.me/e/20/gkpj)
Traceback (most recent call last):
  File "/home/container/.local/lib/python3.13/site-packages/sqlalchemy/engine/base.py", line 1938, in _exec_single_context
    self.dialect.do_executemany(
    ~~~~~~~~~~~~~~~~~~~~~~~~~~~^
        cursor,
        ^^^^^^^
    ...<2 lines>...
        context,
        ^^^^^^^^
    )
    ^
  File "/home/container/.local/lib/python3.13/site-packages/sqlalchemy/engine/default.py", line 949, in do_executemany
    cursor.executemany(statement, parameters)
    ~~~~~~~~~~~~~~~~~~^^^^^^^^^^^^^^^^^^^^^^^
  File "/home/container/.local/lib/python3.13/site-packages/sqlalchemy/dialects/sqlite/aiosqlite.py", line 198, in executemany
    self._adapt_connection._handle_exception(error)
    ~~~~~~~~~~~~~~~~~~~~~~~~~~~~~~~~~~~~~~~~^^^^^^^
  File "/home/container/.local/lib/python3.13/site-packages/sqlalchemy/dialects/sqlite/aiosqlite.py", line 343, in _handle_exception
    raise error
  File "/home/container/.local/lib/python3.13/site-packages/sqlalchemy/dialects/sqlite/aiosqlite.py", line 192, in executemany
    self.await_(_cursor.executemany(operation, seq_of_parameters))
    ~~~~~~~~~~~^^^^^^^^^^^^^^^^^^^^^^^^^^^^^^^^^^^^^^^^^^^^^^^^^^^
  File "/home/container/.local/lib/python3.13/site-packages/sqlalchemy/util/_concurrency_py3k.py", line 132, in await_only
    return current.parent.switch(awaitable)  # type: ignore[no-any-return,attr-defined] # noqa: E501
           ~~~~~~~~~~~~~~~~~~~~~^^^^^^^^^^^
  File "/home/container/.local/lib/python3.13/site-packages/sqlalchemy/util/_concurrency_py3k.py", line 196, in greenlet_spawn
    value = await result
            ^^^^^^^^^^^^
  File "/home/container/.local/lib/python3.13/site-packages/aiosqlite/cursor.py", line 47, in executemany
    await self._execute(self._cursor.executemany, sql, parameters)
  File "/home/container/.local/lib/python3.13/site-packages/aiosqlite/cursor.py", line 32, in _execute
    return await self._conn._execute(fn, *args, **kwargs)
           ^^^^^^^^^^^^^^^^^^^^^^^^^^^^^^^^^^^^^^^^^^^^^^
  File "/home/container/.local/lib/python3.13/site-packages/aiosqlite/core.py", line 160, in _execute
    return await future
           ^^^^^^^^^^^^
  File "/home/container/.local/lib/python3.13/site-packages/aiosqlite/core.py", line 63, in _connection_worker_thread
    result = function()
sqlite3.IntegrityError: NOT NULL constraint failed: orders.product_id

The above exception was the direct cause of the following exception:

Traceback (most recent call last):
  File "/home/container/handlers/admin/products.py", line 183, in cb_delete_product_confirm
    await delete_product(session, product_id)
  File "/home/container/database/crud.py", line 192, in delete_product
    await session.commit()
  File "/home/container/.local/lib/python3.13/site-packages/sqlalchemy/ext/asyncio/session.py", line 999, in commit
    await greenlet_spawn(self.sync_session.commit)
  File "/home/container/.local/lib/python3.13/site-packages/sqlalchemy/util/_concurrency_py3k.py", line 203, in greenlet_spawn
    result = context.switch(value)
  File "/home/container/.local/lib/python3.13/site-packages/sqlalchemy/orm/session.py", line 2035, in commit
    trans.commit(_to_root=True)
    ~~~~~~~~~~~~^^^^^^^^^^^^^^^
  File "<string>", line 2, in commit
  File "/home/container/.local/lib/python3.13/site-packages/sqlalchemy/orm/state_changes.py", line 137, in _go
    ret_value = fn(self, *arg, **kw)
  File "/home/container/.local/lib/python3.13/site-packages/sqlalchemy/orm/session.py", line 1316, in commit
    self._prepare_impl()
    ~~~~~~~~~~~~~~~~~~^^
  File "<string>", line 2, in _prepare_impl
  File "/home/container/.local/lib/python3.13/site-packages/sqlalchemy/orm/state_changes.py", line 137, in _go
    ret_value = fn(self, *arg, **kw)
  File "/home/container/.local/lib/python3.13/site-packages/sqlalchemy/orm/session.py", line 1290, in _prepare_impl
    self.session.flush()
    ~~~~~~~~~~~~~~~~~~^^
  File "/home/container/.local/lib/python3.13/site-packages/sqlalchemy/orm/session.py", line 4353, in flush
    self._flush(objects)
    ~~~~~~~~~~~^^^^^^^^^
  File "/home/container/.local/lib/python3.13/site-packages/sqlalchemy/orm/session.py", line 4488, in _flush
    with util.safe_reraise():
         ~~~~~~~~~~~~~~~~~^^
  File "/home/container/.local/lib/python3.13/site-packages/sqlalchemy/util/langhelpers.py", line 122, in __exit__
    raise exc_value.with_traceback(exc_tb)
  File "/home/container/.local/lib/python3.13/site-packages/sqlalchemy/orm/session.py", line 4449, in _flush
    flush_context.execute()
    ~~~~~~~~~~~~~~~~~~~~~^^
  File "/home/container/.local/lib/python3.13/site-packages/sqlalchemy/orm/unitofwork.py", line 465, in execute
    rec.execute(self)
    ~~~~~~~~~~~^^^^^^
  File "/home/container/.local/lib/python3.13/site-packages/sqlalchemy/orm/unitofwork.py", line 641, in execute
    util.preloaded.orm_persistence.save_obj(
    ~~~~~~~~~~~~~~~~~~~~~~~~~~~~~~~~~~~~~~~^
        self.mapper,
        ^^^^^^^^^^^^
        uow.states_for_mapper_hierarchy(self.mapper, False, False),
        ^^^^^^^^^^^^^^^^^^^^^^^^^^^^^^^^^^^^^^^^^^^^^^^^^^^^^^^^^^^
        uow,
        ^^^^
    )
    ^
  File "/home/container/.local/lib/python3.13/site-packages/sqlalchemy/orm/persistence.py", line 86, in save_obj
    _emit_update_statements(
    ~~~~~~~~~~~~~~~~~~~~~~~^
        base_mapper,
        ^^^^^^^^^^^^
    ...<3 lines>...
        update,
        ^^^^^^^
    )
    ^
  File "/home/container/.local/lib/python3.13/site-packages/sqlalchemy/orm/persistence.py", line 913, in _emit_update_statements
    c = connection.execute(
        statement, multiparams, execution_options=execution_options
    )
  File "/home/container/.local/lib/python3.13/site-packages/sqlalchemy/engine/base.py", line 1421, in execute
    return meth(
        self,
        distilled_parameters,
        execution_options or NO_OPTIONS,
    )
  File "/home/container/.local/lib/python3.13/site-packages/sqlalchemy/sql/elements.py", line 526, in _execute_on_connection
    return connection._execute_clauseelement(
           ~~~~~~~~~~~~~~~~~~~~~~~~~~~~~~~~~^
        self, distilled_params, execution_options
        ^^^^^^^^^^^^^^^^^^^^^^^^^^^^^^^^^^^^^^^^^
    )
    ^
  File "/home/container/.local/lib/python3.13/site-packages/sqlalchemy/engine/base.py", line 1643, in _execute_clauseelement
    ret = self._execute_context(
        dialect,
    ...<8 lines>...
        cache_hit=cache_hit,
    )
  File "/home/container/.local/lib/python3.13/site-packages/sqlalchemy/engine/base.py", line 1848, in _execute_context
    return self._exec_single_context(
           ~~~~~~~~~~~~~~~~~~~~~~~~~^
        dialect, context, statement, parameters
        ^^^^^^^^^^^^^^^^^^^^^^^^^^^^^^^^^^^^^^^
    )
    ^
  File "/home/container/.local/lib/python3.13/site-packages/sqlalchemy/engine/base.py", line 1988, in _exec_single_context
    self._handle_dbapi_exception(
    ~~~~~~~~~~~~~~~~~~~~~~~~~~~~^
        e, str_statement, effective_parameters, cursor, context
        ^^^^^^^^^^^^^^^^^^^^^^^^^^^^^^^^^^^^^^^^^^^^^^^^^^^^^^^
    )
    ^
  File "/home/container/.local/lib/python3.13/site-packages/sqlalchemy/engine/base.py", line 2365, in _handle_dbapi_exception
    raise sqlalchemy_exception.with_traceback(exc_info[2]) from e
  File "/home/container/.local/lib/python3.13/site-packages/sqlalchemy/engine/base.py", line 1938, in _exec_single_context
    self.dialect.do_executemany(
    ~~~~~~~~~~~~~~~~~~~~~~~~~~~^
        cursor,
        ^^^^^^^
    ...<2 lines>...
        context,
        ^^^^^^^^
    )
    ^
  File "/home/container/.local/lib/python3.13/site-packages/sqlalchemy/engine/default.py", line 949, in do_executemany
    cursor.executemany(statement, parameters)
    ~~~~~~~~~~~~~~~~~~^^^^^^^^^^^^^^^^^^^^^^^
  File "/home/container/.local/lib/python3.13/site-packages/sqlalchemy/dialects/sqlite/aiosqlite.py", line 198, in executemany
    self._adapt_connection._handle_exception(error)
    ~~~~~~~~~~~~~~~~~~~~~~~~~~~~~~~~~~~~~~~~^^^^^^^
  File "/home/container/.local/lib/python3.13/site-packages/sqlalchemy/dialects/sqlite/aiosqlite.py", line 343, in _handle_exception
    raise error
  File "/home/container/.local/lib/python3.13/site-packages/sqlalchemy/dialects/sqlite/aiosqlite.py", line 192, in executemany
    self.await_(_cursor.executemany(operation, seq_of_parameters))
    ~~~~~~~~~~~^^^^^^^^^^^^^^^^^^^^^^^^^^^^^^^^^^^^^^^^^^^^^^^^^^^
  File "/home/container/.local/lib/python3.13/site-packages/sqlalchemy/util/_concurrency_py3k.py", line 132, in await_only
    return current.parent.switch(awaitable)  # type: ignore[no-any-return,attr-defined] # noqa: E501
           ~~~~~~~~~~~~~~~~~~~~~^^^^^^^^^^^
  File "/home/container/.local/lib/python3.13/site-packages/sqlalchemy/util/_concurrency_py3k.py", line 196, in greenlet_spawn
    value = await result
            ^^^^^^^^^^^^
  File "/home/container/.local/lib/python3.13/site-packages/aiosqlite/cursor.py", line 47, in executemany
    await self._execute(self._cursor.executemany, sql, parameters)
  File "/home/container/.local/lib/python3.13/site-packages/aiosqlite/cursor.py", line 32, in _execute
    return await self._conn._execute(fn, *args, **kwargs)
           ^^^^^^^^^^^^^^^^^^^^^^^^^^^^^^^^^^^^^^^^^^^^^^
  File "/home/container/.local/lib/python3.13/site-packages/aiosqlite/core.py", line 160, in _execute
    return await future
           ^^^^^^^^^^^^
  File "/home/container/.local/lib/python3.13/site-packages/aiosqlite/core.py", line 63, in _connection_worker_thread
    result = function()
sqlalchemy.exc.IntegrityError: (sqlite3.IntegrityError) NOT NULL constraint failed: orders.product_id
[SQL: UPDATE orders SET product_id=? WHERE orders.id = ?]
[parameters: [(None, 64), (None, 73), (None, 74), (None, 82), (None, 84), (None, 87)]]
(Background on this error at: https://sqlalche.me/e/20/gkpj)
2026-08-05 12:21:43,600 [INFO] aiogram.event: Update id=226640876 is handled. Duration 154 ms by bot id=8931940625
2026-08-05 12:21:46,624 [ERROR] handlers.admin.products: cb_delete_product_confirm error: (sqlite3.IntegrityError) NOT NULL constraint failed: orders.product_id
[SQL: UPDATE orders SET product_id=? WHERE orders.id = ?]
[parameters: [(None, 64), (None, 73), (None, 74), (None, 82), (None, 84), (None, 87)]]
(Background on this error at: https://sqlalche.me/e/20/gkpj)
Traceback (most recent call last):
  File "/home/container/.local/lib/python3.13/site-packages/sqlalchemy/engine/base.py", line 1938, in _exec_single_context
    self.dialect.do_executemany(
    ~~~~~~~~~~~~~~~~~~~~~~~~~~~^
        cursor,
        ^^^^^^^
    ...<2 lines>...
        context,
        ^^^^^^^^
    )
    ^
  File "/home/container/.local/lib/python3.13/site-packages/sqlalchemy/engine/default.py", line 949, in do_executemany
    cursor.executemany(statement, parameters)
    ~~~~~~~~~~~~~~~~~~^^^^^^^^^^^^^^^^^^^^^^^
  File "/home/container/.local/lib/python3.13/site-packages/sqlalchemy/dialects/sqlite/aiosqlite.py", line 198, in executemany
    self._adapt_connection._handle_exception(error)
    ~~~~~~~~~~~~~~~~~~~~~~~~~~~~~~~~~~~~~~~~^^^^^^^
  File "/home/container/.local/lib/python3.13/site-packages/sqlalchemy/dialects/sqlite/aiosqlite.py", line 343, in _handle_exception
    raise error
  File "/home/container/.local/lib/python3.13/site-packages/sqlalchemy/dialects/sqlite/aiosqlite.py", line 192, in executemany
    self.await_(_cursor.executemany(operation, seq_of_parameters))
    ~~~~~~~~~~~^^^^^^^^^^^^^^^^^^^^^^^^^^^^^^^^^^^^^^^^^^^^^^^^^^^
  File "/home/container/.local/lib/python3.13/site-packages/sqlalchemy/util/_concurrency_py3k.py", line 132, in await_only
    return current.parent.switch(awaitable)  # type: ignore[no-any-return,attr-defined] # noqa: E501
           ~~~~~~~~~~~~~~~~~~~~~^^^^^^^^^^^
  File "/home/container/.local/lib/python3.13/site-packages/sqlalchemy/util/_concurrency_py3k.py", line 196, in greenlet_spawn
    value = await result
            ^^^^^^^^^^^^
  File "/home/container/.local/lib/python3.13/site-packages/aiosqlite/cursor.py", line 47, in executemany
    await self._execute(self._cursor.executemany, sql, parameters)
  File "/home/container/.local/lib/python3.13/site-packages/aiosqlite/cursor.py", line 32, in _execute
    return await self._conn._execute(fn, *args, **kwargs)
           ^^^^^^^^^^^^^^^^^^^^^^^^^^^^^^^^^^^^^^^^^^^^^^
  File "/home/container/.local/lib/python3.13/site-packages/aiosqlite/core.py", line 160, in _execute
    return await future
           ^^^^^^^^^^^^
  File "/home/container/.local/lib/python3.13/site-packages/aiosqlite/core.py", line 63, in _connection_worker_thread
    result = function()
sqlite3.IntegrityError: NOT NULL constraint failed: orders.product_id

The above exception was the direct cause of the following exception:

Traceback (most recent call last):
  File "/home/container/handlers/admin/products.py", line 183, in cb_delete_product_confirm
    await delete_product(session, product_id)
  File "/home/container/database/crud.py", line 192, in delete_product
    await session.commit()
  File "/home/container/.local/lib/python3.13/site-packages/sqlalchemy/ext/asyncio/session.py", line 999, in commit
    await greenlet_spawn(self.sync_session.commit)
  File "/home/container/.local/lib/python3.13/site-packages/sqlalchemy/util/_concurrency_py3k.py", line 203, in greenlet_spawn
    result = context.switch(value)
  File "/home/container/.local/lib/python3.13/site-packages/sqlalchemy/orm/session.py", line 2035, in commit
    trans.commit(_to_root=True)
    ~~~~~~~~~~~~^^^^^^^^^^^^^^^
  File "<string>", line 2, in commit
  File "/home/container/.local/lib/python3.13/site-packages/sqlalchemy/orm/state_changes.py", line 137, in _go
    ret_value = fn(self, *arg, **kw)
  File "/home/container/.local/lib/python3.13/site-packages/sqlalchemy/orm/session.py", line 1316, in commit
    self._prepare_impl()
    ~~~~~~~~~~~~~~~~~~^^
  File "<string>", line 2, in _prepare_impl
  File "/home/container/.local/lib/python3.13/site-packages/sqlalchemy/orm/state_changes.py", line 137, in _go
    ret_value = fn(self, *arg, **kw)
  File "/home/container/.local/lib/python3.13/site-packages/sqlalchemy/orm/session.py", line 1290, in _prepare_impl
    self.session.flush()
    ~~~~~~~~~~~~~~~~~~^^
  File "/home/container/.local/lib/python3.13/site-packages/sqlalchemy/orm/session.py", line 4353, in flush
    self._flush(objects)
    ~~~~~~~~~~~^^^^^^^^^
  File "/home/container/.local/lib/python3.13/site-packages/sqlalchemy/orm/session.py", line 4488, in _flush
    with util.safe_reraise():
         ~~~~~~~~~~~~~~~~~^^
  File "/home/container/.local/lib/python3.13/site-packages/sqlalchemy/util/langhelpers.py", line 122, in __exit__
    raise exc_value.with_traceback(exc_tb)
  File "/home/container/.local/lib/python3.13/site-packages/sqlalchemy/orm/session.py", line 4449, in _flush
    flush_context.execute()
    ~~~~~~~~~~~~~~~~~~~~~^^
  File "/home/container/.local/lib/python3.13/site-packages/sqlalchemy/orm/unitofwork.py", line 465, in execute
    rec.execute(self)
    ~~~~~~~~~~~^^^^^^
  File "/home/container/.local/lib/python3.13/site-packages/sqlalchemy/orm/unitofwork.py", line 641, in execute
    util.preloaded.orm_persistence.save_obj(
    ~~~~~~~~~~~~~~~~~~~~~~~~~~~~~~~~~~~~~~~^
        self.mapper,
        ^^^^^^^^^^^^
        uow.states_for_mapper_hierarchy(self.mapper, False, False),
        ^^^^^^^^^^^^^^^^^^^^^^^^^^^^^^^^^^^^^^^^^^^^^^^^^^^^^^^^^^^
        uow,
        ^^^^
    )
    ^
  File "/home/container/.local/lib/python3.13/site-packages/sqlalchemy/orm/persistence.py", line 86, in save_obj
    _emit_update_statements(
    ~~~~~~~~~~~~~~~~~~~~~~~^
        base_mapper,
        ^^^^^^^^^^^^
    ...<3 lines>...
        update,
        ^^^^^^^
    )
    ^
  File "/home/container/.local/lib/python3.13/site-packages/sqlalchemy/orm/persistence.py", line 913, in _emit_update_statements
    c = connection.execute(
        statement, multiparams, execution_options=execution_options
    )
  File "/home/container/.local/lib/python3.13/site-packages/sqlalchemy/engine/base.py", line 1421, in execute
    return meth(
        self,
        distilled_parameters,
        execution_options or NO_OPTIONS,
    )
  File "/home/container/.local/lib/python3.13/site-packages/sqlalchemy/sql/elements.py", line 526, in _execute_on_connection
    return connection._execute_clauseelement(
           ~~~~~~~~~~~~~~~~~~~~~~~~~~~~~~~~~^
        self, distilled_params, execution_options
        ^^^^^^^^^^^^^^^^^^^^^^^^^^^^^^^^^^^^^^^^^
    )
    ^
  File "/home/container/.local/lib/python3.13/site-packages/sqlalchemy/engine/base.py", line 1643, in _execute_clauseelement
    ret = self._execute_context(
        dialect,
    ...<8 lines>...
        cache_hit=cache_hit,
    )
  File "/home/container/.local/lib/python3.13/site-packages/sqlalchemy/engine/base.py", line 1848, in _execute_context
    return self._exec_single_context(
           ~~~~~~~~~~~~~~~~~~~~~~~~~^
        dialect, context, statement, parameters
        ^^^^^^^^^^^^^^^^^^^^^^^^^^^^^^^^^^^^^^^
    )
    ^
  File "/home/container/.local/lib/python3.13/site-packages/sqlalchemy/engine/base.py", line 1988, in _exec_single_context
    self._handle_dbapi_exception(
    ~~~~~~~~~~~~~~~~~~~~~~~~~~~~^
        e, str_statement, effective_parameters, cursor, context
        ^^^^^^^^^^^^^^^^^^^^^^^^^^^^^^^^^^^^^^^^^^^^^^^^^^^^^^^
    )
    ^
  File "/home/container/.local/lib/python3.13/site-packages/sqlalchemy/engine/base.py", line 2365, in _handle_dbapi_exception
    raise sqlalchemy_exception.with_traceback(exc_info[2]) from e
  File "/home/container/.local/lib/python3.13/site-packages/sqlalchemy/engine/base.py", line 1938, in _exec_single_context
    self.dialect.do_executemany(
    ~~~~~~~~~~~~~~~~~~~~~~~~~~~^
        cursor,
        ^^^^^^^
    ...<2 lines>...
        context,
        ^^^^^^^^
    )
    ^
  File "/home/container/.local/lib/python3.13/site-packages/sqlalchemy/engine/default.py", line 949, in do_executemany
    cursor.executemany(statement, parameters)
    ~~~~~~~~~~~~~~~~~~^^^^^^^^^^^^^^^^^^^^^^^
  File "/home/container/.local/lib/python3.13/site-packages/sqlalchemy/dialects/sqlite/aiosqlite.py", line 198, in executemany
    self._adapt_connection._handle_exception(error)
    ~~~~~~~~~~~~~~~~~~~~~~~~~~~~~~~~~~~~~~~~^^^^^^^
  File "/home/container/.local/lib/python3.13/site-packages/sqlalchemy/dialects/sqlite/aiosqlite.py", line 343, in _handle_exception
    raise error
  File "/home/container/.local/lib/python3.13/site-packages/sqlalchemy/dialects/sqlite/aiosqlite.py", line 192, in executemany
    self.await_(_cursor.executemany(operation, seq_of_parameters))
    ~~~~~~~~~~~^^^^^^^^^^^^^^^^^^^^^^^^^^^^^^^^^^^^^^^^^^^^^^^^^^^
  File "/home/container/.local/lib/python3.13/site-packages/sqlalchemy/util/_concurrency_py3k.py", line 132, in await_only
    return current.parent.switch(awaitable)  # type: ignore[no-any-return,attr-defined] # noqa: E501
           ~~~~~~~~~~~~~~~~~~~~~^^^^^^^^^^^
  File "/home/container/.local/lib/python3.13/site-packages/sqlalchemy/util/_concurrency_py3k.py", line 196, in greenlet_spawn
    value = await result
            ^^^^^^^^^^^^
  File "/home/container/.local/lib/python3.13/site-packages/aiosqlite/cursor.py", line 47, in executemany
    await self._execute(self._cursor.executemany, sql, parameters)
  File "/home/container/.local/lib/python3.13/site-packages/aiosqlite/cursor.py", line 32, in _execute
    return await self._conn._execute(fn, *args, **kwargs)
           ^^^^^^^^^^^^^^^^^^^^^^^^^^^^^^^^^^^^^^^^^^^^^^
  File "/home/container/.local/lib/python3.13/site-packages/aiosqlite/core.py", line 160, in _execute
    return await future
           ^^^^^^^^^^^^
  File "/home/container/.local/lib/python3.13/site-packages/aiosqlite/core.py", line 63, in _connection_worker_thread
    result = function()
sqlalchemy.exc.IntegrityError: (sqlite3.IntegrityError) NOT NULL constraint failed: orders.product_id
[SQL: UPDATE orders SET product_id=? WHERE orders.id = ?]
[parameters: [(None, 64), (None, 73), (None, 74), (None, 82), (None, 84), (None, 87)]]
(Background on this error at: https://sqlalche.me/e/20/gkpj)
2026-08-05 12:21:46,763 [INFO] aiogram.event: Update id=226640877 is handled. Duration 151 ms by bot id=8931940625
2026-08-05 12:21:48,168 [INFO] aiogram.event: Update id=226640878 is handled. Duration 295 ms by bot id=8931940625
2026-08-05 12:21:50,608 [INFO] aiogram.event: Update id=226640879 is handled. Duration 288 ms by bot id=8931940625
2026-08-05 12:21:51,952 [INFO] aiogram.event: Update id=226640880 is handled. Duration 281 ms by bot id=8931940625
2026-08-05 12:21:53,536 [INFO] aiogram.event: Update id=226640881 is handled. Duration 280 ms by bot id=8931940625
2026-08-05 12:21:54,924 [INFO] aiogram.event: Update id=226640882 is handled. Duration 280 ms by bot id=8931940625
2026-08-05 12:21:55,694 [ERROR] handlers.admin.products: cb_delete_product_confirm error: (sqlite3.IntegrityError) NOT NULL constraint failed: orders.product_id
[SQL: UPDATE orders SET product_id=? WHERE orders.id = ?]
[parameters: [(None, 57), (None, 59), (None, 60), (None, 80), (None, 83), (None, 86)]]
(Background on this error at: https://sqlalche.me/e/20/gkpj)
Traceback (most recent call last):
  File "/home/container/.local/lib/python3.13/site-packages/sqlalchemy/engine/base.py", line 1938, in _exec_single_context
    self.dialect.do_executemany(
    ~~~~~~~~~~~~~~~~~~~~~~~~~~~^
        cursor,
        ^^^^^^^
    ...<2 lines>...
        context,
        ^^^^^^^^
    )
    ^
  File "/home/container/.local/lib/python3.13/site-packages/sqlalchemy/engine/default.py", line 949, in do_executemany
    cursor.executemany(statement, parameters)
    ~~~~~~~~~~~~~~~~~~^^^^^^^^^^^^^^^^^^^^^^^
  File "/home/container/.local/lib/python3.13/site-packages/sqlalchemy/dialects/sqlite/aiosqlite.py", line 198, in executemany
    self._adapt_connection._handle_exception(error)
    ~~~~~~~~~~~~~~~~~~~~~~~~~~~~~~~~~~~~~~~~^^^^^^^
  File "/home/container/.local/lib/python3.13/site-packages/sqlalchemy/dialects/sqlite/aiosqlite.py", line 343, in _handle_exception
    raise error
  File "/home/container/.local/lib/python3.13/site-packages/sqlalchemy/dialects/sqlite/aiosqlite.py", line 192, in executemany
    self.await_(_cursor.executemany(operation, seq_of_parameters))
    ~~~~~~~~~~~^^^^^^^^^^^^^^^^^^^^^^^^^^^^^^^^^^^^^^^^^^^^^^^^^^^
  File "/home/container/.local/lib/python3.13/site-packages/sqlalchemy/util/_concurrency_py3k.py", line 132, in await_only
    return current.parent.switch(awaitable)  # type: ignore[no-any-return,attr-defined] # noqa: E501
           ~~~~~~~~~~~~~~~~~~~~~^^^^^^^^^^^
  File "/home/container/.local/lib/python3.13/site-packages/sqlalchemy/util/_concurrency_py3k.py", line 196, in greenlet_spawn
    value = await result
            ^^^^^^^^^^^^
  File "/home/container/.local/lib/python3.13/site-packages/aiosqlite/cursor.py", line 47, in executemany
    await self._execute(self._cursor.executemany, sql, parameters)
  File "/home/container/.local/lib/python3.13/site-packages/aiosqlite/cursor.py", line 32, in _execute
    return await self._conn._execute(fn, *args, **kwargs)
           ^^^^^^^^^^^^^^^^^^^^^^^^^^^^^^^^^^^^^^^^^^^^^^
  File "/home/container/.local/lib/python3.13/site-packages/aiosqlite/core.py", line 160, in _execute
    return await future
           ^^^^^^^^^^^^
  File "/home/container/.local/lib/python3.13/site-packages/aiosqlite/core.py", line 63, in _connection_worker_thread
    result = function()
sqlite3.IntegrityError: NOT NULL constraint failed: orders.product_id

The above exception was the direct cause of the following exception:

Traceback (most recent call last):
  File "/home/container/handlers/admin/products.py", line 183, in cb_delete_product_confirm
    await delete_product(session, product_id)
  File "/home/container/database/crud.py", line 192, in delete_product
    await session.commit()
  File "/home/container/.local/lib/python3.13/site-packages/sqlalchemy/ext/asyncio/session.py", line 999, in commit
    await greenlet_spawn(self.sync_session.commit)
  File "/home/container/.local/lib/python3.13/site-packages/sqlalchemy/util/_concurrency_py3k.py", line 203, in greenlet_spawn
    result = context.switch(value)
  File "/home/container/.local/lib/python3.13/site-packages/sqlalchemy/orm/session.py", line 2035, in commit
    trans.commit(_to_root=True)
    ~~~~~~~~~~~~^^^^^^^^^^^^^^^
  File "<string>", line 2, in commit
  File "/home/container/.local/lib/python3.13/site-packages/sqlalchemy/orm/state_changes.py", line 137, in _go
    ret_value = fn(self, *arg, **kw)
  File "/home/container/.local/lib/python3.13/site-packages/sqlalchemy/orm/session.py", line 1316, in commit
    self._prepare_impl()
    ~~~~~~~~~~~~~~~~~~^^
  File "<string>", line 2, in _prepare_impl
  File "/home/container/.local/lib/python3.13/site-packages/sqlalchemy/orm/state_changes.py", line 137, in _go
    ret_value = fn(self, *arg, **kw)
  File "/home/container/.local/lib/python3.13/site-packages/sqlalchemy/orm/session.py", line 1290, in _prepare_impl
    self.session.flush()
    ~~~~~~~~~~~~~~~~~~^^
  File "/home/container/.local/lib/python3.13/site-packages/sqlalchemy/orm/session.py", line 4353, in flush
    self._flush(objects)
    ~~~~~~~~~~~^^^^^^^^^
  File "/home/container/.local/lib/python3.13/site-packages/sqlalchemy/orm/session.py", line 4488, in _flush
    with util.safe_reraise():
         ~~~~~~~~~~~~~~~~~^^
  File "/home/container/.local/lib/python3.13/site-packages/sqlalchemy/util/langhelpers.py", line 122, in __exit__
    raise exc_value.with_traceback(exc_tb)
  File "/home/container/.local/lib/python3.13/site-packages/sqlalchemy/orm/session.py", line 4449, in _flush
    flush_context.execute()
    ~~~~~~~~~~~~~~~~~~~~~^^
  File "/home/container/.local/lib/python3.13/site-packages/sqlalchemy/orm/unitofwork.py", line 465, in execute
    rec.execute(self)
    ~~~~~~~~~~~^^^^^^
  File "/home/container/.local/lib/python3.13/site-packages/sqlalchemy/orm/unitofwork.py", line 641, in execute
    util.preloaded.orm_persistence.save_obj(
    ~~~~~~~~~~~~~~~~~~~~~~~~~~~~~~~~~~~~~~~^
        self.mapper,
        ^^^^^^^^^^^^
        uow.states_for_mapper_hierarchy(self.mapper, False, False),
        ^^^^^^^^^^^^^^^^^^^^^^^^^^^^^^^^^^^^^^^^^^^^^^^^^^^^^^^^^^^
        uow,
        ^^^^
    )
    ^
  File "/home/container/.local/lib/python3.13/site-packages/sqlalchemy/orm/persistence.py", line 86, in save_obj
    _emit_update_statements(
    ~~~~~~~~~~~~~~~~~~~~~~~^
        base_mapper,
        ^^^^^^^^^^^^
    ...<3 lines>...
        update,
        ^^^^^^^
    )
    ^
  File "/home/container/.local/lib/python3.13/site-packages/sqlalchemy/orm/persistence.py", line 913, in _emit_update_statements
    c = connection.execute(
        statement, multiparams, execution_options=execution_options
    )
  File "/home/container/.local/lib/python3.13/site-packages/sqlalchemy/engine/base.py", line 1421, in execute
    return meth(
        self,
        distilled_parameters,
        execution_options or NO_OPTIONS,
    )
  File "/home/container/.local/lib/python3.13/site-packages/sqlalchemy/sql/elements.py", line 526, in _execute_on_connection
    return connection._execute_clauseelement(
           ~~~~~~~~~~~~~~~~~~~~~~~~~~~~~~~~~^
        self, distilled_params, execution_options
        ^^^^^^^^^^^^^^^^^^^^^^^^^^^^^^^^^^^^^^^^^
    )
    ^
  File "/home/container/.local/lib/python3.13/site-packages/sqlalchemy/engine/base.py", line 1643, in _execute_clauseelement
    ret = self._execute_context(
        dialect,
    ...<8 lines>...
        cache_hit=cache_hit,
    )
  File "/home/container/.local/lib/python3.13/site-packages/sqlalchemy/engine/base.py", line 1848, in _execute_context
    return self._exec_single_context(
           ~~~~~~~~~~~~~~~~~~~~~~~~~^
        dialect, context, statement, parameters
        ^^^^^^^^^^^^^^^^^^^^^^^^^^^^^^^^^^^^^^^
    )
    ^
  File "/home/container/.local/lib/python3.13/site-packages/sqlalchemy/engine/base.py", line 1988, in _exec_single_context
    self._handle_dbapi_exception(
    ~~~~~~~~~~~~~~~~~~~~~~~~~~~~^
        e, str_statement, effective_parameters, cursor, context
        ^^^^^^^^^^^^^^^^^^^^^^^^^^^^^^^^^^^^^^^^^^^^^^^^^^^^^^^
    )
    ^
  File "/home/container/.local/lib/python3.13/site-packages/sqlalchemy/engine/base.py", line 2365, in _handle_dbapi_exception
    raise sqlalchemy_exception.with_traceback(exc_info[2]) from e
  File "/home/container/.local/lib/python3.13/site-packages/sqlalchemy/engine/base.py", line 1938, in _exec_single_context
    self.dialect.do_executemany(
    ~~~~~~~~~~~~~~~~~~~~~~~~~~~^
        cursor,
        ^^^^^^^
    ...<2 lines>...
        context,
        ^^^^^^^^
    )
    ^
  File "/home/container/.local/lib/python3.13/site-packages/sqlalchemy/engine/default.py", line 949, in do_executemany
    cursor.executemany(statement, parameters)
    ~~~~~~~~~~~~~~~~~~^^^^^^^^^^^^^^^^^^^^^^^
  File "/home/container/.local/lib/python3.13/site-packages/sqlalchemy/dialects/sqlite/aiosqlite.py", line 198, in executemany
    self._adapt_connection._handle_exception(error)
    ~~~~~~~~~~~~~~~~~~~~~~~~~~~~~~~~~~~~~~~~^^^^^^^
  File "/home/container/.local/lib/python3.13/site-packages/sqlalchemy/dialects/sqlite/aiosqlite.py", line 343, in _handle_exception
    raise error
  File "/home/container/.local/lib/python3.13/site-packages/sqlalchemy/dialects/sqlite/aiosqlite.py", line 192, in executemany
    self.await_(_cursor.executemany(operation, seq_of_parameters))
    ~~~~~~~~~~~^^^^^^^^^^^^^^^^^^^^^^^^^^^^^^^^^^^^^^^^^^^^^^^^^^^
  File "/home/container/.local/lib/python3.13/site-packages/sqlalchemy/util/_concurrency_py3k.py", line 132, in await_only
    return current.parent.switch(awaitable)  # type: ignore[no-any-return,attr-defined] # noqa: E501
           ~~~~~~~~~~~~~~~~~~~~~^^^^^^^^^^^
  File "/home/container/.local/lib/python3.13/site-packages/sqlalchemy/util/_concurrency_py3k.py", line 196, in greenlet_spawn
    value = await result
            ^^^^^^^^^^^^
  File "/home/container/.local/lib/python3.13/site-packages/aiosqlite/cursor.py", line 47, in executemany
    await self._execute(self._cursor.executemany, sql, parameters)
  File "/home/container/.local/lib/python3.13/site-packages/aiosqlite/cursor.py", line 32, in _execute
    return await self._conn._execute(fn, *args, **kwargs)
           ^^^^^^^^^^^^^^^^^^^^^^^^^^^^^^^^^^^^^^^^^^^^^^
  File "/home/container/.local/lib/python3.13/site-packages/aiosqlite/core.py", line 160, in _execute
    return await future
           ^^^^^^^^^^^^
  File "/home/container/.local/lib/python3.13/site-packages/aiosqlite/core.py", line 63, in _connection_worker_thread
    result = function()
sqlalchemy.exc.IntegrityError: (sqlite3.IntegrityError) NOT NULL constraint failed: orders.product_id
[SQL: UPDATE orders SET product_id=? WHERE orders.id = ?]
[parameters: [(None, 57), (None, 59), (None, 60), (None, 80), (None, 83), (None, 86)]]
(Background on this error at: https://sqlalche.me/e/20/gkpj)
2026-08-05 12:21:55,835 [INFO] aiogram.event: Update id=226640883 is handled. Duration 152 ms by bot id=8931940625
2026-08-05 12:21:58,246 [INFO] aiogram.event: Update id=226640884 is handled. Duration 306 ms by bot id=8931940625
2026-08-05 12:22:00,692 [INFO] aiogram.event: Update id=226640885 is handled. Duration 329 ms by bot id=8931940625
2026-08-05 12:22:04,449 [INFO] aiogram.event: Update id=226640886 is handled. Duration 277 ms by bot id=8931940625
2026-08-05 12:22:05,437 [ERROR] handlers.admin.products: cb_delete_product_confirm error: (sqlite3.IntegrityError) NOT NULL constraint failed: orders.product_id
[SQL: UPDATE orders SET product_id=? WHERE orders.id = ?]
[parameters: [(None, 57), (None, 59), (None, 60), (None, 80), (None, 83), (None, 86)]]
(Background on this error at: https://sqlalche.me/e/20/gkpj)
Traceback (most recent call last):
  File "/home/container/.local/lib/python3.13/site-packages/sqlalchemy/engine/base.py", line 1938, in _exec_single_context
    self.dialect.do_executemany(
    ~~~~~~~~~~~~~~~~~~~~~~~~~~~^
        cursor,
        ^^^^^^^
    ...<2 lines>...
        context,
        ^^^^^^^^
    )
    ^
  File "/home/container/.local/lib/python3.13/site-packages/sqlalchemy/engine/default.py", line 949, in do_executemany
    cursor.executemany(statement, parameters)
    ~~~~~~~~~~~~~~~~~~^^^^^^^^^^^^^^^^^^^^^^^
  File "/home/container/.local/lib/python3.13/site-packages/sqlalchemy/dialects/sqlite/aiosqlite.py", line 198, in executemany
    self._adapt_connection._handle_exception(error)
    ~~~~~~~~~~~~~~~~~~~~~~~~~~~~~~~~~~~~~~~~^^^^^^^
  File "/home/container/.local/lib/python3.13/site-packages/sqlalchemy/dialects/sqlite/aiosqlite.py", line 343, in _handle_exception
    raise error
  File "/home/container/.local/lib/python3.13/site-packages/sqlalchemy/dialects/sqlite/aiosqlite.py", line 192, in executemany
    self.await_(_cursor.executemany(operation, seq_of_parameters))
    ~~~~~~~~~~~^^^^^^^^^^^^^^^^^^^^^^^^^^^^^^^^^^^^^^^^^^^^^^^^^^^
  File "/home/container/.local/lib/python3.13/site-packages/sqlalchemy/util/_concurrency_py3k.py", line 132, in await_only
    return current.parent.switch(awaitable)  # type: ignore[no-any-return,attr-defined] # noqa: E501
           ~~~~~~~~~~~~~~~~~~~~~^^^^^^^^^^^
  File "/home/container/.local/lib/python3.13/site-packages/sqlalchemy/util/_concurrency_py3k.py", line 196, in greenlet_spawn
    value = await result
            ^^^^^^^^^^^^
  File "/home/container/.local/lib/python3.13/site-packages/aiosqlite/cursor.py", line 47, in executemany
    await self._execute(self._cursor.executemany, sql, parameters)
  File "/home/container/.local/lib/python3.13/site-packages/aiosqlite/cursor.py", line 32, in _execute
    return await self._conn._execute(fn, *args, **kwargs)
           ^^^^^^^^^^^^^^^^^^^^^^^^^^^^^^^^^^^^^^^^^^^^^^
  File "/home/container/.local/lib/python3.13/site-packages/aiosqlite/core.py", line 160, in _execute
    return await future
           ^^^^^^^^^^^^
  File "/home/container/.local/lib/python3.13/site-packages/aiosqlite/core.py", line 63, in _connection_worker_thread
    result = function()
sqlite3.IntegrityError: NOT NULL constraint failed: orders.product_id

The above exception was the direct cause of the following exception:

Traceback (most recent call last):
  File "/home/container/handlers/admin/products.py", line 183, in cb_delete_product_confirm
    await delete_product(session, product_id)
  File "/home/container/database/crud.py", line 192, in delete_product
    await session.commit()
  File "/home/container/.local/lib/python3.13/site-packages/sqlalchemy/ext/asyncio/session.py", line 999, in commit
    await greenlet_spawn(self.sync_session.commit)
  File "/home/container/.local/lib/python3.13/site-packages/sqlalchemy/util/_concurrency_py3k.py", line 203, in greenlet_spawn
    result = context.switch(value)
  File "/home/container/.local/lib/python3.13/site-packages/sqlalchemy/orm/session.py", line 2035, in commit
    trans.commit(_to_root=True)
    ~~~~~~~~~~~~^^^^^^^^^^^^^^^
  File "<string>", line 2, in commit
  File "/home/container/.local/lib/python3.13/site-packages/sqlalchemy/orm/state_changes.py", line 137, in _go
    ret_value = fn(self, *arg, **kw)
  File "/home/container/.local/lib/python3.13/site-packages/sqlalchemy/orm/session.py", line 1316, in commit
    self._prepare_impl()
    ~~~~~~~~~~~~~~~~~~^^
  File "<string>", line 2, in _prepare_impl
  File "/home/container/.local/lib/python3.13/site-packages/sqlalchemy/orm/state_changes.py", line 137, in _go
    ret_value = fn(self, *arg, **kw)
  File "/home/container/.local/lib/python3.13/site-packages/sqlalchemy/orm/session.py", line 1290, in _prepare_impl
    self.session.flush()
    ~~~~~~~~~~~~~~~~~~^^
  File "/home/container/.local/lib/python3.13/site-packages/sqlalchemy/orm/session.py", line 4353, in flush
    self._flush(objects)
    ~~~~~~~~~~~^^^^^^^^^
  File "/home/container/.local/lib/python3.13/site-packages/sqlalchemy/orm/session.py", line 4488, in _flush
    with util.safe_reraise():
         ~~~~~~~~~~~~~~~~~^^
  File "/home/container/.local/lib/python3.13/site-packages/sqlalchemy/util/langhelpers.py", line 122, in __exit__
    raise exc_value.with_traceback(exc_tb)
  File "/home/container/.local/lib/python3.13/site-packages/sqlalchemy/orm/session.py", line 4449, in _flush
    flush_context.execute()
    ~~~~~~~~~~~~~~~~~~~~~^^
  File "/home/container/.local/lib/python3.13/site-packages/sqlalchemy/orm/unitofwork.py", line 465, in execute
    rec.execute(self)
    ~~~~~~~~~~~^^^^^^
  File "/home/container/.local/lib/python3.13/site-packages/sqlalchemy/orm/unitofwork.py", line 641, in execute
    util.preloaded.orm_persistence.save_obj(
    ~~~~~~~~~~~~~~~~~~~~~~~~~~~~~~~~~~~~~~~^
        self.mapper,
        ^^^^^^^^^^^^
        uow.states_for_mapper_hierarchy(self.mapper, False, False),
        ^^^^^^^^^^^^^^^^^^^^^^^^^^^^^^^^^^^^^^^^^^^^^^^^^^^^^^^^^^^
        uow,
        ^^^^
    )
    ^
  File "/home/container/.local/lib/python3.13/site-packages/sqlalchemy/orm/persistence.py", line 86, in save_obj
    _emit_update_statements(
    ~~~~~~~~~~~~~~~~~~~~~~~^
        base_mapper,
        ^^^^^^^^^^^^
    ...<3 lines>...
        update,
        ^^^^^^^
    )
    ^
  File "/home/container/.local/lib/python3.13/site-packages/sqlalchemy/orm/persistence.py", line 913, in _emit_update_statements
    c = connection.execute(
        statement, multiparams, execution_options=execution_options
    )
  File "/home/container/.local/lib/python3.13/site-packages/sqlalchemy/engine/base.py", line 1421, in execute
    return meth(
        self,
        distilled_parameters,
        execution_options or NO_OPTIONS,
    )
  File "/home/container/.local/lib/python3.13/site-packages/sqlalchemy/sql/elements.py", line 526, in _execute_on_connection
    return connection._execute_clauseelement(
           ~~~~~~~~~~~~~~~~~~~~~~~~~~~~~~~~~^
        self, distilled_params, execution_options
        ^^^^^^^^^^^^^^^^^^^^^^^^^^^^^^^^^^^^^^^^^
    )
    ^
  File "/home/container/.local/lib/python3.13/site-packages/sqlalchemy/engine/base.py", line 1643, in _execute_clauseelement
    ret = self._execute_context(
        dialect,
    ...<8 lines>...
        cache_hit=cache_hit,
    )
  File "/home/container/.local/lib/python3.13/site-packages/sqlalchemy/engine/base.py", line 1848, in _execute_context
    return self._exec_single_context(
           ~~~~~~~~~~~~~~~~~~~~~~~~~^
        dialect, context, statement, parameters
        ^^^^^^^^^^^^^^^^^^^^^^^^^^^^^^^^^^^^^^^
    )
    ^
  File "/home/container/.local/lib/python3.13/site-packages/sqlalchemy/engine/base.py", line 1988, in _exec_single_context
    self._handle_dbapi_exception(
    ~~~~~~~~~~~~~~~~~~~~~~~~~~~~^
        e, str_statement, effective_parameters, cursor, context
        ^^^^^^^^^^^^^^^^^^^^^^^^^^^^^^^^^^^^^^^^^^^^^^^^^^^^^^^
    )
    ^
  File "/home/container/.local/lib/python3.13/site-packages/sqlalchemy/engine/base.py", line 2365, in _handle_dbapi_exception
    raise sqlalchemy_exception.with_traceback(exc_info[2]) from e
  File "/home/container/.local/lib/python3.13/site-packages/sqlalchemy/engine/base.py", line 1938, in _exec_single_context
    self.dialect.do_executemany(
    ~~~~~~~~~~~~~~~~~~~~~~~~~~~^
        cursor,
        ^^^^^^^
    ...<2 lines>...
        context,
        ^^^^^^^^
    )
    ^
  File "/home/container/.local/lib/python3.13/site-packages/sqlalchemy/engine/default.py", line 949, in do_executemany
    cursor.executemany(statement, parameters)
    ~~~~~~~~~~~~~~~~~~^^^^^^^^^^^^^^^^^^^^^^^
  File "/home/container/.local/lib/python3.13/site-packages/sqlalchemy/dialects/sqlite/aiosqlite.py", line 198, in executemany
    self._adapt_connection._handle_exception(error)
    ~~~~~~~~~~~~~~~~~~~~~~~~~~~~~~~~~~~~~~~~^^^^^^^
  File "/home/container/.local/lib/python3.13/site-packages/sqlalchemy/dialects/sqlite/aiosqlite.py", line 343, in _handle_exception
    raise error
  File "/home/container/.local/lib/python3.13/site-packages/sqlalchemy/dialects/sqlite/aiosqlite.py", line 192, in executemany
    self.await_(_cursor.executemany(operation, seq_of_parameters))
    ~~~~~~~~~~~^^^^^^^^^^^^^^^^^^^^^^^^^^^^^^^^^^^^^^^^^^^^^^^^^^^
  File "/home/container/.local/lib/python3.13/site-packages/sqlalchemy/util/_concurrency_py3k.py", line 132, in await_only
    return current.parent.switch(awaitable)  # type: ignore[no-any-return,attr-defined] # noqa: E501
           ~~~~~~~~~~~~~~~~~~~~~^^^^^^^^^^^
  File "/home/container/.local/lib/python3.13/site-packages/sqlalchemy/util/_concurrency_py3k.py", line 196, in greenlet_spawn
    value = await result
            ^^^^^^^^^^^^
  File "/home/container/.local/lib/python3.13/site-packages/aiosqlite/cursor.py", line 47, in executemany
    await self._execute(self._cursor.executemany, sql, parameters)
  File "/home/container/.local/lib/python3.13/site-packages/aiosqlite/cursor.py", line 32, in _execute
    return await self._conn._execute(fn, *args, **kwargs)
           ^^^^^^^^^^^^^^^^^^^^^^^^^^^^^^^^^^^^^^^^^^^^^^
  File "/home/container/.local/lib/python3.13/site-packages/aiosqlite/core.py", line 160, in _execute
    return await future
           ^^^^^^^^^^^^
  File "/home/container/.local/lib/python3.13/site-packages/aiosqlite/core.py", line 63, in _connection_worker_thread
    result = function()
sqlalchemy.exc.IntegrityError: (sqlite3.IntegrityError) NOT NULL constraint failed: orders.product_id
[SQL: UPDATE orders SET product_id=? WHERE orders.id = ?]
[parameters: [(None, 57), (None, 59), (None, 60), (None, 80), (None, 83), (None, 86)]]
(Background on this error at: https://sqlalche.me/e/20/gkpj)
2026-08-05 12:22:05,572 [INFO] aiogram.event: Update id=226640887 is handled. Duration 141 ms by bot id=8931940625
2026-08-05 12:22:07,638 [INFO] aiogram.event: Update id=226640888 is handled. Duration 295 ms by bot id=8931940625
2026-08-05 12:22:09,046 [INFO] aiogram.event: Update id=226640889 is handled. Duration 281 ms by bot id=8931940625
2026-08-05 12:22:12,508 [INFO] aiogram.event: Update id=226640890 is handled. Duration 372 ms by bot id=8931940625
2026-08-05 12:22:13,969 [INFO] aiogram.event: Update id=226640891 is handled. Duration 388 ms by bot id=8931940625
2026-08-05 12:22:14,902 [ERROR] handlers.admin.products: cb_delete_product_confirm error: (sqlite3.IntegrityError) NOT NULL constraint failed: orders.product_id
[SQL: UPDATE orders SET product_id=? WHERE orders.id = ?]
[parameters: [(None, 64), (None, 73), (None, 74), (None, 82), (None, 84), (None, 87)]]
(Background on this error at: https://sqlalche.me/e/20/gkpj)
Traceback (most recent call last):
  File "/home/container/.local/lib/python3.13/site-packages/sqlalchemy/engine/base.py", line 1938, in _exec_single_context
    self.dialect.do_executemany(
    ~~~~~~~~~~~~~~~~~~~~~~~~~~~^
        cursor,
        ^^^^^^^
    ...<2 lines>...
        context,
        ^^^^^^^^
    )
    ^
  File "/home/container/.local/lib/python3.13/site-packages/sqlalchemy/engine/default.py", line 949, in do_executemany
    cursor.executemany(statement, parameters)
    ~~~~~~~~~~~~~~~~~~^^^^^^^^^^^^^^^^^^^^^^^
  File "/home/container/.local/lib/python3.13/site-packages/sqlalchemy/dialects/sqlite/aiosqlite.py", line 198, in executemany
    self._adapt_connection._handle_exception(error)
    ~~~~~~~~~~~~~~~~~~~~~~~~~~~~~~~~~~~~~~~~^^^^^^^
  File "/home/container/.local/lib/python3.13/site-packages/sqlalchemy/dialects/sqlite/aiosqlite.py", line 343, in _handle_exception
    raise error
  File "/home/container/.local/lib/python3.13/site-packages/sqlalchemy/dialects/sqlite/aiosqlite.py", line 192, in executemany
    self.await_(_cursor.executemany(operation, seq_of_parameters))
    ~~~~~~~~~~~^^^^^^^^^^^^^^^^^^^^^^^^^^^^^^^^^^^^^^^^^^^^^^^^^^^
  File "/home/container/.local/lib/python3.13/site-packages/sqlalchemy/util/_concurrency_py3k.py", line 132, in await_only
    return current.parent.switch(awaitable)  # type: ignore[no-any-return,attr-defined] # noqa: E501
           ~~~~~~~~~~~~~~~~~~~~~^^^^^^^^^^^
  File "/home/container/.local/lib/python3.13/site-packages/sqlalchemy/util/_concurrency_py3k.py", line 196, in greenlet_spawn
    value = await result
            ^^^^^^^^^^^^
  File "/home/container/.local/lib/python3.13/site-packages/aiosqlite/cursor.py", line 47, in executemany
    await self._execute(self._cursor.executemany, sql, parameters)
  File "/home/container/.local/lib/python3.13/site-packages/aiosqlite/cursor.py", line 32, in _execute
    return await self._conn._execute(fn, *args, **kwargs)
           ^^^^^^^^^^^^^^^^^^^^^^^^^^^^^^^^^^^^^^^^^^^^^^
  File "/home/container/.local/lib/python3.13/site-packages/aiosqlite/core.py", line 160, in _execute
    return await future
           ^^^^^^^^^^^^
  File "/home/container/.local/lib/python3.13/site-packages/aiosqlite/core.py", line 63, in _connection_worker_thread
    result = function()
sqlite3.IntegrityError: NOT NULL constraint failed: orders.product_id

The above exception was the direct cause of the following exception:

Traceback (most recent call last):
  File "/home/container/handlers/admin/products.py", line 183, in cb_delete_product_confirm
    await delete_product(session, product_id)
  File "/home/container/database/crud.py", line 192, in delete_product
    await session.commit()
  File "/home/container/.local/lib/python3.13/site-packages/sqlalchemy/ext/asyncio/session.py", line 999, in commit
    await greenlet_spawn(self.sync_session.commit)
  File "/home/container/.local/lib/python3.13/site-packages/sqlalchemy/util/_concurrency_py3k.py", line 203, in greenlet_spawn
    result = context.switch(value)
  File "/home/container/.local/lib/python3.13/site-packages/sqlalchemy/orm/session.py", line 2035, in commit
    trans.commit(_to_root=True)
    ~~~~~~~~~~~~^^^^^^^^^^^^^^^
  File "<string>", line 2, in commit
  File "/home/container/.local/lib/python3.13/site-packages/sqlalchemy/orm/state_changes.py", line 137, in _go
    ret_value = fn(self, *arg, **kw)
  File "/home/container/.local/lib/python3.13/site-packages/sqlalchemy/orm/session.py", line 1316, in commit
    self._prepare_impl()
    ~~~~~~~~~~~~~~~~~~^^
  File "<string>", line 2, in _prepare_impl
  File "/home/container/.local/lib/python3.13/site-packages/sqlalchemy/orm/state_changes.py", line 137, in _go
    ret_value = fn(self, *arg, **kw)
  File "/home/container/.local/lib/python3.13/site-packages/sqlalchemy/orm/session.py", line 1290, in _prepare_impl
    self.session.flush()
    ~~~~~~~~~~~~~~~~~~^^
  File "/home/container/.local/lib/python3.13/site-packages/sqlalchemy/orm/session.py", line 4353, in flush
    self._flush(objects)
    ~~~~~~~~~~~^^^^^^^^^
  File "/home/container/.local/lib/python3.13/site-packages/sqlalchemy/orm/session.py", line 4488, in _flush
    with util.safe_reraise():
         ~~~~~~~~~~~~~~~~~^^
  File "/home/container/.local/lib/python3.13/site-packages/sqlalchemy/util/langhelpers.py", line 122, in __exit__
    raise exc_value.with_traceback(exc_tb)
  File "/home/container/.local/lib/python3.13/site-packages/sqlalchemy/orm/session.py", line 4449, in _flush
    flush_context.execute()
    ~~~~~~~~~~~~~~~~~~~~~^^
  File "/home/container/.local/lib/python3.13/site-packages/sqlalchemy/orm/unitofwork.py", line 465, in execute
    rec.execute(self)
    ~~~~~~~~~~~^^^^^^
  File "/home/container/.local/lib/python3.13/site-packages/sqlalchemy/orm/unitofwork.py", line 641, in execute
    util.preloaded.orm_persistence.save_obj(
    ~~~~~~~~~~~~~~~~~~~~~~~~~~~~~~~~~~~~~~~^
        self.mapper,
        ^^^^^^^^^^^^
        uow.states_for_mapper_hierarchy(self.mapper, False, False),
        ^^^^^^^^^^^^^^^^^^^^^^^^^^^^^^^^^^^^^^^^^^^^^^^^^^^^^^^^^^^
        uow,
        ^^^^
    )
    ^
  File "/home/container/.local/lib/python3.13/site-packages/sqlalchemy/orm/persistence.py", line 86, in save_obj
    _emit_update_statements(
    ~~~~~~~~~~~~~~~~~~~~~~~^
        base_mapper,
        ^^^^^^^^^^^^
    ...<3 lines>...
        update,
        ^^^^^^^
    )
    ^
  File "/home/container/.local/lib/python3.13/site-packages/sqlalchemy/orm/persistence.py", line 913, in _emit_update_statements
    c = connection.execute(
        statement, multiparams, execution_options=execution_options
    )
  File "/home/container/.local/lib/python3.13/site-packages/sqlalchemy/engine/base.py", line 1421, in execute
    return meth(
        self,
        distilled_parameters,
        execution_options or NO_OPTIONS,
    )
  File "/home/container/.local/lib/python3.13/site-packages/sqlalchemy/sql/elements.py", line 526, in _execute_on_connection
    return connection._execute_clauseelement(
           ~~~~~~~~~~~~~~~~~~~~~~~~~~~~~~~~~^
        self, distilled_params, execution_options
        ^^^^^^^^^^^^^^^^^^^^^^^^^^^^^^^^^^^^^^^^^
    )
    ^
  File "/home/container/.local/lib/python3.13/site-packages/sqlalchemy/engine/base.py", line 1643, in _execute_clauseelement
    ret = self._execute_context(
        dialect,
    ...<8 lines>...
        cache_hit=cache_hit,
    )
  File "/home/container/.local/lib/python3.13/site-packages/sqlalchemy/engine/base.py", line 1848, in _execute_context
    return self._exec_single_context(
           ~~~~~~~~~~~~~~~~~~~~~~~~~^
        dialect, context, statement, parameters
        ^^^^^^^^^^^^^^^^^^^^^^^^^^^^^^^^^^^^^^^
    )
    ^
  File "/home/container/.local/lib/python3.13/site-packages/sqlalchemy/engine/base.py", line 1988, in _exec_single_context
    self._handle_dbapi_exception(
    ~~~~~~~~~~~~~~~~~~~~~~~~~~~~^
        e, str_statement, effective_parameters, cursor, context
        ^^^^^^^^^^^^^^^^^^^^^^^^^^^^^^^^^^^^^^^^^^^^^^^^^^^^^^^
    )
    ^
  File "/home/container/.local/lib/python3.13/site-packages/sqlalchemy/engine/base.py", line 2365, in _handle_dbapi_exception
    raise sqlalchemy_exception.with_traceback(exc_info[2]) from e
  File "/home/container/.local/lib/python3.13/site-packages/sqlalchemy/engine/base.py", line 1938, in _exec_single_context
    self.dialect.do_executemany(
    ~~~~~~~~~~~~~~~~~~~~~~~~~~~^
        cursor,
        ^^^^^^^
    ...<2 lines>...
        context,
        ^^^^^^^^
    )
    ^
  File "/home/container/.local/lib/python3.13/site-packages/sqlalchemy/engine/default.py", line 949, in do_executemany
    cursor.executemany(statement, parameters)
    ~~~~~~~~~~~~~~~~~~^^^^^^^^^^^^^^^^^^^^^^^
  File "/home/container/.local/lib/python3.13/site-packages/sqlalchemy/dialects/sqlite/aiosqlite.py", line 198, in executemany
    self._adapt_connection._handle_exception(error)
    ~~~~~~~~~~~~~~~~~~~~~~~~~~~~~~~~~~~~~~~~^^^^^^^
  File "/home/container/.local/lib/python3.13/site-packages/sqlalchemy/dialects/sqlite/aiosqlite.py", line 343, in _handle_exception
    raise error
  File "/home/container/.local/lib/python3.13/site-packages/sqlalchemy/dialects/sqlite/aiosqlite.py", line 192, in executemany
    self.await_(_cursor.executemany(operation, seq_of_parameters))
    ~~~~~~~~~~~^^^^^^^^^^^^^^^^^^^^^^^^^^^^^^^^^^^^^^^^^^^^^^^^^^^
  File "/home/container/.local/lib/python3.13/site-packages/sqlalchemy/util/_concurrency_py3k.py", line 132, in await_only
    return current.parent.switch(awaitable)  # type: ignore[no-any-return,attr-defined] # noqa: E501
           ~~~~~~~~~~~~~~~~~~~~~^^^^^^^^^^^
  File "/home/container/.local/lib/python3.13/site-packages/sqlalchemy/util/_concurrency_py3k.py", line 196, in greenlet_spawn
    value = await result
            ^^^^^^^^^^^^
  File "/home/container/.local/lib/python3.13/site-packages/aiosqlite/cursor.py", line 47, in executemany
    await self._execute(self._cursor.executemany, sql, parameters)
  File "/home/container/.local/lib/python3.13/site-packages/aiosqlite/cursor.py", line 32, in _execute
    return await self._conn._execute(fn, *args, **kwargs)
           ^^^^^^^^^^^^^^^^^^^^^^^^^^^^^^^^^^^^^^^^^^^^^^
  File "/home/container/.local/lib/python3.13/site-packages/aiosqlite/core.py", line 160, in _execute
    return await future
           ^^^^^^^^^^^^
  File "/home/container/.local/lib/python3.13/site-packages/aiosqlite/core.py", line 63, in _connection_worker_thread
    result = function()
sqlalchemy.exc.IntegrityError: (sqlite3.IntegrityError) NOT NULL constraint failed: orders.product_id
[SQL: UPDATE orders SET product_id=? WHERE orders.id = ?]
[parameters: [(None, 64), (None, 73), (None, 74), (None, 82), (None, 84), (None, 87)]]
(Background on this error at: https://sqlalche.me/e/20/gkpj)
2026-08-05 12:22:15,069 [INFO] aiogram.event: Update id=226640892 is handled. Duration 178 ms by bot id=8931940625
2026-08-05 12:22:16,642 [INFO] aiogram.event: Update id=226640893 is handled. Duration 288 ms by bot id=8931940625
2026-08-05 12:22:23,403 [INFO] aiogram.event: Update id=226640894 is handled. Duration 293 ms by bot id=8931940625
2026-08-05 12:22:26,304 [INFO] aiogram.event: Update id=226640895 is handled. Duration 284 ms by bot id=8931940625
2026-08-05 12:22:27,904 [ERROR] handlers.admin.products: cb_delete_product_confirm error: (sqlite3.IntegrityError) NOT NULL constraint failed: orders.product_id
[SQL: UPDATE orders SET product_id=? WHERE orders.id = ?]
[parameters: [(None, 64), (None, 73), (None, 74), (None, 82), (None, 84), (None, 87)]]
(Background on this error at: https://sqlalche.me/e/20/gkpj)
Traceback (most recent call last):
  File "/home/container/.local/lib/python3.13/site-packages/sqlalchemy/engine/base.py", line 1938, in _exec_single_context
    self.dialect.do_executemany(
    ~~~~~~~~~~~~~~~~~~~~~~~~~~~^
        cursor,
        ^^^^^^^
    ...<2 lines>...
        context,
        ^^^^^^^^
    )
    ^
  File "/home/container/.local/lib/python3.13/site-packages/sqlalchemy/engine/default.py", line 949, in do_executemany
    cursor.executemany(statement, parameters)
    ~~~~~~~~~~~~~~~~~~^^^^^^^^^^^^^^^^^^^^^^^
  File "/home/container/.local/lib/python3.13/site-packages/sqlalchemy/dialects/sqlite/aiosqlite.py", line 198, in executemany
    self._adapt_connection._handle_exception(error)
    ~~~~~~~~~~~~~~~~~~~~~~~~~~~~~~~~~~~~~~~~^^^^^^^
  File "/home/container/.local/lib/python3.13/site-packages/sqlalchemy/dialects/sqlite/aiosqlite.py", line 343, in _handle_exception
    raise error
  File "/home/container/.local/lib/python3.13/site-packages/sqlalchemy/dialects/sqlite/aiosqlite.py", line 192, in executemany
    self.await_(_cursor.executemany(operation, seq_of_parameters))
    ~~~~~~~~~~~^^^^^^^^^^^^^^^^^^^^^^^^^^^^^^^^^^^^^^^^^^^^^^^^^^^
  File "/home/container/.local/lib/python3.13/site-packages/sqlalchemy/util/_concurrency_py3k.py", line 132, in await_only
    return current.parent.switch(awaitable)  # type: ignore[no-any-return,attr-defined] # noqa: E501
           ~~~~~~~~~~~~~~~~~~~~~^^^^^^^^^^^
  File "/home/container/.local/lib/python3.13/site-packages/sqlalchemy/util/_concurrency_py3k.py", line 196, in greenlet_spawn
    value = await result
            ^^^^^^^^^^^^
  File "/home/container/.local/lib/python3.13/site-packages/aiosqlite/cursor.py", line 47, in executemany
    await self._execute(self._cursor.executemany, sql, parameters)
  File "/home/container/.local/lib/python3.13/site-packages/aiosqlite/cursor.py", line 32, in _execute
    return await self._conn._execute(fn, *args, **kwargs)
           ^^^^^^^^^^^^^^^^^^^^^^^^^^^^^^^^^^^^^^^^^^^^^^
  File "/home/container/.local/lib/python3.13/site-packages/aiosqlite/core.py", line 160, in _execute
    return await future
           ^^^^^^^^^^^^
  File "/home/container/.local/lib/python3.13/site-packages/aiosqlite/core.py", line 63, in _connection_worker_thread
    result = function()
sqlite3.IntegrityError: NOT NULL constraint failed: orders.product_id

The above exception was the direct cause of the following exception:

Traceback (most recent call last):
  File "/home/container/handlers/admin/products.py", line 183, in cb_delete_product_confirm
    await delete_product(session, product_id)
  File "/home/container/database/crud.py", line 192, in delete_product
    await session.commit()
  File "/home/container/.local/lib/python3.13/site-packages/sqlalchemy/ext/asyncio/session.py", line 999, in commit
    await greenlet_spawn(self.sync_session.commit)
  File "/home/container/.local/lib/python3.13/site-packages/sqlalchemy/util/_concurrency_py3k.py", line 203, in greenlet_spawn
    result = context.switch(value)
  File "/home/container/.local/lib/python3.13/site-packages/sqlalchemy/orm/session.py", line 2035, in commit
    trans.commit(_to_root=True)
    ~~~~~~~~~~~~^^^^^^^^^^^^^^^
  File "<string>", line 2, in commit
  File "/home/container/.local/lib/python3.13/site-packages/sqlalchemy/orm/state_changes.py", line 137, in _go
    ret_value = fn(self, *arg, **kw)
  File "/home/container/.local/lib/python3.13/site-packages/sqlalchemy/orm/session.py", line 1316, in commit
    self._prepare_impl()
    ~~~~~~~~~~~~~~~~~~^^
  File "<string>", line 2, in _prepare_impl
  File "/home/container/.local/lib/python3.13/site-packages/sqlalchemy/orm/state_changes.py", line 137, in _go
    ret_value = fn(self, *arg, **kw)
  File "/home/container/.local/lib/python3.13/site-packages/sqlalchemy/orm/session.py", line 1290, in _prepare_impl
    self.session.flush()
    ~~~~~~~~~~~~~~~~~~^^
  File "/home/container/.local/lib/python3.13/site-packages/sqlalchemy/orm/session.py", line 4353, in flush
    self._flush(objects)
    ~~~~~~~~~~~^^^^^^^^^
  File "/home/container/.local/lib/python3.13/site-packages/sqlalchemy/orm/session.py", line 4488, in _flush
    with util.safe_reraise():
         ~~~~~~~~~~~~~~~~~^^
  File "/home/container/.local/lib/python3.13/site-packages/sqlalchemy/util/langhelpers.py", line 122, in __exit__
    raise exc_value.with_traceback(exc_tb)
  File "/home/container/.local/lib/python3.13/site-packages/sqlalchemy/orm/session.py", line 4449, in _flush
    flush_context.execute()
    ~~~~~~~~~~~~~~~~~~~~~^^
  File "/home/container/.local/lib/python3.13/site-packages/sqlalchemy/orm/unitofwork.py", line 465, in execute
    rec.execute(self)
    ~~~~~~~~~~~^^^^^^
  File "/home/container/.local/lib/python3.13/site-packages/sqlalchemy/orm/unitofwork.py", line 641, in execute
    util.preloaded.orm_persistence.save_obj(
    ~~~~~~~~~~~~~~~~~~~~~~~~~~~~~~~~~~~~~~~^
        self.mapper,
        ^^^^^^^^^^^^
        uow.states_for_mapper_hierarchy(self.mapper, False, False),
        ^^^^^^^^^^^^^^^^^^^^^^^^^^^^^^^^^^^^^^^^^^^^^^^^^^^^^^^^^^^
        uow,
        ^^^^
    )
    ^
  File "/home/container/.local/lib/python3.13/site-packages/sqlalchemy/orm/persistence.py", line 86, in save_obj
    _emit_update_statements(
    ~~~~~~~~~~~~~~~~~~~~~~~^
        base_mapper,
        ^^^^^^^^^^^^
    ...<3 lines>...
        update,
        ^^^^^^^
    )
    ^
  File "/home/container/.local/lib/python3.13/site-packages/sqlalchemy/orm/persistence.py", line 913, in _emit_update_statements
    c = connection.execute(
        statement, multiparams, execution_options=execution_options
    )
  File "/home/container/.local/lib/python3.13/site-packages/sqlalchemy/engine/base.py", line 1421, in execute
    return meth(
        self,
        distilled_parameters,
        execution_options or NO_OPTIONS,
    )
  File "/home/container/.local/lib/python3.13/site-packages/sqlalchemy/sql/elements.py", line 526, in _execute_on_connection
    return connection._execute_clauseelement(
           ~~~~~~~~~~~~~~~~~~~~~~~~~~~~~~~~~^
        self, distilled_params, execution_options
        ^^^^^^^^^^^^^^^^^^^^^^^^^^^^^^^^^^^^^^^^^
    )
    ^
  File "/home/container/.local/lib/python3.13/site-packages/sqlalchemy/engine/base.py", line 1643, in _execute_clauseelement
    ret = self._execute_context(
        dialect,
    ...<8 lines>...
        cache_hit=cache_hit,
    )
  File "/home/container/.local/lib/python3.13/site-packages/sqlalchemy/engine/base.py", line 1848, in _execute_context
    return self._exec_single_context(
           ~~~~~~~~~~~~~~~~~~~~~~~~~^
        dialect, context, statement, parameters
        ^^^^^^^^^^^^^^^^^^^^^^^^^^^^^^^^^^^^^^^
    )
    ^
  File "/home/container/.local/lib/python3.13/site-packages/sqlalchemy/engine/base.py", line 1988, in _exec_single_context
    self._handle_dbapi_exception(
    ~~~~~~~~~~~~~~~~~~~~~~~~~~~~^
        e, str_statement, effective_parameters, cursor, context
        ^^^^^^^^^^^^^^^^^^^^^^^^^^^^^^^^^^^^^^^^^^^^^^^^^^^^^^^
    )
    ^
  File "/home/container/.local/lib/python3.13/site-packages/sqlalchemy/engine/base.py", line 2365, in _handle_dbapi_exception
    raise sqlalchemy_exception.with_traceback(exc_info[2]) from e
  File "/home/container/.local/lib/python3.13/site-packages/sqlalchemy/engine/base.py", line 1938, in _exec_single_context
    self.dialect.do_executemany(
    ~~~~~~~~~~~~~~~~~~~~~~~~~~~^
        cursor,
        ^^^^^^^
    ...<2 lines>...
        context,
        ^^^^^^^^
    )
    ^
  File "/home/container/.local/lib/python3.13/site-packages/sqlalchemy/engine/default.py", line 949, in do_executemany
    cursor.executemany(statement, parameters)
    ~~~~~~~~~~~~~~~~~~^^^^^^^^^^^^^^^^^^^^^^^
  File "/home/container/.local/lib/python3.13/site-packages/sqlalchemy/dialects/sqlite/aiosqlite.py", line 198, in executemany
    self._adapt_connection._handle_exception(error)
    ~~~~~~~~~~~~~~~~~~~~~~~~~~~~~~~~~~~~~~~~^^^^^^^
  File "/home/container/.local/lib/python3.13/site-packages/sqlalchemy/dialects/sqlite/aiosqlite.py", line 343, in _handle_exception
    raise error
  File "/home/container/.local/lib/python3.13/site-packages/sqlalchemy/dialects/sqlite/aiosqlite.py", line 192, in executemany
    self.await_(_cursor.executemany(operation, seq_of_parameters))
    ~~~~~~~~~~~^^^^^^^^^^^^^^^^^^^^^^^^^^^^^^^^^^^^^^^^^^^^^^^^^^^
  File "/home/container/.local/lib/python3.13/site-packages/sqlalchemy/util/_concurrency_py3k.py", line 132, in await_only
    return current.parent.switch(awaitable)  # type: ignore[no-any-return,attr-defined] # noqa: E501
           ~~~~~~~~~~~~~~~~~~~~~^^^^^^^^^^^
  File "/home/container/.local/lib/python3.13/site-packages/sqlalchemy/util/_concurrency_py3k.py", line 196, in greenlet_spawn
    value = await result
            ^^^^^^^^^^^^
  File "/home/container/.local/lib/python3.13/site-packages/aiosqlite/cursor.py", line 47, in executemany
    await self._execute(self._cursor.executemany, sql, parameters)
  File "/home/container/.local/lib/python3.13/site-packages/aiosqlite/cursor.py", line 32, in _execute
    return await self._conn._execute(fn, *args, **kwargs)
           ^^^^^^^^^^^^^^^^^^^^^^^^^^^^^^^^^^^^^^^^^^^^^^
  File "/home/container/.local/lib/python3.13/site-packages/aiosqlite/core.py", line 160, in _execute
    return await future
           ^^^^^^^^^^^^
  File "/home/container/.local/lib/python3.13/site-packages/aiosqlite/core.py", line 63, in _connection_worker_thread
    result = function()
sqlalchemy.exc.IntegrityError: (sqlite3.IntegrityError) NOT NULL constraint failed: orders.product_id
[SQL: UPDATE orders SET product_id=? WHERE orders.id = ?]
[parameters: [(None, 64), (None, 73), (None, 74), (None, 82), (None, 84), (None, 87)]]
(Background on this error at: https://sqlalche.me/e/20/gkpj)
2026-08-05 12:22:28,058 [INFO] aiogram.event: Update id=226640896 is handled. Duration 165 ms by bot id=8931940625
2026-08-05 12:22:29,849 [INFO] aiogram.event: Update id=226640897 is handled. Duration 284 ms by bot id=8931940625
2026-08-05 12:22:31,543 [INFO] aiogram.event: Update id=226640898 is handled. Duration 333 ms by bot id=8931940625
2026-08-05 12:22:33,179 [INFO] aiogram.event: Update id=226640899 is handled. Duration 281 ms by bot id=8931940625
2026-08-05 12:22:34,541 [INFO] aiogram.event: Update id=226640900 is handled. Duration 283 ms by bot id=8931940625
2026-08-05 12:22:36,484 [INFO] aiogram.event: Update id=226640901 is handled. Duration 285 ms by bot id=8931940625
2026-08-05 12:22:37,901 [INFO] aiogram.event: Update id=226640902 is handled. Duration 287 ms by bot id=8931940625
2026-08-05 12:22:41,899 [INFO] aiogram.event: Update id=226640903 is handled. Duration 277 ms by bot id=8931940625
2026-08-05 12:22:44,706 [INFO] aiogram.event: Update id=226640904 is handled. Duration 284 ms by bot id=8931940625
2026-08-05 12:22:48,769 [INFO] aiogram.event: Update id=226640905 is handled. Duration 278 ms by bot id=8931940625
2026-08-05 12:22:53,120 [INFO] aiogram.event: Update id=226640906 is handled. Duration 282 ms by bot id=8931940625
2026-08-05 12:22:55,405 [INFO] aiogram.event: Update id=226640907 is handled. Duration 280 ms by bot id=8931940625
2026-08-05 12:22:56,880 [INFO] aiogram.event: Update id=226640908 is handled. Duration 296 ms by bot id=8931940625
2026-08-05 12:22:58,177 [INFO] aiogram.event: Update id=226640909 is handled. Duration 284 ms by bot id=8931940625
2026-08-05 12:22:59,719 [INFO] aiogram.event: Update id=226640910 is handled. Duration 278 ms by bot id=8931940625
2026-08-05 12:23:39,205 [INFO] aiogram.event: Update id=226640911 is handled. Duration 154 ms by bot id=8931940625
2026-08-05 12:23:56,657 [INFO] aiogram.event: Update id=226640912 is handled. Duration 151 ms by bot id=8931940625
2026-08-05 12:24:03,173 [INFO] aiogram.event: Update id=226640913 is handled. Duration 147 ms by bot id=8931940625
2026-08-05 12:24:07,651 [INFO] aiogram.event: Update id=226640914 is handled. Duration 277 ms by bot id=8931940625
2026-08-05 12:24:12,963 [INFO] aiogram.event: Update id=226640915 is handled. Duration 146 ms by bot id=8931940625
2026-08-05 12:24:33,938 [INFO] aiogram.event: Update id=226640916 is handled. Duration 152 ms by bot id=8931940625
2026-08-05 12:24:57,264 [ERROR] handlers.admin.add_product: handle_product_delivery error: Telegram server says - Bad Request: can't parse entities: Unsupported start tag "——-" at byte offset 1069
Traceback (most recent call last):
  File "/home/container/handlers/admin/add_product.py", line 311, in handle_product_delivery
    await _show_product_confirm(message, session, state)
  File "/home/container/handlers/admin/add_product.py", line 348, in _show_product_confirm
    await target.answer_photo(
    ...<4 lines>...
    )
  File "/home/container/.local/lib/python3.13/site-packages/aiogram/methods/base.py", line 82, in emit
    return await bot(self)
           ^^^^^^^^^^^^^^^
  File "/home/container/.local/lib/python3.13/site-packages/aiogram/client/bot.py", line 514, in __call__
    return await self.session(self, method, timeout=request_timeout)
           ^^^^^^^^^^^^^^^^^^^^^^^^^^^^^^^^^^^^^^^^^^^^^^^^^^^^^^^^^
  File "/home/container/.local/lib/python3.13/site-packages/aiogram/client/session/base.py", line 259, in __call__
    return cast(TelegramType, await middleware(bot, method))
                              ^^^^^^^^^^^^^^^^^^^^^^^^^^^^^
  File "/home/container/.local/lib/python3.13/site-packages/aiogram/client/session/aiohttp.py", line 177, in make_request
    response = self.check_response(
        bot=bot,
    ...<2 lines>...
        content=raw_result,
    )
  File "/home/container/.local/lib/python3.13/site-packages/aiogram/client/session/base.py", line 121, in check_response
    raise TelegramBadRequest(method=method, message=description)
aiogram.exceptions.TelegramBadRequest: Telegram server says - Bad Request: can't parse entities: Unsupported start tag "——-" at byte offset 1069
2026-08-05 12:24:57,268 [INFO] aiogram.event: Update id=226640917 is handled. Duration 21 ms by bot id=8931940625
2026-08-05 12:25:09,241 [ERROR] handlers.admin.add_product: handle_product_delivery error: Telegram server says - Bad Request: can't parse entities: Unsupported start tag "——-" at byte offset 1069
Traceback (most recent call last):
  File "/home/container/handlers/admin/add_product.py", line 311, in handle_product_delivery
    await _show_product_confirm(message, session, state)
  File "/home/container/handlers/admin/add_product.py", line 348, in _show_product_confirm
    await target.answer_photo(
    ...<4 lines>...
    )
  File "/home/container/.local/lib/python3.13/site-packages/aiogram/methods/base.py", line 82, in emit
    return await bot(self)
           ^^^^^^^^^^^^^^^
  File "/home/container/.local/lib/python3.13/site-packages/aiogram/client/bot.py", line 514, in __call__
    return await self.session(self, method, timeout=request_timeout)
           ^^^^^^^^^^^^^^^^^^^^^^^^^^^^^^^^^^^^^^^^^^^^^^^^^^^^^^^^^
  File "/home/container/.local/lib/python3.13/site-packages/aiogram/client/session/base.py", line 259, in __call__
    return cast(TelegramType, await middleware(bot, method))
                              ^^^^^^^^^^^^^^^^^^^^^^^^^^^^^
  File "/home/container/.local/lib/python3.13/site-packages/aiogram/client/session/aiohttp.py", line 177, in make_request
    response = self.check_response(
        bot=bot,
    ...<2 lines>...
        content=raw_result,
    )
  File "/home/container/.local/lib/python3.13/site-packages/aiogram/client/session/base.py", line 121, in check_response
    raise TelegramBadRequest(method=method, message=description)
aiogram.exceptions.TelegramBadRequest: Telegram server says - Bad Request: can't parse entities: Unsupported start tag "——-" at byte offset 1069
2026-08-05 12:25:09,243 [INFO] aiogram.event: Update id=226640918 is handled. Duration 18 ms by bot id=8931940625
2026-08-05 12:25:14,631 [ERROR] handlers.admin.add_product: handle_product_delivery error: Telegram server says - Bad Request: can't parse entities: Unsupported start tag "——-" at byte offset 1069
Traceback (most recent call last):
  File "/home/container/handlers/admin/add_product.py", line 311, in handle_product_delivery
    await _show_product_confirm(message, session, state)
  File "/home/container/handlers/admin/add_product.py", line 348, in _show_product_confirm
    await target.answer_photo(
    ...<4 lines>...
    )
  File "/home/container/.local/lib/python3.13/site-packages/aiogram/methods/base.py", line 82, in emit
    return await bot(self)
           ^^^^^^^^^^^^^^^
  File "/home/container/.local/lib/python3.13/site-packages/aiogram/client/bot.py", line 514, in __call__
    return await self.session(self, method, timeout=request_timeout)
           ^^^^^^^^^^^^^^^^^^^^^^^^^^^^^^^^^^^^^^^^^^^^^^^^^^^^^^^^^
  File "/home/container/.local/lib/python3.13/site-packages/aiogram/client/session/base.py", line 259, in __call__
    return cast(TelegramType, await middleware(bot, method))
                              ^^^^^^^^^^^^^^^^^^^^^^^^^^^^^
  File "/home/container/.local/lib/python3.13/site-packages/aiogram/client/session/aiohttp.py", line 177, in make_request
    response = self.check_response(
        bot=bot,
    ...<2 lines>...
        content=raw_result,
    )
  File "/home/container/.local/lib/python3.13/site-packages/aiogram/client/session/base.py", line 121, in check_response
    raise TelegramBadRequest(method=method, message=description)
aiogram.exceptions.TelegramBadRequest: Telegram server says - Bad Request: can't parse entities: Unsupported start tag "——-" at byte offset 1069
2026-08-05 12:25:14,632 [INFO] aiogram.event: Update id=226640919 is handled. Duration 16 ms by bot id=8931940625
2026-08-05 12:25:18,180 [INFO] aiogram.event: Update id=226640920 is handled. Duration 278 ms by bot id=8931940625
2026-08-05 12:25:19,971 [INFO] aiogram.event: Update id=226640921 is handled. Duration 298 ms by bot id=8931940625
2026-08-05 12:25:21,666 [INFO] aiogram.event: Update id=226640922 is handled. Duration 284 ms by bot id=8931940625
2026-08-05 12:25:35,895 [INFO] aiogram.event: Update id=226640923 is handled. Duration 146 ms by bot id=8931940625
2026-08-05 12:25:40,935 [INFO] aiogram.event: Update id=226640924 is handled. Duration 149 ms by bot id=8931940625
2026-08-05 12:25:48,341 [INFO] aiogram.event: Update id=226640925 is handled. Duration 144 ms by bot id=8931940625
2026-08-05 12:25:49,856 [INFO] aiogram.event: Update id=226640926 is handled. Duration 274 ms by bot id=8931940625
2026-08-05 12:25:54,550 [INFO] aiogram.event: Update id=226640927 is handled. Duration 148 ms by bot id=8931940625
2026-08-05 12:26:06,424 [INFO] aiogram.event: Update id=226640928 is handled. Duration 149 ms by bot id=8931940625
2026-08-05 12:26:13,585 [ERROR] handlers.admin.add_product: handle_product_delivery error: Telegram server says - Bad Request: can't parse entities: Unsupported start tag "——-" at byte offset 1079
Traceback (most recent call last):
  File "/home/container/handlers/admin/add_product.py", line 311, in handle_product_delivery
    await _show_product_confirm(message, session, state)
  File "/home/container/handlers/admin/add_product.py", line 348, in _show_product_confirm
    await target.answer_photo(
    ...<4 lines>...
    )
  File "/home/container/.local/lib/python3.13/site-packages/aiogram/methods/base.py", line 82, in emit
    return await bot(self)
           ^^^^^^^^^^^^^^^
  File "/home/container/.local/lib/python3.13/site-packages/aiogram/client/bot.py", line 514, in __call__
    return await self.session(self, method, timeout=request_timeout)
           ^^^^^^^^^^^^^^^^^^^^^^^^^^^^^^^^^^^^^^^^^^^^^^^^^^^^^^^^^
  File "/home/container/.local/lib/python3.13/site-packages/aiogram/client/session/base.py", line 259, in __call__
    return cast(TelegramType, await middleware(bot, method))
                              ^^^^^^^^^^^^^^^^^^^^^^^^^^^^^
  File "/home/container/.local/lib/python3.13/site-packages/aiogram/client/session/aiohttp.py", line 177, in make_request
    response = self.check_response(
        bot=bot,
    ...<2 lines>...
        content=raw_result,
    )
  File "/home/container/.local/lib/python3.13/site-packages/aiogram/client/session/base.py", line 121, in check_response
    raise TelegramBadRequest(method=method, message=description)
aiogram.exceptions.TelegramBadRequest: Telegram server says - Bad Request: can't parse entities: Unsupported start tag "——-" at byte offset 1079
2026-08-05 12:26:13,587 [INFO] aiogram.event: Update id=226640929 is handled. Duration 21 ms by bot id=8931940625
2026-08-05 12:26:24,425 [ERROR] handlers.admin.add_product: handle_product_delivery error: Telegram server says - Bad Request: can't parse entities: Unsupported start tag "" at byte offset 1079
Traceback (most recent call last):
  File "/home/container/handlers/admin/add_product.py", line 311, in handle_product_delivery
    await _show_product_confirm(message, session, state)
  File "/home/container/handlers/admin/add_product.py", line 348, in _show_product_confirm
    await target.answer_photo(
    ...<4 lines>...
    )
  File "/home/container/.local/lib/python3.13/site-packages/aiogram/methods/base.py", line 82, in emit
    return await bot(self)
           ^^^^^^^^^^^^^^^
  File "/home/container/.local/lib/python3.13/site-packages/aiogram/client/bot.py", line 514, in __call__
    return await self.session(self, method, timeout=request_timeout)
           ^^^^^^^^^^^^^^^^^^^^^^^^^^^^^^^^^^^^^^^^^^^^^^^^^^^^^^^^^
  File "/home/container/.local/lib/python3.13/site-packages/aiogram/client/session/base.py", line 259, in __call__
    return cast(TelegramType, await middleware(bot, method))
                              ^^^^^^^^^^^^^^^^^^^^^^^^^^^^^
  File "/home/container/.local/lib/python3.13/site-packages/aiogram/client/session/aiohttp.py", line 177, in make_request
    response = self.check_response(
        bot=bot,
    ...<2 lines>...
        content=raw_result,
    )
  File "/home/container/.local/lib/python3.13/site-packages/aiogram/client/session/base.py", line 121, in check_response
    raise TelegramBadRequest(method=method, message=description)
aiogram.exceptions.TelegramBadRequest: Telegram server says - Bad Request: can't parse entities: Unsupported start tag "" at byte offset 1079
2026-08-05 12:26:24,427 [INFO] aiogram.event: Update id=226640930 is handled. Duration 16 ms by bot id=8931940625
2026-08-05 12:26:32,152 [INFO] aiogram.event: Update id=226640931 is handled. Duration 155 ms by bot id=8931940625
2026-08-05 12:26:35,317 [INFO] aiogram.event: Update id=226640932 is handled. Duration 314 ms by bot id=8931940625
2026-08-05 12:26:37,918 [INFO] aiogram.event: Update id=226640933 is handled. Duration 285 ms by bot id=8931940625
2026-08-05 12:27:09,859 [INFO] aiogram.event: Update id=226640934 is handled. Duration 287 ms by bot id=8931940625
2026-08-05 12:27:13,645 [INFO] aiogram.event: Update id=226640935 is handled. Duration 286 ms by bot id=8931940625
2026-08-05 12:27:21,077 [INFO] aiogram.event: Update id=226640936 is handled. Duration 294 ms by bot id=8931940625
2026-08-05 12:27:24,485 [INFO] aiogram.event: Update id=226640937 is handled. Duration 284 ms by bot id=8931940625
2026-08-05 12:27:26,930 [INFO] aiogram.event: Update id=226640938 is handled. Duration 279 ms by bot id=8931940625
2026-08-05 12:28:35,313 [INFO] aiogram.event: Update id=226640939 is handled. Duration 179 ms by bot id=8931940625
2026-08-05 12:28:40,041 [INFO] aiogram.event: Update id=226640940 is handled. Duration 279 ms by bot id=8931940625
2026-08-05 12:28:44,745 [INFO] aiogram.event: Update id=226640941 is handled. Duration 291 ms by bot id=8931940625
2026-08-05 12:28:46,451 [INFO] aiogram.event: Update id=226640942 is handled. Duration 286 ms by bot id=8931940625
2026-08-05 12:28:47,828 [INFO] aiogram.event: Update id=226640943 is handled. Duration 281 ms by bot id=8931940625
2026-08-05 12:28:49,154 [INFO] aiogram.event: Update id=226640944 is handled. Duration 276 ms by bot id=8931940625
2026-08-05 12:28:55,319 [INFO] aiogram.event: Update id=226640945 is handled. Duration 189 ms by bot id=8931940625
2026-08-05 12:29:01,437 [INFO] aiogram.event: Update id=226640946 is handled. Duration 277 ms by bot id=8931940625
2026-08-05 12:29:03,180 [INFO] aiogram.event: Update id=226640947 is handled. Duration 291 ms by bot id=8931940625
2026-08-05 12:29:04,621 [INFO] aiogram.event: Update id=226640948 is handled. Duration 346 ms by bot id=8931940625
2026-08-05 12:29:07,324 [INFO] aiogram.event: Update id=226640949 is handled. Duration 294 ms by bot id=8931940625
2026-08-05 12:29:09,254 [INFO] aiogram.event: Update id=226640950 is handled. Duration 282 ms by bot id=8931940625
2026-08-05 12:29:12,053 [INFO] aiogram.event: Update id=226640951 is handled. Duration 643 ms by bot id=8931940625
2026-08-05 12:29:15,245 [INFO] aiogram.event: Update id=226640952 is handled. Duration 185 ms by bot id=8931940625
2026-08-05 12:29:17,053 [INFO] aiogram.event: Update id=226640953 is handled. Duration 431 ms by bot id=8931940625
2026-08-05 12:29:19,554 [INFO] aiogram.event: Update id=226640954 is handled. Duration 295 ms by bot id=8931940625
2026-08-05 12:35:13,209 [INFO] aiogram.event: Update id=226640955 is handled. Duration 191 ms by bot id=8931940625
2026-08-05 12:35:15,712 [INFO] aiogram.event: Update id=226640956 is handled. Duration 313 ms by bot id=8931940625
2026-08-05 12:35:20,919 [INFO] aiogram.event: Update id=226640957 is handled. Duration 278 ms by bot id=8931940625
2026-08-05 12:35:32,436 [INFO] aiogram.event: Update id=226640958 is handled. Duration 314 ms by bot id=8931940625
2026-08-05 12:35:33,703 [INFO] aiogram.event: Update id=226640959 is handled. Duration 308 ms by bot id=8931940625
2026-08-05 12:35:43,155 [INFO] aiogram.event: Update id=226640960 is handled. Duration 306 ms by bot id=8931940625
2026-08-05 12:35:44,641 [INFO] aiogram.event: Update id=226640961 is handled. Duration 320 ms by bot id=8931940625
2026-08-05 12:35:46,014 [INFO] aiogram.event: Update id=226640962 is handled. Duration 302 ms by bot id=8931940625
2026-08-05 12:36:11,599 [INFO] aiogram.event: Update id=226640963 is handled. Duration 470 ms by bot id=8931940625
2026-08-05 12:36:13,032 [INFO] aiogram.event: Update id=226640964 is handled. Duration 449 ms by bot id=8931940625
2026-08-05 12:38:48,765 [INFO] aiogram.event: Update id=226640965 is handled. Duration 410 ms by bot id=8931940625
2026-08-05 12:38:55,585 [INFO] aiogram.event: Update id=226640966 is handled. Duration 468 ms by bot id=8931940625
2026-08-05 12:38:56,837 [INFO] aiogram.event: Update id=226640967 is handled. Duration 414 ms by bot id=8931940625
2026-08-05 12:38:58,383 [INFO] aiogram.event: Update id=226640968 is not handled. Duration 2 ms by bot id=8931940625
2026-08-05 12:39:00,748 [INFO] aiogram.event: Update id=226640969 is handled. Duration 460 ms by bot id=8931940625
2026-08-05 12:39:02,435 [INFO] aiogram.event: Update id=226640970 is handled. Duration 424 ms by bot id=8931940625
2026-08-05 12:39:40,230 [INFO] aiogram.event: Update id=226640971 is handled. Duration 208 ms by bot id=8931940625
2026-08-05 12:42:13,181 [INFO] aiogram.event: Update id=226640972 is handled. Duration 477 ms by bot id=8931940625
2026-08-05 12:42:15,237 [INFO] aiogram.event: Update id=226640973 is handled. Duration 326 ms by bot id=8931940625
2026-08-05 12:42:16,529 [INFO] aiogram.event: Update id=226640974 is handled. Duration 354 ms by bot id=8931940625
2026-08-05 12:42:18,442 [INFO] aiogram.event: Update id=226640975 is handled. Duration 284 ms by bot id=8931940625
2026-08-05 12:42:33,367 [INFO] aiogram.event: Update id=226640976 is handled. Duration 154 ms by bot id=8931940625
2026-08-05 20:08:45,219 [INFO] __main__: Запуск бота ObunaHub...
2026-08-05 20:08:45,479 [INFO] __main__: Все роутеры зарегистрированы. Администраторы: [8563966849]
2026-08-05 20:08:48,002 [INFO] __main__: Бот запущен, ожидаю сообщения...
2026-08-05 20:08:48,003 [INFO] aiogram.dispatcher: Start polling
2026-08-05 20:08:48,095 [INFO] aiogram.dispatcher: Run polling for bot @Testbotforme1233213_bot id=8819968101 - 'Test eteee'
2026-08-05 20:08:50,251 [ERROR] utils.screen: _send_new error: Telegram server says - Bad Request: wrong file identifier/HTTP URL specified
2026-08-05 20:08:50,493 [INFO] aiogram.event: Update id=361031894 is handled. Duration 713 ms by bot id=8819968101
2026-08-05 20:08:58,249 [WARNING] utils.screen: show_screen edit error: Telegram server says - Bad Request: wrong file identifier/HTTP URL specified
2026-08-05 20:08:58,481 [ERROR] utils.screen: _send_new error: Telegram server says - Bad Request: wrong file identifier/HTTP URL specified
2026-08-05 20:08:58,949 [INFO] aiogram.event: Update id=361031895 is handled. Duration 1158 ms by bot id=8819968101
2026-08-05 20:09:03,100 [WARNING] utils.screen: show_screen edit error: Telegram server says - Bad Request: wrong file identifier/HTTP URL specified
2026-08-05 20:09:03,319 [ERROR] utils.screen: _send_new error: Telegram server says - Bad Request: wrong file identifier/HTTP URL specified
2026-08-05 20:09:03,773 [INFO] aiogram.event: Update id=361031896 is handled. Duration 1144 ms by bot id=8819968101
2026-08-05 20:11:42,071 [ERROR] utils.screen: _send_new error: Telegram server says - Bad Request: wrong file identifier/HTTP URL specified
2026-08-05 20:11:42,309 [INFO] aiogram.event: Update id=361031897 is handled. Duration 493 ms by bot id=8819968101
2026-08-05 20:11:49,407 [INFO] aiogram.event: Update id=361031898 is handled. Duration 461 ms by bot id=8819968101
2026-08-05 20:12:20,503 [INFO] aiogram.event: Update id=361031899 is handled. Duration 494 ms by bot id=8819968101
2026-08-05 20:12:22,509 [INFO] aiogram.event: Update id=361031900 is handled. Duration 475 ms by bot id=8819968101
2026-08-05 20:12:24,794 [WARNING] handlers.admin.main: show_admin_menu error: Telegram server says - Bad Request: there is no caption in the message to edit
2026-08-05 20:12:25,021 [INFO] aiogram.event: Update id=361031901 is handled. Duration 557 ms by bot id=8819968101
2026-08-05 20:12:27,118 [ERROR] utils.screen: _send_new error: Telegram server says - Bad Request: wrong file identifier/HTTP URL specified
2026-08-05 20:12:27,352 [INFO] aiogram.event: Update id=361031902 is handled. Duration 483 ms by bot id=8819968101
2026-08-05 20:12:57,036 [INFO] __main__: Запуск бота ObunaHub...
2026-08-05 20:12:57,431 [INFO] __main__: Все роутеры зарегистрированы. Администраторы: [8563966849]
2026-08-05 20:12:57,793 [INFO] __main__: Бот запущен, ожидаю сообщения...
2026-08-05 20:12:57,793 [INFO] aiogram.dispatcher: Start polling
2026-08-05 20:12:57,887 [INFO] aiogram.dispatcher: Run polling for bot @Testbotforme1233213_bot id=8819968101 - 'Test eteee'
2026-08-05 20:13:08,868 [ERROR] utils.screen: _send_new error: Telegram server says - Bad Request: wrong file identifier/HTTP URL specified
2026-08-05 20:13:09,096 [INFO] aiogram.event: Update id=361031903 is handled. Duration 676 ms by bot id=8819968101
2026-08-05 20:16:11,296 [ERROR] utils.screen: _send_new error: Telegram server says - Bad Request: wrong file identifier/HTTP URL specified
2026-08-05 20:16:11,532 [INFO] aiogram.event: Update id=361031904 is handled. Duration 479 ms by bot id=8819968101
2026-08-05 20:16:20,928 [INFO] __main__: Запуск бота ObunaHub...
2026-08-05 20:16:21,315 [INFO] __main__: Все роутеры зарегистрированы. Администраторы: [8563966849]
2026-08-05 20:16:21,614 [INFO] __main__: Бот запущен, ожидаю сообщения...
2026-08-05 20:16:21,615 [INFO] aiogram.dispatcher: Start polling
2026-08-05 20:16:21,710 [INFO] aiogram.dispatcher: Run polling for bot @Testbotforme1233213_bot id=8819968101 - 'Test eteee'
2026-08-05 20:16:33,360 [ERROR] utils.screen: _send_new error: Telegram server says - Bad Request: wrong file identifier/HTTP URL specified
2026-08-05 20:16:33,641 [INFO] aiogram.event: Update id=361031905 is handled. Duration 780 ms by bot id=8819968101
2026-08-05 20:16:39,062 [INFO] aiogram.event: Update id=361031906 is handled. Duration 258 ms by bot id=8819968101
2026-08-05 20:16:43,168 [WARNING] utils.screen: show_screen edit error: Telegram server says - Bad Request: wrong file identifier/HTTP URL specified
2026-08-05 20:16:43,397 [ERROR] utils.screen: _send_new error: Telegram server says - Bad Request: wrong file identifier/HTTP URL specified
2026-08-05 20:16:43,891 [INFO] aiogram.event: Update id=361031907 is handled. Duration 1231 ms by bot id=8819968101
2026-08-05 20:16:46,391 [INFO] aiogram.event: Update id=361031908 is handled. Duration 461 ms by bot id=8819968101
2026-08-05 20:16:54,924 [WARNING] handlers.user.purchase: Не удалось уведомить админа 5848104510: Telegram server says - Bad Request: chat not found
2026-08-05 20:16:54,925 [INFO] aiogram.event: Update id=361031909 is handled. Duration 1133 ms by bot id=8819968101
2026-08-05 20:16:57,354 [INFO] aiogram.event: Update id=361031910 is handled. Duration 820 ms by bot id=8819968101
2026-08-05 20:18:03,498 [ERROR] utils.screen: _send_new error: Telegram server says - Bad Request: wrong file identifier/HTTP URL specified
2026-08-05 20:18:03,749 [INFO] aiogram.event: Update id=361031911 is handled. Duration 515 ms by bot id=8819968101
2026-08-05 20:18:27,267 [INFO] __main__: Запуск бота ObunaHub...
2026-08-05 20:18:27,482 [INFO] __main__: Все роутеры зарегистрированы. Администраторы: [8563966849]
2026-08-05 20:18:27,828 [INFO] __main__: Бот запущен, ожидаю сообщения...
2026-08-05 20:18:27,828 [INFO] aiogram.dispatcher: Start polling
2026-08-05 20:18:27,916 [INFO] aiogram.dispatcher: Run polling for bot @Testbotforme1233213_bot id=8819968101 - 'Test eteee'
2026-08-05 20:18:37,676 [ERROR] utils.screen: _send_new error: Telegram server says - Bad Request: wrong file identifier/HTTP URL specified
2026-08-05 20:18:37,909 [INFO] aiogram.event: Update id=361031912 is handled. Duration 753 ms by bot id=8819968101
2026-08-05 20:18:40,232 [INFO] aiogram.event: Update id=361031913 is handled. Duration 247 ms by bot id=8819968101
2026-08-05 20:18:44,399 [WARNING] utils.screen: show_screen edit error: Telegram server says - Bad Request: wrong file identifier/HTTP URL specified
2026-08-05 20:18:44,644 [ERROR] utils.screen: _send_new error: Telegram server says - Bad Request: wrong file identifier/HTTP URL specified
2026-08-05 20:18:45,087 [INFO] aiogram.event: Update id=361031914 is handled. Duration 1172 ms by bot id=8819968101
2026-08-05 20:18:46,287 [INFO] aiogram.event: Update id=361031915 is handled. Duration 443 ms by bot id=8819968101
2026-08-05 20:18:54,140 [WARNING] handlers.user.purchase: Не удалось уведомить админа 5848104510: Telegram server says - Bad Request: chat not found
2026-08-05 20:18:54,142 [INFO] aiogram.event: Update id=361031916 is handled. Duration 984 ms by bot id=8819968101
2026-08-05 20:18:55,385 [INFO] aiogram.event: Update id=361031917 is handled. Duration 727 ms by bot id=8819968101
2026-08-05 20:21:05,662 [INFO] __main__: Запуск бота ObunaHub...
2026-08-05 20:21:06,054 [INFO] __main__: Все роутеры зарегистрированы. Администраторы: [8563966849]
2026-08-05 20:21:06,477 [INFO] __main__: Бот запущен, ожидаю сообщения...
2026-08-05 20:21:06,477 [INFO] aiogram.dispatcher: Start polling
2026-08-05 20:21:06,567 [INFO] aiogram.dispatcher: Run polling for bot @Testbotforme1233213_bot id=8819968101 - 'Test eteee'
2026-08-05 20:21:12,846 [ERROR] utils.screen: _send_new error: Telegram server says - Bad Request: wrong file identifier/HTTP URL specified
2026-08-05 20:21:13,094 [INFO] aiogram.event: Update id=361031918 is handled. Duration 739 ms by bot id=8819968101
2026-08-05 20:42:06,389 [INFO] __main__: Запуск бота ObunaHub...
2026-08-05 20:42:06,767 [INFO] __main__: Все роутеры зарегистрированы. Администраторы: [8563966849]
2026-08-05 20:42:07,069 [INFO] __main__: Бот запущен, ожидаю сообщения...
2026-08-05 20:42:07,069 [INFO] aiogram.dispatcher: Start polling
2026-08-05 20:42:07,161 [INFO] aiogram.dispatcher: Run polling for bot @Testbotforme1233213_bot id=8819968101 - 'Test eteee'
2026-08-05 20:42:18,166 [ERROR] utils.screen: _send_new error: Telegram server says - Bad Request: wrong file identifier/HTTP URL specified
2026-08-05 20:42:18,426 [INFO] aiogram.event: Update id=361031919 is handled. Duration 734 ms by bot id=8819968101
2026-08-05 20:42:22,383 [INFO] aiogram.event: Update id=361031920 is handled. Duration 262 ms by bot id=8819968101
2026-08-05 20:42:36,390 [WARNING] utils.screen: show_screen edit error: Telegram server says - Bad Request: wrong file identifier/HTTP URL specified
2026-08-05 20:42:36,617 [ERROR] utils.screen: _send_new error: Telegram server says - Bad Request: wrong file identifier/HTTP URL specified
2026-08-05 20:42:37,061 [INFO] aiogram.event: Update id=361031921 is handled. Duration 1139 ms by bot id=8819968101
2026-08-05 20:47:54,298 [INFO] __main__: Запуск бота ObunaHub...
2026-08-05 20:47:54,678 [INFO] __main__: Все роутеры зарегистрированы. Администраторы: [8563966849]
2026-08-05 20:47:55,036 [INFO] __main__: Бот запущен, ожидаю сообщения...
2026-08-05 20:47:55,036 [INFO] aiogram.dispatcher: Start polling
2026-08-05 20:47:55,150 [INFO] aiogram.dispatcher: Run polling for bot @Testbotforme1233213_bot id=8819968101 - 'Test eteee'
2026-08-05 20:47:59,044 [ERROR] utils.screen: _send_new error: Telegram server says - Bad Request: wrong file identifier/HTTP URL specified
2026-08-05 20:47:59,293 [INFO] aiogram.event: Update id=361031925 is handled. Duration 720 ms by bot id=8819968101
2026-08-05 20:48:02,152 [INFO] aiogram.event: Update id=361031926 is handled. Duration 258 ms by bot id=8819968101
2026-08-05 20:48:05,163 [INFO] aiogram.event: Update id=361031927 is handled. Duration 481 ms by bot id=8819968101
2026-08-05 20:48:07,505 [INFO] aiogram.event: Update id=361031928 is handled. Duration 477 ms by bot id=8819968101
2026-08-05 20:48:08,320 [INFO] aiogram.event: Update id=361031929 is handled. Duration 478 ms by bot id=8819968101
2026-08-05 20:48:09,248 [WARNING] utils.screen: show_screen edit error: Telegram server says - Bad Request: wrong file identifier/HTTP URL specified
2026-08-05 20:48:09,536 [ERROR] utils.screen: _send_new error: Telegram server says - Bad Request: wrong file identifier/HTTP URL specified
2026-08-05 20:48:09,992 [INFO] aiogram.event: Update id=361031930 is handled. Duration 1231 ms by bot id=8819968101
2026-08-05 20:48:12,811 [INFO] aiogram.event: Update id=361031931 is handled. Duration 498 ms by bot id=8819968101
2026-08-05 20:48:20,302 [WARNING] handlers.user.purchase: Не удалось уведомить админа 5848104510: Telegram server says - Bad Request: chat not found
2026-08-05 20:48:20,303 [INFO] aiogram.event: Update id=361031932 is handled. Duration 1139 ms by bot id=8819968101
2026-08-05 20:48:22,296 [INFO] aiogram.event: Update id=361031933 is handled. Duration 725 ms by bot id=8819968101
2026-08-05 20:48:36,200 [ERROR] utils.screen: _send_new error: Telegram server says - Bad Request: wrong file identifier/HTTP URL specified
2026-08-05 20:48:36,430 [INFO] aiogram.event: Update id=361031934 is handled. Duration 473 ms by bot id=8819968101
2026-08-05 20:48:40,578 [WARNING] utils.screen: show_screen edit error: Telegram server says - Bad Request: wrong file identifier/HTTP URL specified
2026-08-05 20:48:40,816 [ERROR] utils.screen: _send_new error: Telegram server says - Bad Request: wrong file identifier/HTTP URL specified
2026-08-05 20:48:41,260 [INFO] aiogram.event: Update id=361031935 is handled. Duration 1141 ms by bot id=8819968101
2026-08-05 20:48:45,642 [WARNING] utils.screen: show_screen edit error: Telegram server says - Bad Request: wrong file identifier/HTTP URL specified
2026-08-05 20:48:45,861 [ERROR] utils.screen: _send_new error: Telegram server says - Bad Request: wrong file identifier/HTTP URL specified
2026-08-05 20:48:46,308 [INFO] aiogram.event: Update id=361031936 is handled. Duration 1134 ms by bot id=8819968101
2026-08-05 20:48:50,389 [INFO] aiogram.event: Update id=361031937 is handled. Duration 251 ms by bot id=8819968101
2026-08-05 20:48:52,971 [WARNING] utils.screen: show_screen edit error: Telegram server says - Bad Request: wrong file identifier/HTTP URL specified
2026-08-05 20:48:53,193 [ERROR] utils.screen: _send_new error: Telegram server says - Bad Request: wrong file identifier/HTTP URL specified
2026-08-05 20:48:53,475 [ERROR] utils.screen: _send_new error: Telegram server says - Bad Request: wrong file identifier/HTTP URL specified
2026-08-05 20:48:53,649 [INFO] aiogram.event: Update id=361031938 is handled. Duration 1151 ms by bot id=8819968101
2026-08-05 20:48:53,727 [INFO] aiogram.event: Update id=361031939 is handled. Duration 692 ms by bot id=8819968101
2026-08-05 20:49:11,740 [WARNING] utils.screen: show_screen edit error: Telegram server says - Bad Request: wrong file identifier/HTTP URL specified
2026-08-05 20:49:11,963 [ERROR] utils.screen: _send_new error: Telegram server says - Bad Request: wrong file identifier/HTTP URL specified
2026-08-05 20:49:12,415 [INFO] aiogram.event: Update id=361031940 is handled. Duration 1154 ms by bot id=8819968101
2026-08-05 20:49:15,774 [ERROR] utils.screen: _send_new error: Telegram server says - Bad Request: wrong file identifier/HTTP URL specified
2026-08-05 20:49:16,033 [INFO] aiogram.event: Update id=361031941 is handled. Duration 511 ms by bot id=8819968101
2026-08-05 20:49:17,136 [WARNING] utils.screen: show_screen edit error: Telegram server says - Bad Request: wrong file identifier/HTTP URL specified
2026-08-05 20:49:17,400 [ERROR] utils.screen: _send_new error: Telegram server says - Bad Request: wrong file identifier/HTTP URL specified
2026-08-05 20:49:17,850 [INFO] aiogram.event: Update id=361031942 is handled. Duration 1184 ms by bot id=8819968101
2026-08-05 20:49:18,165 [INFO] aiogram.event: Update id=361031943 is handled. Duration 422 ms by bot id=8819968101
2026-08-05 20:50:29,605 [ERROR] utils.screen: _send_new error: Telegram server says - Bad Request: wrong file identifier/HTTP URL specified
2026-08-05 20:50:29,847 [INFO] aiogram.event: Update id=361031944 is handled. Duration 487 ms by bot id=8819968101
2026-08-05 20:50:50,544 [ERROR] utils.screen: _send_new error: Telegram server says - Bad Request: wrong file identifier/HTTP URL specified
2026-08-05 20:50:50,812 [INFO] aiogram.event: Update id=361031945 is handled. Duration 532 ms by bot id=8819968101
2026-08-05 20:50:51,945 [ERROR] utils.screen: _send_new error: Telegram server says - Bad Request: wrong file identifier/HTTP URL specified
2026-08-05 20:50:52,179 [INFO] aiogram.event: Update id=361031946 is handled. Duration 483 ms by bot id=8819968101
2026-08-05 20:50:52,730 [INFO] aiogram.event: Update id=361031947 is handled. Duration 256 ms by bot id=8819968101
2026-08-05 20:50:53,856 [WARNING] utils.screen: show_screen edit error: Telegram server says - Bad Request: wrong file identifier/HTTP URL specified
2026-08-05 20:50:54,126 [ERROR] utils.screen: _send_new error: Telegram server says - Bad Request: wrong file identifier/HTTP URL specified
2026-08-05 20:50:54,583 [INFO] aiogram.event: Update id=361031948 is handled. Duration 1209 ms by bot id=8819968101
2026-08-05 20:50:56,499 [INFO] aiogram.event: Update id=361031949 is handled. Duration 468 ms by bot id=8819968101
2026-08-05 20:50:57,197 [WARNING] utils.screen: show_screen edit error: Telegram server says - Bad Request: wrong file identifier/HTTP URL specified
2026-08-05 20:50:57,436 [ERROR] utils.screen: _send_new error: Telegram server says - Bad Request: wrong file identifier/HTTP URL specified
2026-08-05 20:50:57,892 [INFO] aiogram.event: Update id=361031950 is handled. Duration 1534 ms by bot id=8819968101
2026-08-05 20:51:00,031 [INFO] aiogram.event: Update id=361031951 is handled. Duration 522 ms by bot id=8819968101
2026-08-05 20:51:00,845 [WARNING] utils.screen: show_screen edit error: Telegram server says - Bad Request: wrong file identifier/HTTP URL specified
2026-08-05 20:51:01,070 [ERROR] utils.screen: _send_new error: Telegram server says - Bad Request: wrong file identifier/HTTP URL specified
2026-08-05 20:51:01,559 [INFO] aiogram.event: Update id=361031952 is handled. Duration 1187 ms by bot id=8819968101
2026-08-05 20:51:01,846 [WARNING] utils.screen: show_screen edit error: Telegram server says - Bad Request: wrong file identifier/HTTP URL specified
2026-08-05 20:51:02,081 [ERROR] utils.screen: _send_new error: Telegram server says - Bad Request: wrong file identifier/HTTP URL specified
2026-08-05 20:51:02,617 [INFO] aiogram.event: Update id=361031953 is handled. Duration 1253 ms by bot id=8819968101
2026-08-05 20:51:03,032 [INFO] aiogram.event: Update id=361031954 is handled. Duration 258 ms by bot id=8819968101
2026-08-05 20:51:04,276 [WARNING] utils.screen: show_screen edit error: Telegram server says - Bad Request: wrong file identifier/HTTP URL specified
2026-08-05 20:51:04,524 [ERROR] utils.screen: _send_new error: Telegram server says - Bad Request: wrong file identifier/HTTP URL specified
2026-08-05 20:51:05,041 [INFO] aiogram.event: Update id=361031955 is handled. Duration 1241 ms by bot id=8819968101
2026-08-05 20:51:08,481 [WARNING] utils.screen: show_screen edit error: Telegram server says - Bad Request: wrong file identifier/HTTP URL specified
2026-08-05 20:51:08,732 [ERROR] utils.screen: _send_new error: Telegram server says - Bad Request: wrong file identifier/HTTP URL specified
2026-08-05 20:51:09,181 [INFO] aiogram.event: Update id=361031956 is handled. Duration 1179 ms by bot id=8819968101
2026-08-05 16:03:23,928 [INFO] __main__: Запуск бота ObunaHub...
2026-08-05 16:03:24,008 [INFO] __main__: Все роутеры зарегистрированы. Администраторы: [8563966849]
2026-08-05 16:03:24,063 [INFO] __main__: Бот запущен, ожидаю сообщения...
2026-08-05 16:03:24,064 [INFO] aiogram.dispatcher: Start polling
2026-08-05 16:03:24,078 [INFO] aiogram.dispatcher: Run polling for bot @ObunaHub_bot id=8931940625 - 'ObunaHub_Bot'
2026-08-05 16:03:27,199 [INFO] aiogram.event: Update id=226641020 is handled. Duration 315 ms by bot id=8931940625
2026-08-05 16:03:27,403 [INFO] aiogram.event: Update id=226641021 is handled. Duration 3 ms by bot id=8931940625
2026-08-05 16:03:27,516 [INFO] aiogram.event: Update id=226641022 is handled. Duration 3 ms by bot id=8931940625
2026-08-05 16:03:41,606 [INFO] aiogram.event: Update id=226641023 is handled. Duration 231 ms by bot id=8931940625
2026-08-05 16:05:26,887 [INFO] aiogram.event: Update id=226641024 is handled. Duration 205 ms by bot id=8931940625
2026-08-05 16:05:29,193 [INFO] aiogram.event: Update id=226641025 is handled. Duration 322 ms by bot id=8931940625
2026-08-05 16:05:31,962 [INFO] aiogram.event: Update id=226641026 is handled. Duration 509 ms by bot id=8931940625
2026-08-05 16:05:33,921 [INFO] aiogram.event: Update id=226641027 is handled. Duration 466 ms by bot id=8931940625
2026-08-05 16:08:21,909 [INFO] aiogram.event: Update id=226641028 is handled. Duration 200 ms by bot id=8931940625
2026-08-05 16:08:26,611 [INFO] aiogram.event: Update id=226641029 is handled. Duration 327 ms by bot id=8931940625
2026-08-05 16:08:28,766 [INFO] aiogram.event: Update id=226641030 is handled. Duration 332 ms by bot id=8931940625
2026-08-05 16:08:30,144 [INFO] aiogram.event: Update id=226641031 is handled. Duration 204 ms by bot id=8931940625
2026-08-05 16:08:32,485 [INFO] aiogram.event: Update id=226641032 is handled. Duration 247 ms by bot id=8931940625
2026-08-05 16:08:34,786 [INFO] aiogram.event: Update id=226641033 is handled. Duration 303 ms by bot id=8931940625
2026-08-05 16:08:40,704 [INFO] aiogram.event: Update id=226641034 is handled. Duration 306 ms by bot id=8931940625
2026-08-05 16:08:43,824 [INFO] aiogram.event: Update id=226641035 is handled. Duration 299 ms by bot id=8931940625
2026-08-05 16:08:44,755 [INFO] aiogram.event: Update id=226641036 is handled. Duration 315 ms by bot id=8931940625
2026-08-05 16:08:45,585 [INFO] aiogram.event: Update id=226641037 is handled. Duration 292 ms by bot id=8931940625
2026-08-05 16:08:46,344 [INFO] aiogram.event: Update id=226641038 is handled. Duration 293 ms by bot id=8931940625
2026-08-05 16:08:47,641 [INFO] aiogram.event: Update id=226641039 is handled. Duration 481 ms by bot id=8931940625
2026-08-05 16:10:16,140 [INFO] aiogram.event: Update id=226641040 is handled. Duration 350 ms by bot id=8931940625
2026-08-05 16:10:20,196 [INFO] aiogram.event: Update id=226641041 is handled. Duration 299 ms by bot id=8931940625
2026-08-05 16:10:24,171 [INFO] aiogram.event: Update id=226641042 is handled. Duration 355 ms by bot id=8931940625
2026-08-05 16:10:30,226 [INFO] aiogram.event: Update id=226641043 is handled. Duration 307 ms by bot id=8931940625
2026-08-05 16:10:34,149 [INFO] aiogram.event: Update id=226641044 is handled. Duration 335 ms by bot id=8931940625
2026-08-05 16:10:35,758 [INFO] aiogram.event: Update id=226641045 is handled. Duration 303 ms by bot id=8931940625
2026-08-05 16:10:39,691 [INFO] aiogram.event: Update id=226641046 is handled. Duration 500 ms by bot id=8931940625
2026-08-05 16:10:41,594 [INFO] aiogram.event: Update id=226641047 is handled. Duration 304 ms by bot id=8931940625
2026-08-05 16:10:43,027 [INFO] aiogram.event: Update id=226641048 is handled. Duration 348 ms by bot id=8931940625
2026-08-05 16:10:45,312 [INFO] aiogram.event: Update id=226641049 is handled. Duration 348 ms by bot id=8931940625
2026-08-05 16:10:46,631 [INFO] aiogram.event: Update id=226641050 is handled. Duration 333 ms by bot id=8931940625
2026-08-05 16:10:47,722 [INFO] aiogram.event: Update id=226641051 is handled. Duration 321 ms by bot id=8931940625
2026-08-05 16:10:49,257 [INFO] aiogram.event: Update id=226641052 is handled. Duration 325 ms by bot id=8931940625
2026-08-05 16:10:50,699 [INFO] aiogram.event: Update id=226641053 is handled. Duration 328 ms by bot id=8931940625
2026-08-05 16:10:56,099 [INFO] aiogram.event: Update id=226641054 is handled. Duration 353 ms by bot id=8931940625
2026-08-05 16:10:57,461 [INFO] aiogram.event: Update id=226641055 is handled. Duration 331 ms by bot id=8931940625
2026-08-05 16:11:02,290 [INFO] aiogram.event: Update id=226641056 is handled. Duration 322 ms by bot id=8931940625
2026-08-05 16:11:18,849 [INFO] aiogram.event: Update id=226641057 is handled. Duration 192 ms by bot id=8931940625
2026-08-05 16:17:20,765 [INFO] aiogram.event: Update id=226641058 is handled. Duration 648 ms by bot id=8931940625
2026-08-05 16:19:00,508 [INFO] aiogram.event: Update id=226641059 is handled. Duration 485 ms by bot id=8931940625
2026-08-05 16:41:55,551 [INFO] aiogram.event: Update id=226641060 is handled. Duration 164 ms by bot id=8931940625
2026-08-05 16:41:59,653 [INFO] aiogram.event: Update id=226641061 is handled. Duration 283 ms by bot id=8931940625
2026-08-05 16:42:01,087 [INFO] aiogram.event: Update id=226641062 is handled. Duration 317 ms by bot id=8931940625
2026-08-05 16:42:04,851 [INFO] aiogram.event: Update id=226641063 is handled. Duration 273 ms by bot id=8931940625
2026-08-05 16:42:09,370 [INFO] aiogram.event: Update id=226641064 is handled. Duration 153 ms by bot id=8931940625
2026-08-05 16:42:31,844 [INFO] aiogram.event: Update id=226641065 is handled. Duration 156 ms by bot id=8931940625
2026-08-05 16:42:35,644 [INFO] aiogram.event: Update id=226641066 is handled. Duration 445 ms by bot id=8931940625
2026-08-05 16:42:38,151 [INFO] aiogram.event: Update id=226641067 is handled. Duration 319 ms by bot id=8931940625
2026-08-05 16:43:06,579 [INFO] aiogram.event: Update id=226641068 is not handled. Duration 3 ms by bot id=8931940625
2026-08-05 16:43:09,015 [INFO] aiogram.event: Update id=226641069 is not handled. Duration 4 ms by bot id=8931940625
2026-08-05 16:43:19,879 [INFO] aiogram.event: Update id=226641070 is not handled. Duration 3 ms by bot id=8931940625
2026-08-05 16:43:51,961 [INFO] aiogram.event: Update id=226641071 is handled. Duration 4640 ms by bot id=8931940625
2026-08-05 16:43:57,731 [INFO] aiogram.event: Update id=226641072 is handled. Duration 3016 ms by bot id=8931940625
2026-08-05 16:43:59,499 [INFO] aiogram.event: Update id=226641073 is handled. Duration 291 ms by bot id=8931940625
2026-08-05 16:44:02,058 [INFO] aiogram.event: Update id=226641074 is handled. Duration 285 ms by bot id=8931940625
2026-08-05 16:44:03,133 [INFO] aiogram.event: Update id=226641075 is handled. Duration 285 ms by bot id=8931940625
2026-08-05 16:44:04,256 [INFO] aiogram.event: Update id=226641076 is handled. Duration 301 ms by bot id=8931940625
2026-08-05 16:44:05,190 [INFO] aiogram.event: Update id=226641077 is handled. Duration 289 ms by bot id=8931940625
2026-08-05 16:44:09,701 [INFO] aiogram.event: Update id=226641078 is handled. Duration 316 ms by bot id=8931940625
2026-08-05 16:44:12,646 [INFO] aiogram.event: Update id=226641079 is handled. Duration 285 ms by bot id=8931940625
2026-08-05 16:44:17,622 [INFO] aiogram.event: Update id=226641080 is handled. Duration 583 ms by bot id=8931940625
2026-08-05 16:44:25,782 [INFO] aiogram.event: Update id=226641081 is handled. Duration 423 ms by bot id=8931940625
2026-08-05 16:44:27,277 [INFO] aiogram.event: Update id=226641082 is handled. Duration 300 ms by bot id=8931940625
2026-08-05 16:44:27,356 [INFO] aiogram.event: Update id=226641083 is handled. Duration 304 ms by bot id=8931940625
2026-08-05 16:44:28,793 [INFO] aiogram.event: Update id=226641084 is handled. Duration 451 ms by bot id=8931940625
2026-08-05 16:45:05,850 [INFO] aiogram.event: Update id=226641085 is not handled. Duration 2 ms by bot id=8931940625
2026-08-05 16:45:08,772 [INFO] aiogram.event: Update id=226641086 is handled. Duration 327 ms by bot id=8931940625
2026-08-05 16:45:19,542 [INFO] aiogram.event: Update id=226641087 is handled. Duration 155 ms by bot id=8931940625
2026-08-05 16:45:21,709 [INFO] aiogram.event: Update id=226641088 is handled. Duration 312 ms by bot id=8931940625
2026-08-05 16:45:23,912 [INFO] aiogram.event: Update id=226641089 is handled. Duration 302 ms by bot id=8931940625
2026-08-05 16:45:52,944 [INFO] aiogram.event: Update id=226641090 is handled. Duration 306 ms by bot id=8931940625
2026-08-05 16:45:54,955 [INFO] aiogram.event: Update id=226641091 is handled. Duration 290 ms by bot id=8931940625
2026-08-05 16:45:56,447 [INFO] aiogram.event: Update id=226641092 is handled. Duration 296 ms by bot id=8931940625
2026-08-05 16:46:01,663 [INFO] aiogram.event: Update id=226641093 is handled. Duration 201 ms by bot id=8931940625
2026-08-05 16:46:04,290 [INFO] aiogram.event: Update id=226641094 is handled. Duration 326 ms by bot id=8931940625
2026-08-05 16:46:08,456 [INFO] aiogram.event: Update id=226641095 is handled. Duration 485 ms by bot id=8931940625
2026-08-05 16:52:07,423 [INFO] aiogram.event: Update id=226641096 is handled. Duration 319 ms by bot id=8931940625
2026-08-05 16:52:09,434 [INFO] aiogram.event: Update id=226641097 is handled. Duration 285 ms by bot id=8931940625
2026-08-05 16:52:14,073 [INFO] aiogram.event: Update id=226641098 is handled. Duration 327 ms by bot id=8931940625
2026-08-05 16:52:19,856 [INFO] aiogram.event: Update id=226641099 is handled. Duration 305 ms by bot id=8931940625
2026-08-05 16:53:09,680 [INFO] aiogram.event: Update id=226641100 is handled. Duration 172 ms by bot id=8931940625
2026-08-05 16:53:15,088 [INFO] aiogram.event: Update id=226641101 is handled. Duration 333 ms by bot id=8931940625
2026-08-05 16:53:22,342 [INFO] aiogram.event: Update id=226641102 is handled. Duration 325 ms by bot id=8931940625
2026-08-05 16:53:24,489 [INFO] aiogram.event: Update id=226641103 is handled. Duration 292 ms by bot id=8931940625
2026-08-05 16:53:42,032 [INFO] aiogram.event: Update id=226641104 is handled. Duration 199 ms by bot id=8931940625
2026-08-05 16:58:30,511 [INFO] aiogram.event: Update id=226641105 is handled. Duration 171 ms by bot id=8931940625
2026-08-05 16:58:33,323 [INFO] aiogram.event: Update id=226641106 is handled. Duration 406 ms by bot id=8931940625
2026-08-05 17:02:46,059 [INFO] aiogram.event: Update id=226641107 is handled. Duration 207 ms by bot id=8931940625
2026-08-05 17:02:47,656 [INFO] aiogram.event: Update id=226641108 is handled. Duration 338 ms by bot id=8931940625
2026-08-05 17:02:48,196 [INFO] aiogram.event: Update id=226641109 is handled. Duration 218 ms by bot id=8931940625
2026-08-05 17:02:49,390 [INFO] aiogram.event: Update id=226641110 is handled. Duration 307 ms by bot id=8931940625
2026-08-05 17:12:11,784 [INFO] aiogram.event: Update id=226641111 is handled. Duration 184 ms by bot id=8931940625
2026-08-05 17:12:18,112 [INFO] aiogram.event: Update id=226641112 is handled. Duration 295 ms by bot id=8931940625
2026-08-05 17:12:22,404 [INFO] aiogram.event: Update id=226641113 is handled. Duration 291 ms by bot id=8931940625
2026-08-05 17:49:17,530 [INFO] aiogram.event: Update id=226641114 is handled. Duration 239 ms by bot id=8931940625
2026-08-05 17:49:26,355 [INFO] aiogram.event: Update id=226641115 is handled. Duration 276 ms by bot id=8931940625
2026-08-05 17:49:37,176 [INFO] aiogram.event: Update id=226641116 is handled. Duration 506 ms by bot id=8931940625
2026-08-05 17:49:43,305 [INFO] aiogram.event: Update id=226641117 is handled. Duration 473 ms by bot id=8931940625
2026-08-05 17:49:52,788 [INFO] aiogram.event: Update id=226641118 is handled. Duration 316 ms by bot id=8931940625
2026-08-05 17:49:54,658 [INFO] aiogram.event: Update id=226641119 is handled. Duration 521 ms by bot id=8931940625
2026-08-05 17:49:56,713 [INFO] aiogram.event: Update id=226641120 is handled. Duration 314 ms by bot id=8931940625
2026-08-05 17:50:03,365 [INFO] aiogram.event: Update id=226641121 is handled. Duration 341 ms by bot id=8931940625
2026-08-05 18:23:31,691 [INFO] aiogram.event: Update id=226641122 is handled. Duration 231 ms by bot id=8931940625
2026-08-05 18:23:39,768 [INFO] aiogram.event: Update id=226641123 is handled. Duration 403 ms by bot id=8931940625
2026-08-05 18:23:54,893 [INFO] aiogram.event: Update id=226641124 is handled. Duration 322 ms by bot id=8931940625
2026-08-05 18:26:25,714 [INFO] aiogram.event: Update id=226641125 is handled. Duration 306 ms by bot id=8931940625
2026-08-05 18:26:26,923 [INFO] aiogram.event: Update id=226641126 is handled. Duration 296 ms by bot id=8931940625
2026-08-05 18:46:38,616 [INFO] aiogram.event: Update id=226641127 is handled. Duration 203 ms by bot id=8931940625
2026-08-05 18:46:41,520 [INFO] aiogram.event: Update id=226641128 is handled. Duration 285 ms by bot id=8931940625
2026-08-05 18:49:10,079 [INFO] aiogram.event: Update id=226641129 is handled. Duration 219 ms by bot id=8931940625
2026-08-05 18:49:12,095 [INFO] aiogram.event: Update id=226641130 is handled. Duration 302 ms by bot id=8931940625
2026-08-05 18:49:15,182 [INFO] aiogram.event: Update id=226641131 is handled. Duration 491 ms by bot id=8931940625
2026-08-05 18:55:36,207 [INFO] aiogram.event: Update id=226641132 is handled. Duration 205 ms by bot id=8931940625
2026-08-05 19:31:01,426 [INFO] aiogram.event: Update id=226641133 is handled. Duration 229 ms by bot id=8931940625
2026-08-05 19:31:09,391 [INFO] aiogram.event: Update id=226641134 is handled. Duration 289 ms by bot id=8931940625
2026-08-05 19:31:13,345 [INFO] aiogram.event: Update id=226641135 is handled. Duration 477 ms by bot id=8931940625
2026-08-05 19:31:27,456 [INFO] aiogram.event: Update id=226641136 is handled. Duration 406 ms by bot id=8931940625
2026-08-05 19:31:29,821 [INFO] aiogram.event: Update id=226641137 is handled. Duration 337 ms by bot id=8931940625
2026-08-05 19:31:31,339 [INFO] aiogram.event: Update id=226641138 is handled. Duration 571 ms by bot id=8931940625
2026-08-05 19:31:34,507 [INFO] aiogram.event: Update id=226641139 is handled. Duration 312 ms by bot id=8931940625
2026-08-05 19:31:36,820 [INFO] aiogram.event: Update id=226641140 is handled. Duration 345 ms by bot id=8931940625
2026-08-05 19:31:39,662 [INFO] aiogram.event: Update id=226641141 is handled. Duration 303 ms by bot id=8931940625
2026-08-05 19:31:40,829 [INFO] aiogram.event: Update id=226641142 is handled. Duration 294 ms by bot id=8931940625
2026-08-05 19:31:48,031 [INFO] aiogram.event: Update id=226641143 is handled. Duration 286 ms by bot id=8931940625
2026-08-05 19:32:00,571 [INFO] aiogram.event: Update id=226641144 is handled. Duration 308 ms by bot id=8931940625
2026-08-05 19:32:02,018 [INFO] aiogram.event: Update id=226641145 is handled. Duration 311 ms by bot id=8931940625
2026-08-05 19:32:03,383 [INFO] aiogram.event: Update id=226641146 is handled. Duration 290 ms by bot id=8931940625
2026-08-05 19:32:05,643 [INFO] aiogram.event: Update id=226641147 is handled. Duration 280 ms by bot id=8931940625
2026-08-05 19:32:06,753 [INFO] aiogram.event: Update id=226641148 is handled. Duration 289 ms by bot id=8931940625
2026-08-05 19:32:07,686 [INFO] aiogram.event: Update id=226641149 is handled. Duration 283 ms by bot id=8931940625
2026-08-05 19:32:08,675 [INFO] aiogram.event: Update id=226641150 is handled. Duration 289 ms by bot id=8931940625
2026-08-05 19:32:09,601 [INFO] aiogram.event: Update id=226641151 is handled. Duration 285 ms by bot id=8931940625
2026-08-05 19:32:11,617 [INFO] aiogram.event: Update id=226641152 is handled. Duration 291 ms by bot id=8931940625
2026-08-05 19:32:12,473 [INFO] aiogram.event: Update id=226641153 is handled. Duration 275 ms by bot id=8931940625
2026-08-05 19:32:13,571 [INFO] aiogram.event: Update id=226641154 is handled. Duration 285 ms by bot id=8931940625
2026-08-05 19:32:14,391 [INFO] aiogram.event: Update id=226641155 is handled. Duration 296 ms by bot id=8931940625
2026-08-05 19:32:15,363 [INFO] aiogram.event: Update id=226641156 is handled. Duration 304 ms by bot id=8931940625
2026-08-05 19:32:17,473 [INFO] aiogram.event: Update id=226641157 is handled. Duration 138 ms by bot id=8931940625
2026-08-05 19:32:19,687 [INFO] aiogram.event: Update id=226641158 is handled. Duration 138 ms by bot id=8931940625
2026-08-05 19:32:20,893 [INFO] aiogram.event: Update id=226641159 is handled. Duration 132 ms by bot id=8931940625
2026-08-05 19:32:21,976 [INFO] aiogram.event: Update id=226641160 is handled. Duration 138 ms by bot id=8931940625
2026-08-05 19:32:23,591 [INFO] aiogram.event: Update id=226641161 is handled. Duration 347 ms by bot id=8931940625
2026-08-05 19:32:26,408 [INFO] aiogram.event: Update id=226641162 is handled. Duration 455 ms by bot id=8931940625
2026-08-05 19:34:25,017 [INFO] aiogram.event: Update id=226641163 is not handled. Duration 2 ms by bot id=8931940625
2026-08-05 19:54:31,769 [INFO] aiogram.event: Update id=226641165 is handled. Duration 7 ms by bot id=8931940625
2026-08-05 19:54:31,925 [INFO] aiogram.event: Update id=226641164 is handled. Duration 205 ms by bot id=8931940625
2026-08-05 20:11:30,780 [INFO] aiogram.event: Update id=226641166 is handled. Duration 316 ms by bot id=8931940625
2026-08-05 20:11:35,214 [INFO] aiogram.event: Update id=226641167 is handled. Duration 338 ms by bot id=8931940625
2026-08-05 20:11:39,668 [INFO] aiogram.event: Update id=226641168 is handled. Duration 334 ms by bot id=8931940625
2026-08-05 20:11:41,320 [WARNING] utils.screen: show_screen edit error: Telegram server says - Bad Request: message can't be deleted for everyone
2026-08-05 20:11:41,469 [INFO] aiogram.event: Update id=226641169 is handled. Duration 171 ms by bot id=8931940625
2026-08-05 20:11:51,187 [INFO] aiogram.event: Update id=226641170 is handled. Duration 458 ms by bot id=8931940625
2026-08-05 20:11:54,054 [INFO] aiogram.event: Update id=226641171 is handled. Duration 302 ms by bot id=8931940625
2026-08-05 20:11:55,418 [INFO] aiogram.event: Update id=226641172 is handled. Duration 322 ms by bot id=8931940625
2026-08-05 20:11:57,031 [INFO] aiogram.event: Update id=226641173 is handled. Duration 322 ms by bot id=8931940625
2026-08-05 20:11:59,579 [INFO] aiogram.event: Update id=226641174 is handled. Duration 282 ms by bot id=8931940625
2026-08-05 20:38:49,485 [INFO] aiogram.event: Update id=226641175 is handled. Duration 250 ms by bot id=8931940625
2026-08-05 20:38:52,436 [INFO] aiogram.event: Update id=226641176 is handled. Duration 333 ms by bot id=8931940625
2026-08-05 20:38:53,956 [INFO] aiogram.event: Update id=226641177 is handled. Duration 313 ms by bot id=8931940625
2026-08-05 20:38:55,115 [INFO] aiogram.event: Update id=226641178 is handled. Duration 309 ms by bot id=8931940625
2026-08-05 20:38:58,674 [INFO] aiogram.event: Update id=226641179 is handled. Duration 1094 ms by bot id=8931940625
2026-08-05 20:39:02,742 [INFO] aiogram.event: Update id=226641180 is handled. Duration 427 ms by bot id=8931940625
2026-08-05 20:41:18,572 [INFO] aiogram.event: Update id=226641181 is handled. Duration 201 ms by bot id=8931940625
2026-08-05 20:41:23,571 [INFO] aiogram.event: Update id=226641182 is handled. Duration 157 ms by bot id=8931940625
2026-08-05 20:41:26,759 [INFO] aiogram.event: Update id=226641183 is handled. Duration 496 ms by bot id=8931940625
2026-08-05 20:41:30,348 [INFO] aiogram.event: Update id=226641184 is handled. Duration 289 ms by bot id=8931940625
2026-08-05 20:41:38,587 [INFO] aiogram.event: Update id=226641185 is handled. Duration 182 ms by bot id=8931940625
2026-08-05 20:41:41,470 [INFO] aiogram.event: Update id=226641186 is handled. Duration 279 ms by bot id=8931940625
2026-08-05 20:41:44,976 [INFO] aiogram.event: Update id=226641187 is handled. Duration 189 ms by bot id=8931940625
2026-08-05 20:41:46,708 [INFO] aiogram.event: Update id=226641188 is handled. Duration 298 ms by bot id=8931940625
2026-08-05 20:41:48,603 [INFO] aiogram.event: Update id=226641189 is handled. Duration 468 ms by bot id=8931940625
2026-08-05 20:41:55,694 [INFO] aiogram.event: Update id=226641190 is handled. Duration 475 ms by bot id=8931940625
2026-08-05 20:42:01,426 [INFO] aiogram.event: Update id=226641191 is handled. Duration 522 ms by bot id=8931940625
2026-08-05 20:42:03,240 [INFO] aiogram.event: Update id=226641192 is handled. Duration 467 ms by bot id=8931940625
2026-08-05 20:53:51,441 [INFO] aiogram.event: Update id=226641193 is handled. Duration 212 ms by bot id=8931940625
2026-08-05 20:55:59,362 [INFO] aiogram.event: Update id=226641194 is handled. Duration 183 ms by bot id=8931940625
2026-08-05 20:56:06,360 [INFO] aiogram.event: Update id=226641195 is handled. Duration 324 ms by bot id=8931940625
2026-08-05 21:06:48,305 [INFO] aiogram.event: Update id=226641196 is not handled. Duration 4 ms by bot id=8931940625
2026-08-06 00:07:05,599 [INFO] aiogram.event: Update id=226641197 is handled. Duration 209 ms by bot id=8931940625
2026-08-06 00:07:11,474 [INFO] aiogram.event: Update id=226641198 is handled. Duration 312 ms by bot id=8931940625
2026-08-06 00:07:17,347 [INFO] aiogram.event: Update id=226641199 is handled. Duration 321 ms by bot id=8931940625
2026-08-06 00:07:19,687 [INFO] aiogram.event: Update id=226641200 is handled. Duration 311 ms by bot id=8931940625
2026-08-06 01:16:09,182 [ERROR] aiogram.dispatcher: Failed to fetch updates - TelegramServerError: Telegram server says - Bad Gateway
2026-08-06 01:16:09,182 [WARNING] aiogram.dispatcher: Sleep for 1.000000 seconds and try again... (tryings = 0, bot id = 8931940625)
2026-08-06 01:16:10,195 [ERROR] aiogram.dispatcher: Failed to fetch updates - TelegramServerError: Telegram server says - Bad Gateway
2026-08-06 01:16:10,195 [WARNING] aiogram.dispatcher: Sleep for 1.456587 seconds and try again... (tryings = 1, bot id = 8931940625)
2026-08-06 01:17:22,012 [ERROR] aiogram.dispatcher: Failed to fetch updates - TelegramNetworkError: HTTP Client says - Request timeout error
2026-08-06 01:17:22,012 [WARNING] aiogram.dispatcher: Sleep for 1.964134 seconds and try again... (tryings = 2, bot id = 8931940625)
2026-08-06 01:18:35,000 [ERROR] aiogram.dispatcher: Failed to fetch updates - TelegramNetworkError: HTTP Client says - Request timeout error
2026-08-06 01:18:35,000 [WARNING] aiogram.dispatcher: Sleep for 2.726019 seconds and try again... (tryings = 3, bot id = 8931940625)
2026-08-06 01:19:26,555 [INFO] aiogram.dispatcher: Connection established (tryings = 4, bot id = 8931940625)
2026-08-06 01:24:27,290 [INFO] aiogram.event: Update id=226641201 is handled. Duration 239 ms by bot id=8931940625
2026-08-06 03:24:59,169 [INFO] aiogram.event: Update id=226641202 is handled. Duration 473 ms by bot id=8931940625
2026-08-06 03:25:09,112 [INFO] aiogram.event: Update id=226641203 is handled. Duration 331 ms by bot id=8931940625
2026-08-06 03:25:15,226 [INFO] aiogram.event: Update id=226641204 is handled. Duration 306 ms by bot id=8931940625
2026-08-06 03:25:16,518 [INFO] aiogram.event: Update id=226641205 is handled. Duration 306 ms by bot id=8931940625
2026-08-06 03:25:19,308 [INFO] aiogram.event: Update id=226641206 is handled. Duration 292 ms by bot id=8931940625
2026-08-06 03:25:20,469 [INFO] aiogram.event: Update id=226641207 is handled. Duration 307 ms by bot id=8931940625
2026-08-06 03:25:21,543 [INFO] aiogram.event: Update id=226641208 is handled. Duration 289 ms by bot id=8931940625
2026-08-06 03:25:23,493 [INFO] aiogram.event: Update id=226641209 is handled. Duration 316 ms by bot id=8931940625
2026-08-06 03:25:28,246 [INFO] aiogram.event: Update id=226641210 is handled. Duration 284 ms by bot id=8931940625
2026-08-06 03:25:29,665 [INFO] aiogram.event: Update id=226641211 is handled. Duration 508 ms by bot id=8931940625
2026-08-06 03:28:25,437 [INFO] aiogram.event: Update id=226641212 is handled. Duration 323 ms by bot id=8931940625
2026-08-06 04:00:10,929 [INFO] aiogram.event: Update id=226641213 is handled. Duration 312 ms by bot id=8931940625
2026-08-06 04:00:12,725 [INFO] aiogram.event: Update id=226641214 is handled. Duration 322 ms by bot id=8931940625
2026-08-06 04:41:44,537 [INFO] aiogram.event: Update id=226641215 is handled. Duration 392 ms by bot id=8931940625
2026-08-06 04:41:50,061 [INFO] aiogram.event: Update id=226641216 is handled. Duration 287 ms by bot id=8931940625
2026-08-06 04:41:56,127 [INFO] aiogram.event: Update id=226641217 is handled. Duration 323 ms by bot id=8931940625
2026-08-06 04:41:59,957 [INFO] aiogram.event: Update id=226641218 is handled. Duration 283 ms by bot id=8931940625
2026-08-06 04:42:04,530 [INFO] aiogram.event: Update id=226641219 is handled. Duration 324 ms by bot id=8931940625
2026-08-06 04:42:11,797 [INFO] aiogram.event: Update id=226641220 is handled. Duration 401 ms by bot id=8931940625
2026-08-06 04:42:15,699 [INFO] aiogram.event: Update id=226641221 is handled. Duration 314 ms by bot id=8931940625
2026-08-06 04:48:25,090 [INFO] aiogram.event: Update id=226641222 is handled. Duration 181 ms by bot id=8931940625
2026-08-06 05:00:58,572 [INFO] aiogram.event: Update id=226641223 is handled. Duration 202 ms by bot id=8931940625
2026-08-06 05:01:08,481 [INFO] aiogram.event: Update id=226641224 is handled. Duration 307 ms by bot id=8931940625
2026-08-06 05:01:14,187 [INFO] aiogram.event: Update id=226641225 is handled. Duration 474 ms by bot id=8931940625
2026-08-06 05:02:56,372 [INFO] aiogram.event: Update id=226641226 is handled. Duration 420 ms by bot id=8931940625
2026-08-06 05:03:03,181 [INFO] aiogram.event: Update id=226641227 is handled. Duration 759 ms by bot id=8931940625
2026-08-06 05:03:50,440 [INFO] aiogram.event: Update id=226641228 is handled. Duration 464 ms by bot id=8931940625
2026-08-06 05:03:54,313 [INFO] aiogram.event: Update id=226641229 is handled. Duration 288 ms by bot id=8931940625
2026-08-06 05:03:56,609 [INFO] aiogram.event: Update id=226641230 is handled. Duration 522 ms by bot id=8931940625
2026-08-06 05:03:59,323 [INFO] aiogram.event: Update id=226641231 is handled. Duration 409 ms by bot id=8931940625
2026-08-06 05:04:04,674 [INFO] aiogram.event: Update id=226641232 is handled. Duration 512 ms by bot id=8931940625
2026-08-06 05:18:26,797 [INFO] aiogram.event: Update id=226641233 is handled. Duration 191 ms by bot id=8931940625
2026-08-06 05:19:11,841 [INFO] aiogram.event: Update id=226641234 is handled. Duration 316 ms by bot id=8931940625
2026-08-06 05:19:22,960 [INFO] aiogram.event: Update id=226641235 is handled. Duration 328 ms by bot id=8931940625
2026-08-06 05:19:28,246 [INFO] aiogram.event: Update id=226641236 is handled. Duration 302 ms by bot id=8931940625
2026-08-06 05:19:35,146 [INFO] aiogram.event: Update id=226641237 is handled. Duration 486 ms by bot id=8931940625
2026-08-06 05:20:07,584 [INFO] aiogram.event: Update id=226641238 is handled. Duration 427 ms by bot id=8931940625
2026-08-06 05:34:13,134 [INFO] aiogram.event: Update id=226641239 is not handled. Duration 4 ms by bot id=8931940625
2026-08-06 06:06:17,055 [INFO] aiogram.event: Update id=226641240 is not handled. Duration 2 ms by bot id=8931940625
2026-08-06 06:28:26,664 [INFO] aiogram.event: Update id=226641241 is handled. Duration 218 ms by bot id=8931940625
2026-08-06 06:28:31,897 [INFO] aiogram.event: Update id=226641242 is handled. Duration 311 ms by bot id=8931940625
2026-08-06 06:28:37,465 [INFO] aiogram.event: Update id=226641243 is handled. Duration 315 ms by bot id=8931940625
2026-08-06 06:34:27,662 [INFO] aiogram.event: Update id=226641244 is handled. Duration 459 ms by bot id=8931940625
2026-08-06 06:37:27,098 [INFO] aiogram.event: Update id=226641245 is not handled. Duration 5 ms by bot id=8931940625
2026-08-06 06:37:45,826 [INFO] aiogram.event: Update id=226641246 is handled. Duration 173 ms by bot id=8931940625
2026-08-06 06:37:50,726 [INFO] aiogram.event: Update id=226641247 is handled. Duration 290 ms by bot id=8931940625
2026-08-06 06:37:55,304 [INFO] aiogram.event: Update id=226641248 is handled. Duration 449 ms by bot id=8931940625
2026-08-06 06:38:50,386 [INFO] aiogram.event: Update id=226641249 is handled. Duration 403 ms by bot id=8931940625
2026-08-06 06:39:30,871 [INFO] aiogram.event: Update id=226641250 is handled. Duration 478 ms by bot id=8931940625
2026-08-06 06:46:29,115 [INFO] aiogram.event: Update id=226641251 is handled. Duration 477 ms by bot id=8931940625
2026-08-06 06:46:32,552 [INFO] aiogram.event: Update id=226641252 is handled. Duration 319 ms by bot id=8931940625
2026-08-06 06:47:12,270 [INFO] aiogram.event: Update id=226641253 is handled. Duration 318 ms by bot id=8931940625
2026-08-06 06:47:15,671 [INFO] aiogram.event: Update id=226641254 is handled. Duration 279 ms by bot id=8931940625
2026-08-06 06:47:22,523 [INFO] aiogram.event: Update id=226641255 is handled. Duration 454 ms by bot id=8931940625
2026-08-06 06:49:29,061 [INFO] aiogram.event: Update id=226641256 is handled. Duration 198 ms by bot id=8931940625
2026-08-06 06:49:31,551 [INFO] aiogram.event: Update id=226641257 is handled. Duration 281 ms by bot id=8931940625
2026-08-06 06:49:35,540 [INFO] aiogram.event: Update id=226641258 is handled. Duration 132 ms by bot id=8931940625
2026-08-06 06:49:36,754 [INFO] aiogram.event: Update id=226641259 is handled. Duration 142 ms by bot id=8931940625
2026-08-06 06:49:38,161 [INFO] aiogram.event: Update id=226641260 is handled. Duration 614 ms by bot id=8931940625
2026-08-06 06:49:42,124 [INFO] aiogram.event: Update id=226641261 is handled. Duration 405 ms by bot id=8931940625
2026-08-06 06:49:47,986 [INFO] aiogram.event: Update id=226641262 is handled. Duration 300 ms by bot id=8931940625
2026-08-06 06:49:50,082 [INFO] aiogram.event: Update id=226641263 is handled. Duration 433 ms by bot id=8931940625
2026-08-06 06:49:51,582 [INFO] aiogram.event: Update id=226641264 is handled. Duration 280 ms by bot id=8931940625
2026-08-06 06:49:57,567 [INFO] aiogram.event: Update id=226641265 is handled. Duration 479 ms by bot id=8931940625
2026-08-06 07:19:49,400 [INFO] aiogram.event: Update id=226641266 is handled. Duration 174 ms by bot id=8931940625
2026-08-06 07:36:52,884 [INFO] aiogram.event: Update id=226641267 is handled. Duration 332 ms by bot id=8931940625
2026-08-06 07:36:58,219 [INFO] aiogram.event: Update id=226641268 is handled. Duration 513 ms by bot id=8931940625
2026-08-06 07:37:02,671 [INFO] aiogram.event: Update id=226641269 is handled. Duration 423 ms by bot id=8931940625
2026-08-06 07:37:29,916 [INFO] aiogram.event: Update id=226641270 is handled. Duration 467 ms by bot id=8931940625
2026-08-06 07:44:21,758 [INFO] aiogram.event: Update id=226641271 is handled. Duration 179 ms by bot id=8931940625
2026-08-06 07:44:25,407 [INFO] aiogram.event: Update id=226641272 is handled. Duration 292 ms by bot id=8931940625
2026-08-06 07:44:47,278 [INFO] aiogram.event: Update id=226641273 is handled. Duration 488 ms by bot id=8931940625
2026-08-06 07:44:52,076 [INFO] aiogram.event: Update id=226641274 is handled. Duration 206 ms by bot id=8931940625
2026-08-06 07:49:21,655 [INFO] aiogram.event: Update id=226641275 is handled. Duration 216 ms by bot id=8931940625
2026-08-06 07:49:23,169 [INFO] aiogram.event: Update id=226641276 is handled. Duration 299 ms by bot id=8931940625
2026-08-06 07:50:29,599 [WARNING] utils.screen: show_screen edit error: Telegram server says - Bad Request: message can't be deleted for everyone
2026-08-06 07:50:29,736 [INFO] aiogram.event: Update id=226641277 is handled. Duration 163 ms by bot id=8931940625
2026-08-06 07:55:25,864 [INFO] aiogram.event: Update id=226641278 is handled. Duration 184 ms by bot id=8931940625
2026-08-06 07:55:41,696 [INFO] aiogram.event: Update id=226641279 is handled. Duration 315 ms by bot id=8931940625
2026-08-06 07:55:44,719 [INFO] aiogram.event: Update id=226641280 is handled. Duration 341 ms by bot id=8931940625
2026-08-06 08:01:40,192 [INFO] aiogram.event: Update id=226641281 is handled. Duration 524 ms by bot id=8931940625
2026-08-06 08:32:35,439 [INFO] aiogram.event: Update id=226641282 is not handled. Duration 2 ms by bot id=8931940625
2026-08-06 08:32:37,155 [INFO] aiogram.event: Update id=226641283 is not handled. Duration 2 ms by bot id=8931940625
2026-08-06 08:32:40,636 [INFO] aiogram.event: Update id=226641284 is not handled. Duration 2 ms by bot id=8931940625
2026-08-06 10:30:00,565 [INFO] aiogram.event: Update id=226641285 is handled. Duration 248 ms by bot id=8931940625
2026-08-06 10:30:12,606 [INFO] aiogram.event: Update id=226641286 is handled. Duration 325 ms by bot id=8931940625
2026-08-06 11:46:39,928 [INFO] aiogram.event: Update id=226641287 is handled. Duration 237 ms by bot id=8931940625
2026-08-06 14:26:04,167 [INFO] aiogram.event: Update id=226641288 is handled. Duration 207 ms by bot id=8931940625
2026-08-06 14:26:08,714 [INFO] aiogram.event: Update id=226641289 is handled. Duration 305 ms by bot id=8931940625
2026-08-06 14:26:11,258 [INFO] aiogram.event: Update id=226641290 is handled. Duration 322 ms by bot id=8931940625
2026-08-06 16:06:09,144 [INFO] aiogram.event: Update id=226641291 is handled. Duration 217 ms by bot id=8931940625
2026-08-06 16:06:14,216 [INFO] aiogram.event: Update id=226641292 is handled. Duration 342 ms by bot id=8931940625
2026-08-06 18:22:58,842 [INFO] aiogram.event: Update id=226641293 is handled. Duration 796 ms by bot id=8931940625
2026-08-06 18:23:00,381 [INFO] aiogram.event: Update id=226641294 is handled. Duration 292 ms by bot id=8931940625
2026-08-06 18:27:48,913 [INFO] aiogram.event: Update id=226641295 is handled. Duration 194 ms by bot id=8931940625
2026-08-06 18:27:52,234 [INFO] aiogram.event: Update id=226641296 is handled. Duration 298 ms by bot id=8931940625
2026-08-06 18:27:53,654 [INFO] aiogram.event: Update id=226641297 is handled. Duration 364 ms by bot id=8931940625
2026-08-06 18:27:55,025 [INFO] aiogram.event: Update id=226641298 is handled. Duration 280 ms by bot id=8931940625
2026-08-06 18:27:59,370 [INFO] aiogram.event: Update id=226641299 is handled. Duration 304 ms by bot id=8931940625
2026-08-06 18:28:00,327 [INFO] aiogram.event: Update id=226641300 is handled. Duration 294 ms by bot id=8931940625
2026-08-06 18:28:03,087 [INFO] aiogram.event: Update id=226641301 is handled. Duration 501 ms by bot id=8931940625
2026-08-06 18:28:08,592 [INFO] aiogram.event: Update id=226641302 is handled. Duration 410 ms by bot id=8931940625
2026-08-06 18:28:19,038 [INFO] aiogram.event: Update id=226641303 is handled. Duration 500 ms by bot id=8931940625
2026-08-06 18:43:37,228 [INFO] aiogram.event: Update id=226641304 is handled. Duration 489 ms by bot id=8931940625
2026-08-06 18:49:07,065 [INFO] aiogram.event: Update id=226641305 is handled. Duration 204 ms by bot id=8931940625
2026-08-06 18:49:09,851 [INFO] aiogram.event: Update id=226641306 is handled. Duration 285 ms by bot id=8931940625
2026-08-06 18:49:13,006 [INFO] aiogram.event: Update id=226641307 is handled. Duration 480 ms by bot id=8931940625
2026-08-06 18:50:02,665 [INFO] aiogram.event: Update id=226641308 is handled. Duration 413 ms by bot id=8931940625
2026-08-06 18:50:07,353 [INFO] aiogram.event: Update id=226641309 is handled. Duration 722 ms by bot id=8931940625
2026-08-06 18:50:24,856 [INFO] aiogram.event: Update id=226641310 is handled. Duration 476 ms by bot id=8931940625
2026-08-06 19:06:14,043 [INFO] aiogram.event: Update id=226641311 is handled. Duration 185 ms by bot id=8931940625
2026-08-06 19:08:30,365 [INFO] aiogram.event: Update id=226641312 is handled. Duration 380 ms by bot id=8931940625
2026-08-06 19:08:36,778 [INFO] aiogram.event: Update id=226641313 is handled. Duration 359 ms by bot id=8931940625
2026-08-06 19:08:38,266 [INFO] aiogram.event: Update id=226641314 is handled. Duration 285 ms by bot id=8931940625
2026-08-06 19:08:46,832 [INFO] aiogram.event: Update id=226641315 is handled. Duration 1292 ms by bot id=8931940625
2026-08-06 19:11:00,420 [INFO] aiogram.event: Update id=226641316 is handled. Duration 917 ms by bot id=8931940625
2026-08-06 19:11:09,250 [INFO] aiogram.event: Update id=226641317 is handled. Duration 494 ms by bot id=8931940625
2026-08-06 19:11:14,165 [INFO] aiogram.event: Update id=226641318 is handled. Duration 472 ms by bot id=8931940625
2026-08-06 19:53:56,249 [INFO] aiogram.event: Update id=226641319 is handled. Duration 225 ms by bot id=8931940625
2026-08-06 19:54:11,591 [INFO] aiogram.event: Update id=226641320 is handled. Duration 326 ms by bot id=8931940625
2026-08-07 01:11:33,172 [ERROR] aiogram.dispatcher: Failed to fetch updates - TelegramServerError: Telegram server says - Bad Gateway
2026-08-07 01:11:33,172 [WARNING] aiogram.dispatcher: Sleep for 1.000000 seconds and try again... (tryings = 0, bot id = 8931940625)
2026-08-07 01:11:34,185 [ERROR] aiogram.dispatcher: Failed to fetch updates - TelegramServerError: Telegram server says - Bad Gateway
2026-08-07 01:11:34,185 [WARNING] aiogram.dispatcher: Sleep for 1.248989 seconds and try again... (tryings = 1, bot id = 8931940625)
2026-08-07 01:12:46,025 [ERROR] aiogram.dispatcher: Failed to fetch updates - TelegramNetworkError: HTTP Client says - Request timeout error
2026-08-07 01:12:46,025 [WARNING] aiogram.dispatcher: Sleep for 1.704567 seconds and try again... (tryings = 2, bot id = 8931940625)
2026-08-07 01:13:57,996 [ERROR] aiogram.dispatcher: Failed to fetch updates - TelegramNetworkError: HTTP Client says - Request timeout error
2026-08-07 01:13:57,996 [WARNING] aiogram.dispatcher: Sleep for 2.162805 seconds and try again... (tryings = 3, bot id = 8931940625)
2026-08-07 01:15:10,996 [ERROR] aiogram.dispatcher: Failed to fetch updates - TelegramNetworkError: HTTP Client says - Request timeout error
2026-08-07 01:15:10,996 [WARNING] aiogram.dispatcher: Sleep for 2.804104 seconds and try again... (tryings = 4, bot id = 8931940625)
2026-08-07 01:15:31,132 [INFO] aiogram.dispatcher: Connection established (tryings = 5, bot id = 8931940625)
2026-08-07 03:35:02,054 [INFO] aiogram.event: Update id=226641321 is handled. Duration 350 ms by bot id=8931940625
2026-08-07 03:35:08,873 [INFO] aiogram.event: Update id=226641322 is handled. Duration 288 ms by bot id=8931940625
2026-08-07 03:35:12,028 [WARNING] utils.screen: show_screen edit error: Telegram server says - Bad Request: message can't be deleted for everyone
2026-08-07 03:35:12,178 [INFO] aiogram.event: Update id=226641323 is handled. Duration 174 ms by bot id=8931940625
2026-08-07 03:35:17,157 [INFO] aiogram.event: Update id=226641324 is handled. Duration 457 ms by bot id=8931940625
2026-08-07 03:37:08,537 [INFO] aiogram.event: Update id=226641325 is handled. Duration 422 ms by bot id=8931940625
2026-08-07 03:37:44,393 [INFO] aiogram.event: Update id=226641326 is handled. Duration 722 ms by bot id=8931940625
2026-08-07 04:26:32,462 [INFO] aiogram.event: Update id=226641327 is handled. Duration 266 ms by bot id=8931940625
2026-08-07 04:26:51,739 [INFO] aiogram.event: Update id=226641328 is handled. Duration 305 ms by bot id=8931940625
2026-08-07 04:27:44,771 [INFO] aiogram.event: Update id=226641329 is handled. Duration 289 ms by bot id=8931940625
2026-08-07 04:28:15,780 [INFO] aiogram.event: Update id=226641330 is handled. Duration 478 ms by bot id=8931940625
2026-08-07 04:28:20,643 [INFO] aiogram.event: Update id=226641331 is handled. Duration 438 ms by bot id=8931940625
2026-08-07 04:39:23,693 [INFO] aiogram.event: Update id=226641332 is handled. Duration 232 ms by bot id=8931940625
2026-08-07 04:39:28,582 [INFO] aiogram.event: Update id=226641333 is handled. Duration 287 ms by bot id=8931940625
2026-08-07 04:39:34,255 [INFO] aiogram.event: Update id=226641334 is handled. Duration 519 ms by bot id=8931940625
2026-08-07 04:39:38,094 [INFO] aiogram.event: Update id=226641335 is handled. Duration 444 ms by bot id=8931940625
2026-08-07 04:39:40,061 [INFO] aiogram.event: Update id=226641336 is handled. Duration 450 ms by bot id=8931940625
2026-08-07 05:15:04,003 [INFO] aiogram.event: Update id=226641337 is handled. Duration 202 ms by bot id=8931940625
2026-08-07 05:47:28,931 [INFO] aiogram.event: Update id=226641338 is handled. Duration 525 ms by bot id=8931940625
2026-08-07 07:04:19,840 [INFO] aiogram.event: Update id=226641339 is handled. Duration 245 ms by bot id=8931940625
2026-08-07 07:04:27,655 [INFO] aiogram.event: Update id=226641340 is handled. Duration 278 ms by bot id=8931940625
2026-08-07 07:04:36,675 [INFO] aiogram.event: Update id=226641341 is handled. Duration 489 ms by bot id=8931940625
2026-08-07 13:48:39,614 [INFO] __main__: Запуск бота ObunaHub...
2026-08-07 13:48:40,025 [INFO] __main__: Все роутеры зарегистрированы. Администраторы: [8563966849]
2026-08-07 13:48:40,695 [INFO] __main__: Бот запущен, ожидаю сообщения...
2026-08-07 13:48:40,695 [INFO] aiogram.dispatcher: Start polling
2026-08-07 13:48:40,787 [INFO] aiogram.dispatcher: Run polling for bot @Testbotforme1233213_bot id=8819968101 - 'Test eteee'
2026-08-07 13:48:41,346 [INFO] aiogram.event: Update id=361031960 is handled. Duration 463 ms by bot id=8819968101
2026-08-07 13:48:44,070 [WARNING] utils.subscription: Failed to check subscription for user 8563966849 in @obunahub: Telegram server says - Bad Request: member list is inaccessible
2026-08-07 13:48:44,515 [INFO] aiogram.event: Update id=361031961 is handled. Duration 688 ms by bot id=8819968101
2026-08-07 13:48:52,410 [WARNING] utils.subscription: Failed to check subscription for user 8563966849 in @obunahub: Telegram server says - Bad Request: member list is inaccessible
2026-08-07 13:48:52,864 [WARNING] utils.screen: show_screen edit error: Telegram server says - Bad Request: message is not modified: specified new message content and reply markup are exactly the same as a current content and reply markup of the message
2026-08-07 13:48:53,127 [INFO] aiogram.event: Update id=361031962 is handled. Duration 835 ms by bot id=8819968101
2026-08-07 13:48:55,805 [WARNING] utils.subscription: Failed to check subscription for user 8563966849 in @obunahub: Telegram server says - Bad Request: member list is inaccessible
2026-08-07 13:48:56,262 [WARNING] utils.screen: show_screen edit error: Telegram server says - Bad Request: message is not modified: specified new message content and reply markup are exactly the same as a current content and reply markup of the message
2026-08-07 13:48:56,512 [INFO] aiogram.event: Update id=361031963 is handled. Duration 841 ms by bot id=8819968101
2026-08-07 13:49:19,351 [INFO] aiogram.event: Update id=361031964 is handled. Duration 262 ms by bot id=8819968101
2026-08-07 13:49:21,374 [WARNING] utils.screen: show_screen edit error: Telegram server says - Bad Request: wrong file identifier/HTTP URL specified
2026-08-07 13:49:21,605 [ERROR] utils.screen: _send_new error: Telegram server says - Bad Request: wrong file identifier/HTTP URL specified
2026-08-07 13:49:21,839 [INFO] aiogram.event: Update id=361031965 is handled. Duration 1401 ms by bot id=8819968101
2026-08-07 13:49:27,129 [INFO] aiogram.event: Update id=361031966 is handled. Duration 260 ms by bot id=8819968101
2026-08-07 13:49:29,053 [INFO] aiogram.event: Update id=361031967 is handled. Duration 473 ms by bot id=8819968101
2026-08-07 13:49:33,585 [INFO] aiogram.event: Update id=361031968 is handled. Duration 477 ms by bot id=8819968101
2026-08-07 13:49:40,432 [INFO] aiogram.event: Update id=361031969 is handled. Duration 461 ms by bot id=8819968101
2026-08-07 13:49:42,464 [INFO] aiogram.event: Update id=361031970 is handled. Duration 453 ms by bot id=8819968101
2026-08-07 13:49:49,618 [WARNING] handlers.admin.main: show_admin_menu error: Telegram server says - Bad Request: there is no caption in the message to edit
2026-08-07 13:49:49,844 [INFO] aiogram.event: Update id=361031971 is handled. Duration 552 ms by bot id=8819968101
2026-08-07 13:49:54,265 [INFO] aiogram.event: Update id=361031972 is handled. Duration 474 ms by bot id=8819968101
2026-08-07 13:49:57,247 [INFO] aiogram.event: Update id=361031973 is handled. Duration 492 ms by bot id=8819968101
2026-08-07 13:49:58,496 [WARNING] handlers.admin.main: show_admin_menu error: Telegram server says - Bad Request: there is no caption in the message to edit
2026-08-07 13:49:58,716 [INFO] aiogram.event: Update id=361031974 is handled. Duration 549 ms by bot id=8819968101
2026-08-07 13:50:02,160 [INFO] aiogram.event: Update id=361031975 is handled. Duration 261 ms by bot id=8819968101
2026-08-07 13:50:04,184 [WARNING] utils.screen: show_screen edit error: Telegram server says - Bad Request: wrong file identifier/HTTP URL specified
2026-08-07 13:50:04,411 [ERROR] utils.screen: _send_new error: Telegram server says - Bad Request: wrong file identifier/HTTP URL specified
2026-08-07 13:50:04,652 [INFO] aiogram.event: Update id=361031976 is handled. Duration 1404 ms by bot id=8819968101
2026-08-07 13:50:06,289 [INFO] aiogram.event: Update id=361031977 is handled. Duration 241 ms by bot id=8819968101
2026-08-07 13:50:08,269 [WARNING] utils.screen: show_screen edit error: Telegram server says - Bad Request: wrong file identifier/HTTP URL specified
2026-08-07 13:50:08,497 [ERROR] utils.screen: _send_new error: Telegram server says - Bad Request: wrong file identifier/HTTP URL specified
2026-08-07 13:50:08,955 [INFO] aiogram.event: Update id=361031978 is handled. Duration 1193 ms by bot id=8819968101
2026-08-07 13:50:11,424 [INFO] aiogram.event: Update id=361031979 is handled. Duration 473 ms by bot id=8819968101
2026-08-07 13:50:23,693 [WARNING] handlers.user.purchase: Не удалось уведомить админа 5848104510: Telegram server says - Bad Request: chat not found
2026-08-07 13:50:23,694 [INFO] aiogram.event: Update id=361031980 is handled. Duration 1187 ms by bot id=8819968101
2026-08-07 13:50:25,300 [INFO] aiogram.event: Update id=361031981 is handled. Duration 767 ms by bot id=8819968101
2026-08-07 13:52:11,438 [INFO] aiogram.event: Update id=361031982 is handled. Duration 269 ms by bot id=8819968101
2026-08-07 13:52:13,472 [WARNING] utils.screen: show_screen edit error: Telegram server says - Bad Request: wrong file identifier/HTTP URL specified
2026-08-07 13:52:13,695 [ERROR] utils.screen: _send_new error: Telegram server says - Bad Request: wrong file identifier/HTTP URL specified
2026-08-07 13:52:13,937 [INFO] aiogram.event: Update id=361031983 is handled. Duration 1319 ms by bot id=8819968101
2026-08-07 13:52:20,251 [INFO] aiogram.event: Update id=361031984 is handled. Duration 455 ms by bot id=8819968101
2026-08-07 13:52:22,916 [INFO] aiogram.event: Update id=361031985 is handled. Duration 461 ms by bot id=8819968101
2026-08-07 13:53:11,314 [INFO] __main__: Запуск бота ObunaHub...
2026-08-07 13:53:11,698 [INFO] __main__: Все роутеры зарегистрированы. Администраторы: [8563966849]
2026-08-07 13:53:11,992 [INFO] __main__: Бот запущен, ожидаю сообщения...
2026-08-07 13:53:11,993 [INFO] aiogram.dispatcher: Start polling
2026-08-07 13:53:12,084 [INFO] aiogram.dispatcher: Run polling for bot @Testbotforme1233213_bot id=8819968101 - 'Test eteee'
2026-08-07 13:53:27,160 [INFO] aiogram.event: Update id=361031986 is handled. Duration 665 ms by bot id=8819968101
2026-08-07 13:53:29,225 [INFO] aiogram.event: Update id=361031987 is handled. Duration 440 ms by bot id=8819968101
2026-08-07 13:53:32,889 [INFO] aiogram.event: Update id=361031988 is handled. Duration 454 ms by bot id=8819968101
2026-08-07 13:53:35,797 [INFO] aiogram.event: Update id=361031989 is handled. Duration 442 ms by bot id=8819968101
2026-08-07 13:53:36,714 [WARNING] handlers.admin.main: show_admin_menu error: Telegram server says - Bad Request: there is no caption in the message to edit
2026-08-07 13:53:36,934 [INFO] aiogram.event: Update id=361031990 is handled. Duration 540 ms by bot id=8819968101
2026-08-07 13:53:39,376 [WARNING] handlers.admin.main: show_admin_menu error: Telegram server says - Bad Request: there is no caption in the message to edit
2026-08-07 13:53:39,589 [INFO] aiogram.event: Update id=361031991 is handled. Duration 525 ms by bot id=8819968101
2026-08-07 13:53:45,651 [INFO] aiogram.event: Update id=361031992 is handled. Duration 256 ms by bot id=8819968101
2026-08-07 13:53:48,156 [WARNING] utils.screen: show_screen edit error: Telegram server says - Bad Request: wrong file identifier/HTTP URL specified
2026-08-07 13:53:48,373 [ERROR] utils.screen: _send_new error: Telegram server says - Bad Request: wrong file identifier/HTTP URL specified
2026-08-07 13:53:48,606 [INFO] aiogram.event: Update id=361031993 is handled. Duration 1483 ms by bot id=8819968101
2026-08-07 13:53:50,404 [INFO] aiogram.event: Update id=361031994 is handled. Duration 254 ms by bot id=8819968101
2026-08-07 13:53:52,354 [WARNING] utils.screen: show_screen edit error: Telegram server says - Bad Request: wrong file identifier/HTTP URL specified
2026-08-07 13:53:52,573 [ERROR] utils.screen: _send_new error: Telegram server says - Bad Request: wrong file identifier/HTTP URL specified
2026-08-07 13:53:53,012 [INFO] aiogram.event: Update id=361031995 is handled. Duration 1136 ms by bot id=8819968101
2026-08-07 13:53:54,602 [INFO] aiogram.event: Update id=361031996 is handled. Duration 461 ms by bot id=8819968101
2026-08-07 13:54:34,027 [INFO] __main__: Запуск бота ObunaHub...
2026-08-07 13:54:34,318 [INFO] __main__: Все роутеры зарегистрированы. Администраторы: [8563966849]
2026-08-07 13:54:34,605 [INFO] __main__: Бот запущен, ожидаю сообщения...
2026-08-07 13:54:34,605 [INFO] aiogram.dispatcher: Start polling
2026-08-07 13:54:34,698 [INFO] aiogram.dispatcher: Run polling for bot @Testbotforme1233213_bot id=8819968101 - 'Test eteee'
2026-08-07 13:54:36,738 [INFO] aiogram.event: Update id=361031998 is handled. Duration 481 ms by bot id=8819968101
2026-08-07 13:54:38,543 [WARNING] utils.screen: show_screen edit error: Telegram server says - Bad Request: wrong file identifier/HTTP URL specified
2026-08-07 13:54:38,761 [ERROR] utils.screen: _send_new error: Telegram server says - Bad Request: wrong file identifier/HTTP URL specified
2026-08-07 13:54:38,990 [INFO] aiogram.event: Update id=361031999 is handled. Duration 1206 ms by bot id=8819968101
2026-08-07 13:54:40,365 [INFO] aiogram.event: Update id=361032000 is handled. Duration 255 ms by bot id=8819968101
2026-08-07 13:54:42,332 [WARNING] utils.screen: show_screen edit error: Telegram server says - Bad Request: wrong file identifier/HTTP URL specified
2026-08-07 13:54:42,622 [ERROR] utils.screen: _send_new error: Telegram server says - Bad Request: wrong file identifier/HTTP URL specified
2026-08-07 13:54:43,066 [INFO] aiogram.event: Update id=361032001 is handled. Duration 1210 ms by bot id=8819968101
2026-08-07 13:54:46,756 [INFO] aiogram.event: Update id=361032002 is handled. Duration 470 ms by bot id=8819968101
2026-08-07 13:54:52,600 [WARNING] handlers.user.purchase: Не удалось уведомить админа 5848104510: Telegram server says - Bad Request: chat not found
2026-08-07 13:54:52,601 [INFO] aiogram.event: Update id=361032003 is handled. Duration 1002 ms by bot id=8819968101
2026-08-07 13:54:54,980 [INFO] aiogram.event: Update id=361032004 is handled. Duration 752 ms by bot id=8819968101
2026-08-07 14:06:03,178 [INFO] __main__: Запуск бота ObunaHub...
2026-08-07 14:06:03,494 [INFO] __main__: Все роутеры зарегистрированы. Администраторы: [8563966849]
2026-08-07 14:06:03,828 [INFO] __main__: Бот запущен, ожидаю сообщения...
2026-08-07 14:06:03,828 [INFO] aiogram.dispatcher: Start polling
2026-08-07 14:06:03,934 [INFO] aiogram.dispatcher: Run polling for bot @Testbotforme1233213_bot id=8819968101 - 'Test eteee'
2026-08-07 14:06:05,161 [INFO] aiogram.event: Update id=361032006 is handled. Duration 548 ms by bot id=8819968101
2026-08-07 14:06:07,849 [WARNING] utils.screen: show_screen edit error: Telegram server says - Bad Request: wrong file identifier/HTTP URL specified
2026-08-07 14:06:08,082 [ERROR] utils.screen: _send_new error: Telegram server says - Bad Request: wrong file identifier/HTTP URL specified
2026-08-07 14:06:08,322 [INFO] aiogram.event: Update id=361032007 is handled. Duration 1298 ms by bot id=8819968101
2026-08-07 14:06:10,041 [INFO] aiogram.event: Update id=361032008 is handled. Duration 269 ms by bot id=8819968101
2026-08-07 14:06:11,406 [ERROR] handlers.user.purchase: cb_buy error: name 'extract_card_number' is not defined
Traceback (most recent call last):
  File "C:\Users\riskyyy\Desktop\Bot67\handlers\user\purchase.py", line 57, in cb_buy
    card_number = extract_card_number(payment_details)
                  ^^^^^^^^^^^^^^^^^^^
NameError: name 'extract_card_number' is not defined
2026-08-07 14:06:11,705 [INFO] aiogram.event: Update id=361032009 is handled. Duration 317 ms by bot id=8819968101
2026-08-07 14:06:15,888 [INFO] aiogram.event: Update id=361032010 is handled. Duration 469 ms by bot id=8819968101
2026-08-07 14:06:17,323 [INFO] aiogram.event: Update id=361032011 is handled. Duration 493 ms by bot id=8819968101
2026-08-07 14:06:17,830 [ERROR] handlers.user.purchase: cb_buy error: name 'extract_card_number' is not defined
Traceback (most recent call last):
  File "C:\Users\riskyyy\Desktop\Bot67\handlers\user\purchase.py", line 57, in cb_buy
    card_number = extract_card_number(payment_details)
                  ^^^^^^^^^^^^^^^^^^^
NameError: name 'extract_card_number' is not defined
2026-08-07 14:06:18,050 [INFO] aiogram.event: Update id=361032012 is handled. Duration 238 ms by bot id=8819968101
2026-08-07 14:06:19,539 [ERROR] handlers.user.purchase: cb_buy error: name 'extract_card_number' is not defined
Traceback (most recent call last):
  File "C:\Users\riskyyy\Desktop\Bot67\handlers\user\purchase.py", line 57, in cb_buy
    card_number = extract_card_number(payment_details)
                  ^^^^^^^^^^^^^^^^^^^
NameError: name 'extract_card_number' is not defined
2026-08-07 14:06:19,767 [INFO] aiogram.event: Update id=361032013 is handled. Duration 247 ms by bot id=8819968101
2026-08-07 14:06:20,508 [ERROR] handlers.user.purchase: cb_buy error: name 'extract_card_number' is not defined
Traceback (most recent call last):
  File "C:\Users\riskyyy\Desktop\Bot67\handlers\user\purchase.py", line 57, in cb_buy
    card_number = extract_card_number(payment_details)
                  ^^^^^^^^^^^^^^^^^^^
NameError: name 'extract_card_number' is not defined
2026-08-07 14:06:20,732 [INFO] aiogram.event: Update id=361032014 is handled. Duration 241 ms by bot id=8819968101
2026-08-07 14:06:37,254 [ERROR] handlers.user.purchase: cb_buy error: name 'extract_card_number' is not defined
Traceback (most recent call last):
  File "C:\Users\riskyyy\Desktop\Bot67\handlers\user\purchase.py", line 57, in cb_buy
    card_number = extract_card_number(payment_details)
                  ^^^^^^^^^^^^^^^^^^^
NameError: name 'extract_card_number' is not defined
2026-08-07 14:06:37,472 [INFO] aiogram.event: Update id=361032015 is handled. Duration 238 ms by bot id=8819968101
2026-08-07 14:06:38,652 [INFO] aiogram.event: Update id=361032016 is handled. Duration 489 ms by bot id=8819968101
2026-08-07 14:06:39,060 [ERROR] handlers.user.purchase: cb_buy error: name 'extract_card_number' is not defined
Traceback (most recent call last):
  File "C:\Users\riskyyy\Desktop\Bot67\handlers\user\purchase.py", line 57, in cb_buy
    card_number = extract_card_number(payment_details)
                  ^^^^^^^^^^^^^^^^^^^
NameError: name 'extract_card_number' is not defined
2026-08-07 14:06:39,281 [INFO] aiogram.event: Update id=361032017 is handled. Duration 241 ms by bot id=8819968101
2026-08-07 14:06:40,480 [INFO] aiogram.event: Update id=361032018 is handled. Duration 499 ms by bot id=8819968101
2026-08-07 14:06:41,146 [ERROR] handlers.user.purchase: cb_buy error: name 'extract_card_number' is not defined
Traceback (most recent call last):
  File "C:\Users\riskyyy\Desktop\Bot67\handlers\user\purchase.py", line 57, in cb_buy
    card_number = extract_card_number(payment_details)
                  ^^^^^^^^^^^^^^^^^^^
NameError: name 'extract_card_number' is not defined
2026-08-07 14:06:41,366 [INFO] aiogram.event: Update id=361032019 is handled. Duration 240 ms by bot id=8819968101
2026-08-07 14:06:43,186 [INFO] aiogram.event: Update id=361032020 is handled. Duration 257 ms by bot id=8819968101
2026-08-07 14:06:45,106 [WARNING] utils.screen: show_screen edit error: Telegram server says - Bad Request: wrong file identifier/HTTP URL specified
2026-08-07 14:06:45,329 [ERROR] utils.screen: _send_new error: Telegram server says - Bad Request: wrong file identifier/HTTP URL specified
2026-08-07 14:06:45,567 [INFO] aiogram.event: Update id=361032021 is handled. Duration 1237 ms by bot id=8819968101
2026-08-07 14:06:47,900 [WARNING] utils.screen: show_screen edit error: Telegram server says - Bad Request: wrong file identifier/HTTP URL specified
2026-08-07 14:06:48,130 [ERROR] utils.screen: _send_new error: Telegram server says - Bad Request: wrong file identifier/HTTP URL specified
2026-08-07 14:06:48,590 [INFO] aiogram.event: Update id=361032022 is handled. Duration 1180 ms by bot id=8819968101
2026-08-07 14:06:51,988 [WARNING] utils.screen: show_screen edit error: Telegram server says - Bad Request: wrong file identifier/HTTP URL specified
2026-08-07 14:06:52,209 [ERROR] utils.screen: _send_new error: Telegram server says - Bad Request: wrong file identifier/HTTP URL specified
2026-08-07 14:06:52,666 [INFO] aiogram.event: Update id=361032023 is handled. Duration 1151 ms by bot id=8819968101
2026-08-07 14:06:53,706 [INFO] aiogram.event: Update id=361032024 is handled. Duration 254 ms by bot id=8819968101
2026-08-07 14:06:54,955 [ERROR] handlers.user.purchase: cb_buy error: name 'extract_card_number' is not defined
Traceback (most recent call last):
  File "C:\Users\riskyyy\Desktop\Bot67\handlers\user\purchase.py", line 57, in cb_buy
    card_number = extract_card_number(payment_details)
                  ^^^^^^^^^^^^^^^^^^^
NameError: name 'extract_card_number' is not defined
2026-08-07 14:06:55,222 [INFO] aiogram.event: Update id=361032025 is handled. Duration 288 ms by bot id=8819968101
2026-08-07 14:07:13,895 [INFO] __main__: Запуск бота ObunaHub...
2026-08-07 14:07:14,205 [INFO] __main__: Все роутеры зарегистрированы. Администраторы: [8563966849]
2026-08-07 14:07:14,589 [INFO] __main__: Бот запущен, ожидаю сообщения...
2026-08-07 14:07:14,589 [INFO] aiogram.dispatcher: Start polling
2026-08-07 14:07:14,688 [INFO] aiogram.dispatcher: Run polling for bot @Testbotforme1233213_bot id=8819968101 - 'Test eteee'
2026-08-07 14:07:16,370 [INFO] aiogram.event: Update id=361032027 is handled. Duration 467 ms by bot id=8819968101
2026-08-07 14:07:18,188 [WARNING] utils.screen: show_screen edit error: Telegram server says - Bad Request: wrong file identifier/HTTP URL specified
2026-08-07 14:07:18,421 [ERROR] utils.screen: _send_new error: Telegram server says - Bad Request: wrong file identifier/HTTP URL specified
2026-08-07 14:07:18,673 [INFO] aiogram.event: Update id=361032028 is handled. Duration 1296 ms by bot id=8819968101
2026-08-07 14:07:20,078 [INFO] aiogram.event: Update id=361032029 is handled. Duration 265 ms by bot id=8819968101
2026-08-07 14:07:21,746 [WARNING] utils.screen: show_screen edit error: Telegram server says - Bad Request: wrong file identifier/HTTP URL specified
2026-08-07 14:07:21,989 [ERROR] utils.screen: _send_new error: Telegram server says - Bad Request: wrong file identifier/HTTP URL specified
2026-08-07 14:07:22,477 [INFO] aiogram.event: Update id=361032030 is handled. Duration 1233 ms by bot id=8819968101
2026-08-07 14:07:31,544 [INFO] aiogram.event: Update id=361032031 is handled. Duration 461 ms by bot id=8819968101
2026-08-07 14:07:38,604 [WARNING] handlers.user.purchase: Не удалось уведомить админа 5848104510: Telegram server says - Bad Request: chat not found
2026-08-07 14:07:38,607 [INFO] aiogram.event: Update id=361032032 is handled. Duration 1012 ms by bot id=8819968101
2026-08-07 14:07:39,782 [INFO] aiogram.event: Update id=361032033 is handled. Duration 724 ms by bot id=8819968101
2026-08-07 14:07:59,481 [INFO] aiogram.event: Update id=361032034 is handled. Duration 459 ms by bot id=8819968101
2026-08-07 14:08:02,244 [INFO] aiogram.event: Update id=361032035 is handled. Duration 477 ms by bot id=8819968101
2026-08-07 14:08:14,035 [WARNING] handlers.admin.main: show_admin_menu error: Telegram server says - Bad Request: there is no caption in the message to edit
2026-08-07 14:08:14,260 [INFO] aiogram.event: Update id=361032036 is handled. Duration 557 ms by bot id=8819968101
2026-08-07 14:08:52,986 [WARNING] handlers.admin.main: show_admin_menu error: Telegram server says - Bad Request: there is no caption in the message to edit
2026-08-07 14:08:53,212 [INFO] aiogram.event: Update id=361032037 is handled. Duration 571 ms by bot id=8819968101
2026-08-07 14:09:53,089 [INFO] __main__: Запуск бота ObunaHub...
2026-08-07 14:09:53,450 [INFO] __main__: Все роутеры зарегистрированы. Администраторы: [8563966849]
2026-08-07 14:09:53,785 [INFO] __main__: Бот запущен, ожидаю сообщения...
2026-08-07 14:09:53,785 [INFO] aiogram.dispatcher: Start polling
2026-08-07 14:09:53,894 [INFO] aiogram.dispatcher: Run polling for bot @Testbotforme1233213_bot id=8819968101 - 'Test eteee'
2026-08-07 14:09:58,177 [INFO] aiogram.event: Update id=361032038 is handled. Duration 675 ms by bot id=8819968101
2026-08-07 14:10:01,230 [INFO] aiogram.event: Update id=361032039 is handled. Duration 488 ms by bot id=8819968101
2026-08-07 14:10:09,829 [INFO] aiogram.event: Update id=361032040 is handled. Duration 488 ms by bot id=8819968101
2026-08-07 14:10:13,285 [INFO] aiogram.event: Update id=361032041 is handled. Duration 470 ms by bot id=8819968101
2026-08-07 14:10:14,545 [WARNING] handlers.admin.main: show_admin_menu error: Telegram server says - Bad Request: there is no caption in the message to edit
2026-08-07 14:10:14,756 [INFO] aiogram.event: Update id=361032042 is handled. Duration 528 ms by bot id=8819968101
2026-08-07 14:10:16,963 [WARNING] handlers.admin.main: show_admin_menu error: Telegram server says - Bad Request: there is no caption in the message to edit
2026-08-07 14:10:17,188 [INFO] aiogram.event: Update id=361032043 is handled. Duration 568 ms by bot id=8819968101
2026-08-07 14:10:19,719 [WARNING] handlers.admin.main: show_admin_menu error: Telegram server says - Bad Request: there is no caption in the message to edit
2026-08-07 14:10:19,932 [INFO] aiogram.event: Update id=361032044 is handled. Duration 534 ms by bot id=8819968101
2026-08-07 14:10:23,213 [INFO] aiogram.event: Update id=361032045 is handled. Duration 483 ms by bot id=8819968101
2026-08-07 14:10:40,337 [INFO] aiogram.event: Update id=361032046 is not handled. Duration 14 ms by bot id=8819968101
2026-08-07 14:13:25,003 [INFO] __main__: Запуск бота ObunaHub...
2026-08-07 14:13:25,234 [INFO] __main__: Все роутеры зарегистрированы. Администраторы: [8563966849]
2026-08-07 14:13:25,530 [INFO] __main__: Бот запущен, ожидаю сообщения...
2026-08-07 14:13:25,531 [INFO] aiogram.dispatcher: Start polling
2026-08-07 14:13:25,623 [INFO] aiogram.dispatcher: Run polling for bot @Testbotforme1233213_bot id=8819968101 - 'Test eteee'
2026-08-07 14:13:33,270 [INFO] aiogram.event: Update id=361032047 is handled. Duration 692 ms by bot id=8819968101
2026-08-07 14:13:40,246 [INFO] aiogram.event: Update id=361032048 is handled. Duration 470 ms by bot id=8819968101
2026-08-07 14:13:43,426 [WARNING] handlers.admin.main: show_admin_menu error: Telegram server says - Bad Request: there is no caption in the message to edit
2026-08-07 14:13:43,645 [INFO] aiogram.event: Update id=361032049 is handled. Duration 553 ms by bot id=8819968101
2026-08-07 14:14:26,902 [INFO] aiogram.event: Update id=361032050 is handled. Duration 266 ms by bot id=8819968101
2026-08-07 14:14:28,784 [WARNING] utils.screen: show_screen edit error: Telegram server says - Bad Request: wrong file identifier/HTTP URL specified
2026-08-07 14:14:29,010 [ERROR] utils.screen: _send_new error: Telegram server says - Bad Request: wrong file identifier/HTTP URL specified
2026-08-07 14:14:29,238 [INFO] aiogram.event: Update id=361032051 is handled. Duration 1363 ms by bot id=8819968101
2026-08-07 14:14:30,748 [INFO] aiogram.event: Update id=361032052 is handled. Duration 360 ms by bot id=8819968101
2026-08-07 14:14:32,415 [WARNING] utils.screen: show_screen edit error: Telegram server says - Bad Request: wrong file identifier/HTTP URL specified
2026-08-07 14:14:32,638 [ERROR] utils.screen: _send_new error: Telegram server says - Bad Request: wrong file identifier/HTTP URL specified
2026-08-07 14:14:33,093 [INFO] aiogram.event: Update id=361032053 is handled. Duration 1307 ms by bot id=8819968101
2026-08-07 14:14:34,834 [INFO] aiogram.event: Update id=361032054 is handled. Duration 549 ms by bot id=8819968101
2026-08-07 14:14:52,282 [INFO] aiogram.event: Update id=361032055 is handled. Duration 855 ms by bot id=8819968101
2026-08-07 14:14:54,470 [INFO] aiogram.event: Update id=361032056 is handled. Duration 851 ms by bot id=8819968101
